DateTime,Hour,Weekday,Month,CO(GT),PT08.S1(CO),C6H6(GT),NOx(GT),NO2(GT),PT08.S5(O3),T,RH,AH
2004-03-10 18:00:00,18,Wednesday,2004-03,2.6,1360.0,11.9,166.0,113.0,1268.0,13.6,48.9,0.7578
2004-03-10 19:00:00,19,Wednesday,2004-03,2.0,1292.0,9.4,103.0,92.0,972.0,13.3,47.7,0.7255
2004-03-10 20:00:00,20,Wednesday,2004-03,2.2,1402.0,9.0,131.0,114.0,1074.0,11.9,54.0,0.7502
2004-03-10 21:00:00,21,Wednesday,2004-03,2.2,1376.0,9.2,172.0,122.0,1203.0,11.0,60.0,0.7867
2004-03-10 22:00:00,22,Wednesday,2004-03,1.6,1272.0,6.5,131.0,116.0,1110.0,11.2,59.6,0.7888
2004-03-10 23:00:00,23,Wednesday,2004-03,1.2,1197.0,4.7,89.0,96.0,949.0,11.2,59.2,0.7848
2004-03-11 00:00:00,0,Thursday,2004-03,1.2,1185.0,3.6,62.0,77.0,733.0,11.3,56.8,0.7603
2004-03-11 01:00:00,1,Thursday,2004-03,1.0,1136.0,3.3,62.0,76.0,730.0,10.7,60.0,0.7702
2004-03-11 02:00:00,2,Thursday,2004-03,0.9,1094.0,2.3,45.0,60.0,620.0,10.7,59.7,0.7648
2004-03-11 03:00:00,3,Thursday,2004-03,0.6,1010.0,1.7,,,501.0,10.3,60.2,0.7517
2004-03-11 04:00:00,4,Thursday,2004-03,,1011.0,1.3,21.0,34.0,445.0,10.1,60.5,0.7465
2004-03-11 05:00:00,5,Thursday,2004-03,0.7,1066.0,1.1,16.0,28.0,422.0,11.0,56.2,0.7366
2004-03-11 06:00:00,6,Thursday,2004-03,0.7,1052.0,1.6,34.0,48.0,472.0,10.5,58.1,0.7353
2004-03-11 07:00:00,7,Thursday,2004-03,1.1,1144.0,3.2,98.0,82.0,730.0,10.2,59.6,0.7417
2004-03-11 08:00:00,8,Thursday,2004-03,2.0,1333.0,8.0,174.0,112.0,1102.0,10.8,57.4,0.7408
2004-03-11 09:00:00,9,Thursday,2004-03,2.2,1351.0,9.5,129.0,101.0,1028.0,10.5,60.6,0.7691
2004-03-11 10:00:00,10,Thursday,2004-03,1.7,1233.0,6.3,112.0,98.0,860.0,10.8,58.4,0.7552
2004-03-11 11:00:00,11,Thursday,2004-03,1.5,1179.0,5.0,95.0,92.0,671.0,10.5,57.9,0.7352
2004-03-11 12:00:00,12,Thursday,2004-03,1.6,1236.0,5.2,104.0,95.0,664.0,9.5,66.8,0.7951
2004-03-11 13:00:00,13,Thursday,2004-03,1.9,1286.0,7.3,146.0,112.0,799.0,8.3,76.4,0.8393
2004-03-11 14:00:00,14,Thursday,2004-03,2.9,1371.0,11.5,207.0,128.0,1037.0,8.0,81.1,0.8736
2004-03-11 15:00:00,15,Thursday,2004-03,2.2,1310.0,8.8,184.0,126.0,946.0,8.3,79.8,0.8778
2004-03-11 16:00:00,16,Thursday,2004-03,2.2,1292.0,8.3,193.0,131.0,957.0,9.7,71.2,0.8569
2004-03-11 17:00:00,17,Thursday,2004-03,2.9,1383.0,11.2,243.0,135.0,1104.0,9.8,67.6,0.8185
2004-03-11 18:00:00,18,Thursday,2004-03,4.8,1581.0,20.8,281.0,151.0,1409.0,10.3,64.2,0.8065
2004-03-11 19:00:00,19,Thursday,2004-03,6.9,1776.0,27.4,383.0,172.0,1704.0,9.7,69.3,0.8319
2004-03-11 20:00:00,20,Thursday,2004-03,6.1,1640.0,24.0,351.0,165.0,1654.0,9.6,67.8,0.8133
2004-03-11 21:00:00,21,Thursday,2004-03,3.9,1313.0,12.8,240.0,136.0,1285.0,9.1,64.0,0.7419
2004-03-11 22:00:00,22,Thursday,2004-03,1.5,965.0,4.7,94.0,85.0,821.0,8.2,63.4,0.6905
2004-03-11 23:00:00,23,Thursday,2004-03,1.0,913.0,2.6,47.0,53.0,552.0,8.2,60.8,0.6657
2004-03-12 00:00:00,0,Friday,2004-03,1.7,1080.0,5.9,122.0,97.0,816.0,8.3,58.5,0.6438
2004-03-12 01:00:00,1,Friday,2004-03,1.9,1044.0,6.4,133.0,110.0,832.0,7.7,59.7,0.6308
2004-03-12 02:00:00,2,Friday,2004-03,1.4,988.0,4.1,82.0,91.0,692.0,7.1,61.8,0.6276
2004-03-12 03:00:00,3,Friday,2004-03,0.8,889.0,1.9,,,512.0,7.0,62.3,0.6261
2004-03-12 04:00:00,4,Friday,2004-03,,831.0,1.1,21.0,32.0,384.0,6.1,65.9,0.6248
2004-03-12 05:00:00,5,Friday,2004-03,0.6,847.0,1.0,30.0,44.0,394.0,6.3,65.0,0.6233
2004-03-12 06:00:00,6,Friday,2004-03,0.8,927.0,1.8,56.0,71.0,487.0,6.8,62.9,0.6234
2004-03-12 07:00:00,7,Friday,2004-03,1.4,1091.0,4.4,109.0,104.0,748.0,6.4,65.1,0.6316
2004-03-12 08:00:00,8,Friday,2004-03,4.4,1587.0,17.9,307.0,141.0,1400.0,7.3,63.1,0.6499
2004-03-12 09:00:00,9,Friday,2004-03,,1545.0,22.1,,,1588.0,9.2,56.2,0.6561
2004-03-12 10:00:00,10,Friday,2004-03,3.1,1350.0,14.0,187.0,122.0,1237.0,13.2,41.7,0.632
2004-03-12 11:00:00,11,Friday,2004-03,2.7,1263.0,11.6,216.0,143.0,1167.0,14.3,38.4,0.6243
2004-03-12 12:00:00,12,Friday,2004-03,2.1,1206.0,10.2,143.0,113.0,959.0,15.0,36.5,0.6195
2004-03-12 13:00:00,13,Friday,2004-03,2.5,1252.0,11.0,160.0,116.0,983.0,16.1,34.5,0.6262
2004-03-12 14:00:00,14,Friday,2004-03,2.7,1287.0,12.8,163.0,123.0,1061.0,16.3,35.7,0.656
2004-03-12 15:00:00,15,Friday,2004-03,2.9,1353.0,14.2,190.0,126.0,1139.0,15.8,37.0,0.661
2004-03-12 16:00:00,16,Friday,2004-03,2.8,1309.0,12.7,178.0,120.0,1112.0,15.9,37.2,0.6657
2004-03-12 17:00:00,17,Friday,2004-03,2.4,1274.0,11.7,150.0,119.0,994.0,16.9,34.3,0.6549
2004-03-12 18:00:00,18,Friday,2004-03,3.9,1510.0,19.3,206.0,149.0,1410.0,15.1,39.6,0.6766
2004-03-12 19:00:00,19,Friday,2004-03,3.7,1525.0,18.2,202.0,145.0,1448.0,14.4,43.4,0.7084
2004-03-12 20:00:00,20,Friday,2004-03,6.6,1843.0,32.6,340.0,170.0,1887.0,12.9,50.5,0.7478
2004-03-12 21:00:00,21,Friday,2004-03,4.4,1598.0,20.1,274.0,149.0,1627.0,12.1,53.3,0.7536
2004-03-12 22:00:00,22,Friday,2004-03,3.5,1484.0,14.3,253.0,139.0,1491.0,11.0,59.1,0.774
2004-03-12 23:00:00,23,Friday,2004-03,5.4,1677.0,21.8,300.0,134.0,1657.0,9.7,64.6,0.7771
2004-03-13 00:00:00,0,Saturday,2004-03,2.7,1280.0,9.6,193.0,113.0,1285.0,9.5,64.1,0.7597
2004-03-13 01:00:00,1,Saturday,2004-03,1.9,1196.0,7.4,139.0,97.0,1144.0,9.1,63.9,0.7423
2004-03-13 02:00:00,2,Saturday,2004-03,1.6,1184.0,5.4,83.0,82.0,1043.0,8.8,63.9,0.7256
2004-03-13 03:00:00,3,Saturday,2004-03,1.7,1172.0,5.4,,,996.0,7.8,67.5,0.7173
2004-03-13 04:00:00,4,Saturday,2004-03,,1147.0,6.2,109.0,83.0,992.0,7.0,71.1,0.7158
2004-03-13 05:00:00,5,Saturday,2004-03,1.0,978.0,2.6,62.0,65.0,819.0,8.3,63.6,0.6982
2004-03-13 06:00:00,6,Saturday,2004-03,1.2,1100.0,2.9,53.0,60.0,835.0,7.2,67.5,0.6887
2004-03-13 07:00:00,7,Saturday,2004-03,1.5,1112.0,5.1,139.0,77.0,940.0,6.3,71.9,0.6932
2004-03-13 08:00:00,8,Saturday,2004-03,2.7,1336.0,11.8,256.0,96.0,1192.0,6.5,71.6,0.6945
2004-03-13 09:00:00,9,Saturday,2004-03,3.7,1408.0,15.1,295.0,119.0,1411.0,9.6,59.7,0.7124
2004-03-13 10:00:00,10,Saturday,2004-03,3.2,1447.0,12.9,250.0,126.0,1465.0,12.4,51.2,0.7335
2004-03-13 11:00:00,11,Saturday,2004-03,4.1,1542.0,16.1,296.0,158.0,1583.0,15.6,42.2,0.7451
2004-03-13 12:00:00,12,Saturday,2004-03,3.6,1451.0,14.0,239.0,161.0,1387.0,18.4,33.8,0.709
2004-03-13 13:00:00,13,Saturday,2004-03,2.8,1328.0,12.3,153.0,124.0,1101.0,19.4,31.3,0.695
2004-03-13 14:00:00,14,Saturday,2004-03,2.0,1207.0,8.6,118.0,102.0,850.0,18.0,34.8,0.7127
2004-03-13 15:00:00,15,Saturday,2004-03,2.0,1240.0,9.2,119.0,116.0,947.0,18.4,33.6,0.7042
2004-03-13 16:00:00,16,Saturday,2004-03,2.5,1306.0,10.2,138.0,124.0,1078.0,17.6,35.1,0.7012
2004-03-13 17:00:00,17,Saturday,2004-03,2.3,1326.0,10.6,148.0,125.0,1084.0,16.7,37.8,0.7117
2004-03-13 18:00:00,18,Saturday,2004-03,3.2,1473.0,15.5,227.0,148.0,1395.0,16.1,41.0,0.7451
2004-03-13 19:00:00,19,Saturday,2004-03,4.2,1609.0,19.6,277.0,165.0,1612.0,15.8,42.4,0.7569
2004-03-13 20:00:00,20,Saturday,2004-03,4.2,1611.0,19.2,279.0,161.0,1697.0,15.7,44.1,0.7786
2004-03-13 21:00:00,21,Saturday,2004-03,4.2,1621.0,18.3,283.0,159.0,1886.0,15.3,46.8,0.8091
2004-03-13 22:00:00,22,Saturday,2004-03,3.1,1444.0,13.1,214.0,143.0,1624.0,14.6,48.6,0.806
2004-03-13 23:00:00,23,Saturday,2004-03,2.6,1418.0,10.9,172.0,130.0,1536.0,14.7,49.3,0.8193
2004-03-14 00:00:00,0,Sunday,2004-03,2.9,1534.0,11.0,190.0,129.0,1535.0,13.9,53.6,0.8498
2004-03-14 01:00:00,1,Sunday,2004-03,2.8,1484.0,11.9,174.0,119.0,1530.0,14.6,51.5,0.8536
2004-03-14 02:00:00,2,Sunday,2004-03,2.5,1367.0,8.6,128.0,104.0,1337.0,12.5,58.9,0.8537
2004-03-14 03:00:00,3,Sunday,2004-03,2.4,1344.0,9.7,,,1278.0,11.6,63.4,0.8674
2004-03-14 04:00:00,4,Sunday,2004-03,,1130.0,5.2,70.0,82.0,1051.0,12.1,61.1,0.8603
2004-03-14 05:00:00,5,Sunday,2004-03,1.2,1062.0,3.7,53.0,70.0,929.0,11.5,63.1,0.8533
2004-03-14 06:00:00,6,Sunday,2004-03,1.0,1076.0,2.5,44.0,63.0,872.0,11.6,62.2,0.8473
2004-03-14 07:00:00,7,Sunday,2004-03,0.9,1028.0,2.4,74.0,67.0,853.0,10.4,67.6,0.853
2004-03-14 08:00:00,8,Sunday,2004-03,1.4,1155.0,4.2,101.0,84.0,959.0,11.6,62.7,0.853
2004-03-14 09:00:00,9,Sunday,2004-03,1.6,1235.0,6.4,118.0,83.0,1093.0,12.4,60.0,0.8627
2004-03-14 10:00:00,10,Sunday,2004-03,2.2,1332.0,8.6,144.0,98.0,1225.0,14.5,53.1,0.8728
2004-03-14 11:00:00,11,Sunday,2004-03,2.8,1445.0,10.9,176.0,114.0,1355.0,16.9,46.1,0.8789
2004-03-14 12:00:00,12,Sunday,2004-03,2.8,1416.0,10.7,161.0,119.0,1262.0,19.3,38.3,0.8474
2004-03-14 13:00:00,13,Sunday,2004-03,2.0,1281.0,7.5,113.0,104.0,980.0,21.2,31.4,0.7812
2004-03-14 14:00:00,14,Sunday,2004-03,1.8,1207.0,7.5,103.0,102.0,872.0,21.4,30.2,0.7616
2004-03-14 15:00:00,15,Sunday,2004-03,1.9,1258.0,8.2,112.0,107.0,900.0,21.9,29.0,0.7525
2004-03-14 16:00:00,16,Sunday,2004-03,3.0,1458.0,11.9,170.0,129.0,1099.0,22.2,28.4,0.7516
2004-03-14 17:00:00,17,Sunday,2004-03,2.9,1438.0,12.0,180.0,128.0,1206.0,21.3,30.8,0.7696
2004-03-14 18:00:00,18,Sunday,2004-03,2.5,1478.0,12.2,160.0,121.0,1262.0,19.7,36.7,0.8307
2004-03-14 19:00:00,19,Sunday,2004-03,4.6,1808.0,20.6,261.0,157.0,1698.0,18.4,41.7,0.8732
2004-03-14 20:00:00,20,Sunday,2004-03,5.9,1898.0,23.1,325.0,173.0,1905.0,17.6,46.1,0.921
2004-03-14 21:00:00,21,Sunday,2004-03,3.4,1560.0,14.7,217.0,146.0,1648.0,16.7,49.6,0.932
2004-03-14 22:00:00,22,Sunday,2004-03,2.1,1324.0,9.0,146.0,121.0,1423.0,16.3,51.0,0.9341
2004-03-14 23:00:00,23,Sunday,2004-03,2.2,1349.0,8.8,152.0,119.0,1349.0,14.7,55.9,0.9314
2004-03-15 00:00:00,0,Monday,2004-03,1.8,1239.0,7.4,104.0,99.0,1250.0,14.8,54.7,0.9164
2004-03-15 01:00:00,1,Monday,2004-03,1.8,1239.0,6.9,106.0,93.0,1174.0,14.0,57.0,0.9094
2004-03-15 02:00:00,2,Monday,2004-03,1.8,1224.0,7.0,108.0,88.0,1149.0,13.4,61.3,0.9361
2004-03-15 03:00:00,3,Monday,2004-03,1.1,1078.0,4.4,,,1021.0,12.6,63.5,0.923
2004-03-15 04:00:00,4,Monday,2004-03,,1078.0,4.0,66.0,71.0,1013.0,12.3,65.4,0.9351
2004-03-15 05:00:00,5,Monday,2004-03,1.0,1075.0,3.9,88.0,74.0,1010.0,11.9,67.4,0.9375
2004-03-15 06:00:00,6,Monday,2004-03,1.4,1157.0,6.4,138.0,80.0,1083.0,11.4,70.5,0.9475
2004-03-15 07:00:00,7,Monday,2004-03,2.2,1314.0,9.7,228.0,89.0,1235.0,11.3,70.2,0.9401
2004-03-15 08:00:00,8,Monday,2004-03,5.5,1797.0,25.9,360.0,114.0,1680.0,12.4,63.9,0.917
2004-03-15 09:00:00,9,Monday,2004-03,8.1,1961.0,36.7,478.0,149.0,2184.0,14.8,54.3,0.9076
2004-03-15 10:00:00,10,Monday,2004-03,5.8,1771.0,26.6,394.0,157.0,1973.0,17.4,45.6,0.8993
2004-03-15 11:00:00,11,Monday,2004-03,4.2,1564.0,20.1,319.0,155.0,1798.0,19.8,38.5,0.8801
2004-03-15 12:00:00,12,Monday,2004-03,3.1,1430.0,14.1,201.0,134.0,1522.0,22.0,34.1,0.8904
2004-03-15 13:00:00,13,Monday,2004-03,2.9,1417.0,14.9,171.0,119.0,1404.0,23.3,32.2,0.9096
2004-03-15 14:00:00,14,Monday,2004-03,2.9,1400.0,15.4,159.0,111.0,1263.0,23.9,30.0,0.8757
2004-03-15 15:00:00,15,Monday,2004-03,2.5,1317.0,12.1,153.0,104.0,1137.0,24.4,28.9,0.8736
2004-03-15 16:00:00,16,Monday,2004-03,2.3,1318.0,11.5,143.0,99.0,1068.0,24.4,29.4,0.8848
2004-03-15 17:00:00,17,Monday,2004-03,2.8,1445.0,14.8,156.0,110.0,1252.0,23.8,31.3,0.9137
2004-03-15 18:00:00,18,Monday,2004-03,6.1,1917.0,32.1,314.0,162.0,1843.0,22.5,35.4,0.9547
2004-03-15 19:00:00,19,Monday,2004-03,8.0,2040.0,39.2,404.0,187.0,2122.0,20.4,42.5,1.0086
2004-03-15 20:00:00,20,Monday,2004-03,6.5,1895.0,31.0,320.0,165.0,1992.0,18.3,52.6,1.0945
2004-03-15 21:00:00,21,Monday,2004-03,4.2,1595.0,19.9,256.0,145.0,1707.0,16.7,57.4,1.0786
2004-03-15 22:00:00,22,Monday,2004-03,3.2,1439.0,15.3,193.0,125.0,1494.0,15.7,60.2,1.0654
2004-03-15 23:00:00,23,Monday,2004-03,1.4,1142.0,6.9,89.0,101.0,1164.0,15.3,61.4,1.058
2004-03-16 00:00:00,0,Tuesday,2004-03,2.1,1304.0,11.1,127.0,103.0,1272.0,14.1,65.7,1.0494
2004-03-16 01:00:00,1,Tuesday,2004-03,1.2,1074.0,5.4,79.0,88.0,1040.0,14.8,60.6,1.0148
2004-03-16 02:00:00,2,Tuesday,2004-03,0.8,968.0,2.8,43.0,61.0,867.0,14.8,59.2,0.9879
2004-03-16 03:00:00,3,Tuesday,2004-03,0.7,929.0,2.3,,,826.0,13.6,62.1,0.9636
2004-03-16 04:00:00,4,Tuesday,2004-03,,941.0,2.6,59.0,59.0,840.0,12.3,66.2,0.945
2004-03-16 05:00:00,5,Tuesday,2004-03,0.6,937.0,2.0,38.0,52.0,793.0,12.8,63.2,0.9283
2004-03-16 06:00:00,6,Tuesday,2004-03,0.9,1017.0,3.5,82.0,64.0,870.0,11.2,68.5,0.9081
2004-03-16 07:00:00,7,Tuesday,2004-03,1.3,1171.0,5.1,99.0,70.0,930.0,11.0,66.5,0.8705
2004-03-16 08:00:00,8,Tuesday,2004-03,3.4,1541.0,16.2,263.0,97.0,1407.0,11.7,63.7,0.8719
2004-03-16 09:00:00,9,Tuesday,2004-03,3.7,1539.0,19.7,229.0,95.0,1507.0,13.6,56.3,0.8743
2004-03-16 10:00:00,10,Tuesday,2004-03,5.3,1735.0,25.1,396.0,150.0,1843.0,17.8,42.9,0.8672
2004-03-16 11:00:00,11,Tuesday,2004-03,4.1,1571.0,20.0,314.0,162.0,1729.0,21.4,33.3,0.8417
2004-03-16 12:00:00,12,Tuesday,2004-03,3.3,1452.0,18.3,217.0,154.0,1583.0,24.4,27.4,0.8231
2004-03-16 13:00:00,13,Tuesday,2004-03,4.0,1579.0,22.3,252.0,161.0,1671.0,25.3,26.1,0.8264
2004-03-16 14:00:00,14,Tuesday,2004-03,3.8,1466.0,20.4,263.0,161.0,1491.0,25.8,23.2,0.7589
2004-03-16 15:00:00,15,Tuesday,2004-03,2.8,1280.0,14.6,180.0,128.0,1240.0,27.0,20.2,0.7094
2004-03-16 16:00:00,16,Tuesday,2004-03,2.9,1407.0,16.6,184.0,129.0,1313.0,28.2,18.6,0.7014
2004-03-16 17:00:00,17,Tuesday,2004-03,2.9,1389.0,15.8,190.0,133.0,1363.0,28.0,19.1,0.7098
2004-03-16 18:00:00,18,Tuesday,2004-03,3.4,1447.0,17.8,184.0,139.0,1296.0,23.9,25.7,0.7519
2004-03-16 19:00:00,19,Tuesday,2004-03,3.9,1551.0,19.1,181.0,137.0,1432.0,21.3,34.8,0.873
2004-03-16 20:00:00,20,Tuesday,2004-03,3.2,1474.0,15.8,166.0,143.0,1432.0,20.4,36.7,0.8704
2004-03-16 21:00:00,21,Tuesday,2004-03,5.1,1800.0,24.9,317.0,177.0,2034.0,19.0,41.3,0.9007
2004-03-16 22:00:00,22,Tuesday,2004-03,2.6,1379.0,13.5,184.0,138.0,1602.0,17.9,45.9,0.9342
2004-03-16 23:00:00,23,Tuesday,2004-03,1.7,1201.0,9.1,130.0,117.0,1362.0,16.7,48.9,0.9226
2004-03-17 00:00:00,0,Wednesday,2004-03,1.7,1205.0,8.6,132.0,107.0,1314.0,15.5,52.9,0.9271
2004-03-17 01:00:00,1,Wednesday,2004-03,1.2,1072.0,5.4,95.0,90.0,1114.0,15.5,51.9,0.9059
2004-03-17 02:00:00,2,Wednesday,2004-03,0.9,998.0,4.1,70.0,79.0,992.0,14.1,55.6,0.891
2004-03-17 03:00:00,3,Wednesday,2004-03,0.7,933.0,2.6,,,884.0,13.1,57.9,0.8666
2004-03-17 04:00:00,4,Wednesday,2004-03,,883.0,1.9,54.0,60.0,808.0,12.7,57.9,0.8447
2004-03-17 05:00:00,5,Wednesday,2004-03,0.5,869.0,1.6,28.0,40.0,667.0,11.8,58.0,0.8026
2004-03-17 06:00:00,6,Wednesday,2004-03,0.5,891.0,1.9,46.0,53.0,733.0,11.9,57.4,0.7978
2004-03-17 07:00:00,7,Wednesday,2004-03,1.6,1173.0,7.5,160.0,84.0,1052.0,9.9,65.2,0.7956
2004-03-17 08:00:00,8,Wednesday,2004-03,4.1,1587.0,21.4,320.0,108.0,1534.0,11.1,60.2,0.7958
2004-03-17 09:00:00,9,Wednesday,2004-03,6.6,1852.0,36.4,377.0,127.0,1931.0,14.1,50.0,0.802
2004-03-17 10:00:00,10,Wednesday,2004-03,4.3,1522.0,21.3,280.0,134.0,1734.0,17.7,40.1,0.8048
2004-03-17 11:00:00,11,Wednesday,2004-03,2.9,1438.0,15.4,221.0,135.0,1595.0,21.1,33.4,0.8265
2004-03-17 12:00:00,12,Wednesday,2004-03,2.5,1393.0,12.5,210.0,142.0,1490.0,24.3,28.3,0.8471
2004-03-17 13:00:00,13,Wednesday,2004-03,2.8,1452.0,15.1,204.0,153.0,1508.0,25.6,25.6,0.8254
2004-03-17 14:00:00,14,Wednesday,2004-03,2.6,1389.0,13.7,161.0,123.0,1334.0,25.9,25.9,0.8503
2004-03-17 15:00:00,15,Wednesday,2004-03,2.0,1207.0,10.4,135.0,104.0,1045.0,26.8,18.7,0.65
2004-03-17 16:00:00,16,Wednesday,2004-03,2.9,1365.0,15.2,186.0,129.0,1221.0,29.3,15.8,0.6309
2004-03-17 17:00:00,17,Wednesday,2004-03,2.5,1247.0,12.3,147.0,114.0,1069.0,28.5,14.9,0.5708
2004-03-17 18:00:00,18,Wednesday,2004-03,5.0,1557.0,27.0,299.0,158.0,1569.0,25.9,16.0,0.5237
2004-03-17 19:00:00,19,Wednesday,2004-03,7.6,1973.0,38.4,411.0,194.0,2306.0,23.1,26.5,0.7403
2004-03-17 20:00:00,20,Wednesday,2004-03,6.7,1975.0,35.1,347.0,182.0,2359.0,20.5,38.2,0.9133
2004-03-17 21:00:00,21,Wednesday,2004-03,5.7,1795.0,27.2,336.0,180.0,2050.0,19.1,42.6,0.9294
2004-03-17 22:00:00,22,Wednesday,2004-03,2.8,1444.0,15.0,202.0,136.0,1727.0,17.2,44.1,0.8558
2004-03-17 23:00:00,23,Wednesday,2004-03,2.6,1488.0,15.7,178.0,127.0,1705.0,16.0,50.9,0.9206
2004-03-18 00:00:00,0,Thursday,2004-03,2.3,1371.0,13.0,154.0,116.0,1551.0,14.8,53.9,0.9024
2004-03-18 01:00:00,1,Thursday,2004-03,1.4,1161.0,8.1,92.0,107.0,1240.0,14.3,55.4,0.8975
2004-03-18 02:00:00,2,Thursday,2004-03,1.0,1064.0,5.5,61.0,88.0,1115.0,14.8,52.1,0.8686
2004-03-18 03:00:00,3,Thursday,2004-03,0.7,970.0,3.6,,,969.0,13.9,53.9,0.8501
2004-03-18 04:00:00,4,Thursday,2004-03,,954.0,2.9,60.0,78.0,925.0,11.6,61.9,0.8442
2004-03-18 05:00:00,5,Thursday,2004-03,0.6,931.0,2.5,37.0,57.0,828.0,12.0,58.9,0.8233
2004-03-18 06:00:00,6,Thursday,2004-03,0.7,938.0,3.0,68.0,71.0,893.0,10.9,62.1,0.8113
2004-03-18 07:00:00,7,Thursday,2004-03,1.5,1166.0,7.7,139.0,85.0,1075.0,10.6,63.3,0.8067
2004-03-18 08:00:00,8,Thursday,2004-03,4.7,1643.0,23.3,339.0,124.0,1610.0,11.5,60.0,0.8117
2004-03-18 09:00:00,9,Thursday,2004-03,6.6,1934.0,35.8,421.0,151.0,2051.0,14.3,50.6,0.8186
2004-03-18 10:00:00,10,Thursday,2004-03,4.5,1617.0,21.3,349.0,150.0,1819.0,17.8,40.5,0.821
2004-03-18 11:00:00,11,Thursday,2004-03,2.8,1473.0,14.3,224.0,152.0,1568.0,20.8,34.4,0.8365
2004-03-18 12:00:00,12,Thursday,2004-03,2.2,1379.0,12.5,171.0,139.0,1374.0,23.8,28.2,0.8219
2004-03-18 13:00:00,13,Thursday,2004-03,2.2,1385.0,12.2,149.0,133.0,1268.0,24.2,28.7,0.8515
2004-03-18 14:00:00,14,Thursday,2004-03,2.3,1379.0,13.1,137.0,126.0,1144.0,25.2,24.9,0.7829
2004-03-18 15:00:00,15,Thursday,2004-03,2.2,1322.0,14.4,149.0,128.0,1109.0,27.0,17.8,0.6275
2004-03-18 16:00:00,16,Thursday,2004-03,2.8,1496.0,16.8,172.0,169.0,1347.0,27.1,23.1,0.818
2004-03-18 17:00:00,17,Thursday,2004-03,2.7,1409.0,14.5,166.0,149.0,1206.0,25.8,23.9,0.7832
2004-03-18 18:00:00,18,Thursday,2004-03,3.7,1513.0,21.5,214.0,156.0,1397.0,23.0,26.8,0.7446
2004-03-18 19:00:00,19,Thursday,2004-03,5.1,1667.0,26.4,280.0,168.0,1588.0,20.7,31.1,0.7523
2004-03-18 20:00:00,20,Thursday,2004-03,5.1,1667.0,26.0,276.0,176.0,1569.0,18.6,36.2,0.7676
2004-03-18 21:00:00,21,Thursday,2004-03,3.2,1430.0,14.1,178.0,135.0,1322.0,16.0,48.4,0.8768
2004-03-18 22:00:00,22,Thursday,2004-03,2.1,1333.0,10.3,129.0,121.0,1194.0,14.5,57.8,0.9456
2004-03-18 23:00:00,23,Thursday,2004-03,1.7,1262.0,8.3,95.0,99.0,1062.0,13.1,64.2,0.9606
2004-03-19 00:00:00,0,Friday,2004-03,2.0,1287.0,8.9,126.0,106.0,1040.0,12.0,69.7,0.9735
2004-03-19 01:00:00,1,Friday,2004-03,1.6,1134.0,6.6,103.0,96.0,917.0,11.9,71.1,0.9915
2004-03-19 02:00:00,2,Friday,2004-03,0.9,999.0,3.6,48.0,63.0,594.0,12.5,69.3,1.0029
2004-03-19 03:00:00,3,Friday,2004-03,0.7,961.0,2.5,,,430.0,12.5,67.5,0.9768
2004-03-19 04:00:00,4,Friday,2004-03,,934.0,1.8,20.0,32.0,397.0,12.3,67.7,0.9665
2004-03-19 05:00:00,5,Friday,2004-03,0.5,913.0,1.3,18.0,28.0,370.0,12.5,66.8,0.962
2004-03-19 06:00:00,6,Friday,2004-03,0.7,969.0,2.3,56.0,61.0,438.0,12.3,66.3,0.9487
2004-03-19 07:00:00,7,Friday,2004-03,1.5,1182.0,6.7,115.0,99.0,704.0,12.4,64.9,0.9332
2004-03-19 08:00:00,8,Friday,2004-03,4.8,1740.0,22.8,320.0,157.0,1476.0,13.0,61.6,0.9209
2004-03-19 09:00:00,9,Friday,2004-03,6.2,1819.0,31.3,357.0,166.0,1716.0,13.6,58.8,0.912
2004-03-19 10:00:00,10,Friday,2004-03,4.0,1427.0,19.2,253.0,149.0,1398.0,13.9,57.1,0.9032
2004-03-19 11:00:00,11,Friday,2004-03,3.3,1390.0,16.4,218.0,135.0,1268.0,14.5,54.4,0.8917
2004-03-19 12:00:00,12,Friday,2004-03,2.8,1283.0,14.0,192.0,127.0,1188.0,15.5,50.1,0.8744
2004-03-19 13:00:00,13,Friday,2004-03,3.0,1304.0,15.3,176.0,122.0,1171.0,16.1,47.6,0.8655
2004-03-19 14:00:00,14,Friday,2004-03,3.3,1364.0,16.7,198.0,135.0,1250.0,16.3,47.1,0.864
2004-03-19 15:00:00,15,Friday,2004-03,3.5,1410.0,19.0,212.0,139.0,1344.0,16.4,47.5,0.8791
2004-03-19 16:00:00,16,Friday,2004-03,4.0,1476.0,19.4,249.0,147.0,1378.0,16.1,50.2,0.9094
2004-03-19 17:00:00,17,Friday,2004-03,4.6,1522.0,20.9,270.0,158.0,1435.0,16.0,50.7,0.9142
2004-03-19 18:00:00,18,Friday,2004-03,4.1,1442.0,20.2,231.0,146.0,1372.0,15.8,50.3,0.8989
2004-03-19 19:00:00,19,Friday,2004-03,4.5,1469.0,21.7,251.0,144.0,1471.0,15.5,50.6,0.884
2004-03-19 20:00:00,20,Friday,2004-03,3.9,1467.0,19.8,210.0,138.0,1439.0,15.4,51.4,0.8956
2004-03-19 21:00:00,21,Friday,2004-03,4.0,1421.0,16.7,249.0,143.0,1429.0,15.2,53.1,0.9117
2004-03-19 22:00:00,22,Friday,2004-03,2.2,1175.0,9.1,143.0,116.0,1081.0,14.7,57.6,0.9573
2004-03-19 23:00:00,23,Friday,2004-03,2.1,1215.0,8.3,127.0,109.0,993.0,14.2,58.3,0.938
2004-03-20 00:00:00,0,Saturday,2004-03,1.7,1127.0,5.8,104.0,92.0,837.0,13.8,57.9,0.9085
2004-03-20 01:00:00,1,Saturday,2004-03,1.6,1090.0,5.2,86.0,83.0,761.0,13.9,55.9,0.8842
2004-03-20 02:00:00,2,Saturday,2004-03,1.3,1017.0,4.1,74.0,81.0,650.0,13.9,55.6,0.8765
2004-03-20 03:00:00,3,Saturday,2004-03,1.3,997.0,3.4,,,591.0,13.8,55.1,0.8666
2004-03-20 04:00:00,4,Saturday,2004-03,,945.0,2.9,44.0,55.0,505.0,13.8,54.6,0.8574
2004-03-20 05:00:00,5,Saturday,2004-03,0.8,956.0,3.1,42.0,53.0,518.0,13.6,55.1,0.856
2004-03-20 06:00:00,6,Saturday,2004-03,0.8,966.0,2.5,63.0,67.0,571.0,13.6,59.0,0.9129
2004-03-20 07:00:00,7,Saturday,2004-03,1.1,1064.0,4.3,115.0,91.0,842.0,13.5,58.4,0.896
2004-03-20 08:00:00,8,Saturday,2004-03,2.1,1300.0,8.9,170.0,113.0,1145.0,13.8,58.0,0.9083
2004-03-20 09:00:00,9,Saturday,2004-03,2.4,1348.0,10.5,147.0,102.0,1218.0,14.6,53.1,0.8765
2004-03-20 10:00:00,10,Saturday,2004-03,2.6,1425.0,12.5,166.0,107.0,1341.0,15.0,52.3,0.8881
2004-03-20 11:00:00,11,Saturday,2004-03,2.8,1474.0,12.3,195.0,113.0,1406.0,15.4,52.1,0.9046
2004-03-20 12:00:00,12,Saturday,2004-03,2.6,1490.0,11.7,182.0,108.0,1422.0,16.3,50.0,0.9158
2004-03-20 13:00:00,13,Saturday,2004-03,2.6,1495.0,11.7,168.0,105.0,1373.0,17.1,47.9,0.9281
2004-03-20 14:00:00,14,Saturday,2004-03,2.1,1376.0,9.3,125.0,93.0,1153.0,19.0,42.9,0.937
2004-03-20 15:00:00,15,Saturday,2004-03,1.7,1305.0,7.6,95.0,87.0,927.0,19.5,42.3,0.9476
2004-03-20 16:00:00,16,Saturday,2004-03,1.6,1283.0,6.7,79.0,76.0,766.0,19.5,42.3,0.9493
2004-03-20 17:00:00,17,Saturday,2004-03,2.1,1392.0,9.7,119.0,94.0,941.0,19.1,43.8,0.9556
2004-03-20 18:00:00,18,Saturday,2004-03,2.3,1452.0,12.4,142.0,110.0,1146.0,18.5,46.3,0.9744
2004-03-20 19:00:00,19,Saturday,2004-03,3.5,1633.0,16.6,215.0,136.0,1417.0,17.4,51.6,1.0159
2004-03-20 20:00:00,20,Saturday,2004-03,3.9,1625.0,16.4,229.0,139.0,1442.0,17.1,51.3,0.9914
2004-03-20 21:00:00,21,Saturday,2004-03,3.3,1535.0,13.7,206.0,125.0,1323.0,16.4,53.8,0.9964
2004-03-20 22:00:00,22,Saturday,2004-03,2.3,1323.0,9.9,147.0,111.0,1125.0,16.2,55.4,1.0132
2004-03-20 23:00:00,23,Saturday,2004-03,2.1,1309.0,8.9,122.0,97.0,1036.0,15.9,57.7,1.0356
2004-03-21 00:00:00,0,Sunday,2004-03,2.8,1456.0,10.6,175.0,107.0,1202.0,15.7,58.6,1.0396
2004-03-21 01:00:00,1,Sunday,2004-03,2.1,1300.0,7.4,133.0,90.0,1054.0,15.1,60.9,1.0398
2004-03-21 02:00:00,2,Sunday,2004-03,1.6,1203.0,6.2,89.0,84.0,903.0,15.6,56.6,0.9951
2004-03-21 03:00:00,3,Sunday,2004-03,1.6,1195.0,6.5,,,885.0,15.2,57.9,0.9941
2004-03-21 04:00:00,4,Sunday,2004-03,,1117.0,5.8,85.0,87.0,818.0,15.4,57.8,1.0021
2004-03-21 05:00:00,5,Sunday,2004-03,1.1,1062.0,4.0,55.0,66.0,700.0,14.9,60.6,1.0196
2004-03-21 06:00:00,6,Sunday,2004-03,0.7,947.0,2.1,24.0,36.0,580.0,14.5,63.0,1.0316
2004-03-21 07:00:00,7,Sunday,2004-03,0.8,1065.0,3.6,72.0,62.0,815.0,14.2,66.2,1.063
2004-03-21 08:00:00,8,Sunday,2004-03,1.2,1155.0,4.4,122.0,91.0,1035.0,14.5,65.3,1.0704
2004-03-21 09:00:00,9,Sunday,2004-03,1.4,1220.0,5.4,111.0,89.0,1067.0,15.3,62.1,1.073
2004-03-21 10:00:00,10,Sunday,2004-03,1.7,1301.0,7.1,123.0,93.0,1114.0,16.3,59.0,1.0868
2004-03-21 11:00:00,11,Sunday,2004-03,1.8,1279.0,7.3,106.0,81.0,1000.0,18.9,49.6,1.07
2004-03-21 12:00:00,12,Sunday,2004-03,1.8,1267.0,7.6,103.0,82.0,906.0,19.4,46.1,1.0249
2004-03-21 13:00:00,13,Sunday,2004-03,1.9,1239.0,6.8,102.0,80.0,822.0,20.8,41.6,1.0091
2004-03-21 14:00:00,14,Sunday,2004-03,1.3,1128.0,4.6,48.0,48.0,610.0,21.4,40.3,1.0126
2004-03-21 15:00:00,15,Sunday,2004-03,1.6,1243.0,8.4,63.0,61.0,657.0,21.2,39.3,0.9791
2004-03-21 16:00:00,16,Sunday,2004-03,1.9,1208.0,6.9,98.0,89.0,647.0,20.3,38.0,0.8942
2004-03-21 17:00:00,17,Sunday,2004-03,2.3,1306.0,9.0,132.0,105.0,762.0,19.4,41.3,0.9206
2004-03-21 18:00:00,18,Sunday,2004-03,3.8,1546.0,15.1,173.0,116.0,1122.0,18.5,43.8,0.9252
2004-03-21 19:00:00,19,Sunday,2004-03,3.5,1501.0,12.6,185.0,119.0,1130.0,17.8,48.1,0.9689
2004-03-21 20:00:00,20,Sunday,2004-03,4.3,1605.0,15.1,266.0,144.0,1637.0,17.9,46.9,0.952
2004-03-21 21:00:00,21,Sunday,2004-03,2.8,1316.0,9.9,188.0,123.0,1272.0,17.4,49.1,0.9688
2004-03-21 22:00:00,22,Sunday,2004-03,1.9,1195.0,8.0,122.0,105.0,1098.0,17.0,51.7,0.9914
2004-03-21 23:00:00,23,Sunday,2004-03,1.9,1211.0,7.9,112.0,93.0,1066.0,16.4,55.1,1.0198
2004-03-22 00:00:00,0,Monday,2004-03,1.7,1161.0,6.1,93.0,86.0,909.0,16.1,60.0,1.0919
2004-03-22 01:00:00,1,Monday,2004-03,1.5,1095.0,5.1,74.0,76.0,818.0,15.8,60.5,1.0805
2004-03-22 02:00:00,2,Monday,2004-03,0.6,897.0,1.7,23.0,33.0,472.0,16.3,57.0,1.0491
2004-03-22 03:00:00,3,Monday,2004-03,0.4,842.0,0.7,,,394.0,16.9,53.9,1.0309
2004-03-22 04:00:00,4,Monday,2004-03,,854.0,0.8,17.0,27.0,396.0,16.1,55.9,1.0153
2004-03-22 05:00:00,5,Monday,2004-03,0.3,845.0,0.7,15.0,23.0,378.0,16.5,53.9,1.0049
2004-03-22 06:00:00,6,Monday,2004-03,0.6,942.0,2.0,41.0,46.0,432.0,16.4,54.0,0.9979
2004-03-22 07:00:00,7,Monday,2004-03,1.2,1090.0,5.1,86.0,76.0,699.0,15.7,57.6,1.0195
2004-03-22 08:00:00,8,Monday,2004-03,3.6,1514.0,17.7,226.0,116.0,1252.0,15.8,53.7,0.9571
2004-03-22 09:00:00,9,Monday,2004-03,3.7,1379.0,18.4,214.0,115.0,1237.0,17.4,42.1,0.8281
2004-03-22 10:00:00,10,Monday,2004-03,1.8,1074.0,6.9,115.0,83.0,772.0,17.9,38.4,0.7793
2004-03-22 11:00:00,11,Monday,2004-03,1.6,1090.0,7.3,124.0,87.0,766.0,18.5,36.7,0.7764
2004-03-22 12:00:00,12,Monday,2004-03,1.9,1110.0,9.6,122.0,90.0,829.0,21.0,29.6,0.7263
2004-03-22 13:00:00,13,Monday,2004-03,2.0,1102.0,10.4,107.0,87.0,783.0,21.3,28.1,0.7067
2004-03-22 14:00:00,14,Monday,2004-03,2.2,1100.0,11.2,133.0,99.0,822.0,21.3,26.1,0.6539
2004-03-22 15:00:00,15,Monday,2004-03,2.1,1094.0,10.7,130.0,99.0,813.0,21.3,26.8,0.6681
2004-03-22 16:00:00,16,Monday,2004-03,2.3,1076.0,11.6,150.0,101.0,813.0,21.3,24.2,0.606
2004-03-22 17:00:00,17,Monday,2004-03,2.6,1152.0,12.4,138.0,103.0,850.0,20.2,28.5,0.6682
2004-03-22 18:00:00,18,Monday,2004-03,3.8,1407.0,18.3,213.0,129.0,1276.0,17.0,43.1,0.8264
2004-03-22 19:00:00,19,Monday,2004-03,4.4,1438.0,21.0,232.0,143.0,1401.0,15.6,47.4,0.8347
2004-03-22 20:00:00,20,Monday,2004-03,4.5,1425.0,21.0,238.0,146.0,1356.0,15.3,47.4,0.8178
2004-03-22 21:00:00,21,Monday,2004-03,3.3,1279.0,14.5,180.0,124.0,1243.0,14.5,49.7,0.8177
2004-03-22 22:00:00,22,Monday,2004-03,2.0,1132.0,8.4,128.0,113.0,1083.0,13.9,52.0,0.8231
2004-03-22 23:00:00,23,Monday,2004-03,1.1,1006.0,4.3,65.0,80.0,795.0,14.5,49.4,0.8106
2004-03-23 00:00:00,0,Tuesday,2004-03,0.9,982.0,3.8,53.0,72.0,735.0,13.8,51.4,0.8071
2004-03-23 01:00:00,1,Tuesday,2004-03,0.8,969.0,2.7,47.0,64.0,684.0,14.0,51.3,0.8163
2004-03-23 02:00:00,2,Tuesday,2004-03,0.7,941.0,2.5,51.0,70.0,714.0,13.0,56.8,0.8444
2004-03-23 03:00:00,3,Tuesday,2004-03,0.5,892.0,1.2,,,456.0,11.0,70.0,0.9215
2004-03-23 04:00:00,4,Tuesday,2004-03,,855.0,0.8,20.0,31.0,401.0,10.1,76.8,0.9483
2004-03-23 05:00:00,5,Tuesday,2004-03,0.3,834.0,0.6,13.0,22.0,361.0,8.8,80.5,0.9147
2004-03-23 06:00:00,6,Tuesday,2004-03,0.5,909.0,1.8,33.0,47.0,418.0,9.6,75.4,0.9004
2004-03-23 07:00:00,7,Tuesday,2004-03,1.1,1061.0,4.6,103.0,88.0,616.0,9.8,75.0,0.9093
2004-03-23 08:00:00,8,Tuesday,2004-03,3.0,1441.0,14.2,224.0,130.0,1089.0,10.0,74.2,0.9117
2004-03-23 09:00:00,9,Tuesday,2004-03,3.8,1498.0,21.0,244.0,132.0,1329.0,11.2,69.7,0.9232
2004-03-23 10:00:00,10,Tuesday,2004-03,3.4,1343.0,16.2,237.0,132.0,1311.0,12.0,62.9,0.8803
2004-03-23 11:00:00,11,Tuesday,2004-03,3.0,1308.0,15.5,220.0,131.0,1236.0,12.8,55.8,0.821
2004-03-23 12:00:00,12,Tuesday,2004-03,2.7,1209.0,13.4,207.0,129.0,1147.0,13.1,54.8,0.8234
2004-03-23 13:00:00,13,Tuesday,2004-03,3.5,1310.0,16.9,208.0,132.0,1301.0,13.8,53.4,0.8351
2004-03-23 14:00:00,14,Tuesday,2004-03,2.8,1171.0,12.4,160.0,110.0,1097.0,16.0,42.4,0.7674
2004-03-23 15:00:00,15,Tuesday,2004-03,1.9,1112.0,10.1,131.0,99.0,900.0,14.1,49.8,0.7971
2004-03-23 16:00:00,16,Tuesday,2004-03,2.0,1132.0,8.7,128.0,100.0,781.0,12.0,61.1,0.8537
2004-03-23 17:00:00,17,Tuesday,2004-03,3.0,1225.0,13.8,176.0,122.0,1013.0,13.6,54.6,0.8465
2004-03-23 18:00:00,18,Tuesday,2004-03,1.9,1065.0,9.3,107.0,97.0,790.0,13.7,49.5,0.7695
2004-03-23 19:00:00,19,Tuesday,2004-03,2.7,1236.0,13.0,131.0,112.0,1059.0,11.7,57.1,0.7822
2004-03-23 20:00:00,20,Tuesday,2004-03,3.3,1309.0,14.3,166.0,128.0,1205.0,11.5,58.2,0.7867
2004-03-23 21:00:00,21,Tuesday,2004-03,1.7,1089.0,7.6,89.0,101.0,975.0,12.6,54.2,0.7881
2004-03-23 22:00:00,22,Tuesday,2004-03,1.3,1000.0,5.3,81.0,96.0,896.0,12.0,54.9,0.7664
2004-03-23 23:00:00,23,Tuesday,2004-03,1.3,1041.0,5.4,78.0,86.0,911.0,11.0,61.4,0.8057
2004-03-24 00:00:00,0,Wednesday,2004-03,1.2,1045.0,4.9,70.0,85.0,902.0,11.1,62.2,0.8199
2004-03-24 01:00:00,1,Wednesday,2004-03,1.1,997.0,4.6,76.0,79.0,832.0,10.8,62.5,0.8082
2004-03-24 02:00:00,2,Wednesday,2004-03,0.9,948.0,2.7,43.0,61.0,715.0,11.3,60.0,0.8025
2004-03-24 03:00:00,3,Wednesday,2004-03,0.6,878.0,1.6,,,683.0,10.6,61.6,0.7856
2004-03-24 04:00:00,4,Wednesday,2004-03,,908.0,1.7,44.0,66.0,721.0,10.2,62.7,0.7813
2004-03-24 05:00:00,5,Wednesday,2004-03,0.6,892.0,1.2,34.0,54.0,648.0,10.9,58.6,0.7628
2004-03-24 06:00:00,6,Wednesday,2004-03,0.8,954.0,1.7,43.0,57.0,612.0,10.8,57.2,0.7382
2004-03-24 07:00:00,7,Wednesday,2004-03,1.2,1045.0,4.8,79.0,75.0,800.0,10.4,59.2,0.7455
2004-03-24 08:00:00,8,Wednesday,2004-03,3.1,1383.0,13.8,174.0,97.0,1173.0,11.0,57.3,0.7501
2004-03-24 09:00:00,9,Wednesday,2004-03,4.4,1597.0,23.7,235.0,110.0,1519.0,11.2,56.9,0.7565
2004-03-24 10:00:00,10,Wednesday,2004-03,3.4,1318.0,14.2,218.0,113.0,1287.0,12.1,54.9,0.7734
2004-03-24 11:00:00,11,Wednesday,2004-03,1.7,1138.0,8.0,136.0,88.0,966.0,15.1,44.3,0.7535
2004-03-24 12:00:00,12,Wednesday,2004-03,1.5,1098.0,6.7,117.0,85.0,828.0,15.6,40.6,0.7146
2004-03-24 13:00:00,13,Wednesday,2004-03,1.7,1118.0,8.7,119.0,96.0,825.0,16.9,34.6,0.6597
2004-03-24 14:00:00,14,Wednesday,2004-03,2.2,1170.0,10.8,126.0,106.0,872.0,16.6,35.6,0.6697
2004-03-24 15:00:00,15,Wednesday,2004-03,,1112.0,6.7,100.0,91.0,680.0,11.3,63.9,0.8554
2004-03-24 16:00:00,16,Wednesday,2004-03,2.7,1390.0,11.4,197.0,126.0,1002.0,9.6,81.1,0.972
2004-03-24 17:00:00,17,Wednesday,2004-03,2.8,1353.0,13.4,195.0,130.0,1159.0,11.7,69.1,0.9497
2004-03-24 18:00:00,18,Wednesday,2004-03,2.7,1260.0,12.0,156.0,111.0,979.0,10.7,68.5,0.8794
2004-03-24 19:00:00,19,Wednesday,2004-03,4.5,1501.0,20.2,247.0,134.0,1311.0,10.7,67.3,0.8643
2004-03-24 20:00:00,20,Wednesday,2004-03,3.5,1273.0,14.4,190.0,136.0,1071.0,10.8,65.7,0.8486
2004-03-24 21:00:00,21,Wednesday,2004-03,2.6,1179.0,9.4,169.0,125.0,899.0,10.3,66.3,0.8336
2004-03-24 22:00:00,22,Wednesday,2004-03,1.7,1047.0,5.9,118.0,108.0,766.0,10.1,66.9,0.8248
2004-03-24 23:00:00,23,Wednesday,2004-03,1.3,973.0,4.5,81.0,87.0,589.0,10.4,61.1,0.7717
2004-03-25 00:00:00,0,Thursday,2004-03,1.3,997.0,4.5,80.0,89.0,631.0,10.3,59.9,0.7516
2004-03-25 01:00:00,1,Thursday,2004-03,1.0,970.0,2.5,42.0,58.0,479.0,11.0,58.4,0.7686
2004-03-25 02:00:00,2,Thursday,2004-03,0.7,902.0,1.8,38.0,54.0,479.0,9.1,68.1,0.789
2004-03-25 03:00:00,3,Thursday,2004-03,0.7,921.0,1.4,,,417.0,9.5,68.2,0.8091
2004-03-25 04:00:00,4,Thursday,2004-03,0.5,858.0,0.9,18.0,28.0,378.0,9.3,72.3,0.8496
2004-03-25 05:00:00,5,Thursday,2004-03,0.5,878.0,0.6,12.0,20.0,344.0,9.9,66.8,0.8152
2004-03-25 06:00:00,6,Thursday,2004-03,0.6,893.0,1.4,43.0,51.0,413.0,7.6,83.2,0.8695
2004-03-25 07:00:00,7,Thursday,2004-03,1.1,1038.0,3.8,84.0,82.0,605.0,8.1,79.0,0.8544
2004-03-25 08:00:00,8,Thursday,2004-03,2.7,1320.0,11.6,184.0,112.0,991.0,8.7,74.6,0.8429
2004-03-25 09:00:00,9,Thursday,2004-03,3.5,1353.0,17.8,202.0,119.0,1175.0,8.6,75.1,0.8415
2004-03-25 10:00:00,10,Thursday,2004-03,2.3,1133.0,8.8,133.0,99.0,923.0,9.7,69.7,0.8389
2004-03-25 11:00:00,11,Thursday,2004-03,1.6,1066.0,6.8,130.0,98.0,829.0,11.0,64.4,0.8447
2004-03-25 12:00:00,12,Thursday,2004-03,1.3,1027.0,5.9,106.0,88.0,733.0,13.6,53.0,0.8209
2004-03-25 13:00:00,13,Thursday,2004-03,2.0,1106.0,8.9,132.0,96.0,819.0,14.2,48.4,0.778
2004-03-25 14:00:00,14,Thursday,2004-03,1.9,1038.0,8.2,106.0,81.0,723.0,14.2,46.3,0.7438
2004-03-25 15:00:00,15,Thursday,2004-03,1.9,1084.0,8.6,125.0,92.0,786.0,16.0,41.3,0.7462
2004-03-25 16:00:00,16,Thursday,2004-03,2.2,1105.0,10.1,138.0,105.0,850.0,17.7,35.4,0.7094
2004-03-25 17:00:00,17,Thursday,2004-03,2.0,1102.0,9.4,120.0,88.0,820.0,17.1,37.4,0.7225
2004-03-25 18:00:00,18,Thursday,2004-03,2.9,1240.0,14.6,158.0,103.0,991.0,14.9,40.5,0.6835
2004-03-25 19:00:00,19,Thursday,2004-03,5.2,1443.0,24.6,253.0,141.0,1454.0,13.4,47.8,0.7293
2004-03-25 20:00:00,20,Thursday,2004-03,4.6,1389.0,21.6,231.0,133.0,1488.0,12.6,52.5,0.7642
2004-03-25 21:00:00,21,Thursday,2004-03,2.5,1183.0,10.3,150.0,119.0,1205.0,12.2,53.2,0.7555
2004-03-25 22:00:00,22,Thursday,2004-03,1.5,1014.0,5.7,99.0,106.0,909.0,10.6,56.1,0.714
2004-03-25 23:00:00,23,Thursday,2004-03,1.2,979.0,4.5,75.0,92.0,769.0,9.9,59.5,0.7276
2004-03-26 00:00:00,0,Friday,2004-03,1.7,1048.0,5.5,93.0,97.0,835.0,9.6,61.1,0.7323
2004-03-26 01:00:00,1,Friday,2004-03,1.4,1024.0,4.8,79.0,91.0,793.0,9.7,61.6,0.7425
2004-03-26 02:00:00,2,Friday,2004-03,1.2,974.0,3.6,67.0,83.0,733.0,9.4,62.6,0.7398
2004-03-26 03:00:00,3,Friday,2004-03,0.6,862.0,1.7,,,502.0,8.2,68.5,0.7455
2004-03-26 04:00:00,4,Friday,2004-03,0.7,925.0,2.2,45.0,59.0,562.0,8.0,69.4,0.7459
2004-03-26 05:00:00,5,Friday,2004-03,0.8,952.0,3.0,72.0,73.0,832.0,7.7,72.4,0.7655
2004-03-26 06:00:00,6,Friday,2004-03,0.9,1005.0,4.0,103.0,78.0,924.0,8.0,71.8,0.7711
2004-03-26 07:00:00,7,Friday,2004-03,1.6,1122.0,6.7,132.0,90.0,974.0,8.5,66.3,0.7375
2004-03-26 08:00:00,8,Friday,2004-03,3.4,1351.0,16.7,239.0,110.0,1307.0,9.8,59.6,0.7214
2004-03-26 09:00:00,9,Friday,2004-03,3.8,1408.0,19.3,275.0,114.0,1481.0,11.2,57.0,0.7544
2004-03-26 10:00:00,10,Friday,2004-03,3.1,1304.0,14.8,232.0,119.0,1405.0,14.8,44.1,0.7407
2004-03-26 11:00:00,11,Friday,2004-03,2.7,1207.0,13.4,180.0,121.0,1195.0,16.8,35.3,0.6729
2004-03-26 12:00:00,12,Friday,2004-03,2.0,1099.0,11.0,112.0,97.0,868.0,19.2,27.1,0.5976
2004-03-26 13:00:00,13,Friday,2004-03,2.3,1106.0,12.5,116.0,99.0,874.0,19.1,26.2,0.5741
2004-03-26 14:00:00,14,Friday,2004-03,1.9,1009.0,8.4,103.0,85.0,738.0,16.3,30.8,0.5683
2004-03-26 15:00:00,15,Friday,2004-03,1.3,962.0,5.3,89.0,75.0,550.0,14.2,36.8,0.5922
2004-03-26 16:00:00,16,Friday,2004-03,1.9,1093.0,8.8,112.0,87.0,777.0,13.4,41.0,0.6292
2004-03-26 17:00:00,17,Friday,2004-03,2.3,1180.0,11.2,127.0,102.0,966.0,14.2,43.3,0.6982
2004-03-26 18:00:00,18,Friday,2004-03,2.4,1168.0,11.6,125.0,105.0,990.0,12.1,45.6,0.6403
2004-03-26 19:00:00,19,Friday,2004-03,2.7,1168.0,12.4,120.0,98.0,944.0,10.4,48.0,0.6046
2004-03-26 20:00:00,20,Friday,2004-03,2.6,1140.0,10.6,120.0,93.0,962.0,10.0,51.1,0.628
2004-03-26 21:00:00,21,Friday,2004-03,1.5,1001.0,6.0,99.0,91.0,778.0,9.8,50.8,0.6172
2004-03-26 22:00:00,22,Friday,2004-03,1.2,953.0,4.6,79.0,85.0,690.0,9.7,50.4,0.6063
2004-03-26 23:00:00,23,Friday,2004-03,1.1,972.0,4.1,66.0,74.0,644.0,9.9,50.2,0.6103
2004-03-27 00:00:00,0,Saturday,2004-03,1.5,1021.0,5.2,94.0,87.0,753.0,9.4,53.4,0.63
2004-03-27 01:00:00,1,Saturday,2004-03,1.0,940.0,3.2,70.0,79.0,646.0,8.6,57.8,0.6488
2004-03-27 02:00:00,2,Saturday,2004-03,1.2,1046.0,4.5,75.0,78.0,838.0,8.1,62.1,0.6746
2004-03-27 03:00:00,3,Saturday,2004-03,1.1,1026.0,3.8,,,851.0,7.9,63.5,0.6777
2004-03-27 04:00:00,4,Saturday,2004-03,,983.0,3.8,57.0,63.0,801.0,7.4,64.8,0.6683
2004-03-27 05:00:00,5,Saturday,2004-03,0.8,915.0,1.9,32.0,48.0,665.0,8.2,58.9,0.6444
2004-03-27 06:00:00,6,Saturday,2004-03,0.9,935.0,2.4,54.0,59.0,717.0,6.3,66.6,0.641
2004-03-27 07:00:00,7,Saturday,2004-03,1.1,976.0,3.3,68.0,65.0,795.0,7.2,62.9,0.6396
2004-03-27 08:00:00,8,Saturday,2004-03,1.5,1124.0,6.7,98.0,71.0,936.0,7.2,63.9,0.65
2004-03-27 09:00:00,9,Saturday,2004-03,1.8,1163.0,8.5,128.0,84.0,1076.0,11.1,50.5,0.6654
2004-03-27 10:00:00,10,Saturday,2004-03,2.1,1167.0,9.7,129.0,93.0,1016.0,15.5,36.1,0.6313
2004-03-27 11:00:00,11,Saturday,2004-03,2.1,1121.0,9.4,130.0,99.0,834.0,17.8,29.2,0.592
2004-03-27 12:00:00,12,Saturday,2004-03,1.9,1071.0,9.0,111.0,93.0,756.0,17.6,30.1,0.6013
2004-03-27 13:00:00,13,Saturday,2004-03,2.1,1065.0,10.0,106.0,96.0,766.0,19.1,26.8,0.5861
2004-03-27 14:00:00,14,Saturday,2004-03,2.5,1157.0,12.6,137.0,114.0,905.0,17.7,28.6,0.5735
2004-03-27 15:00:00,15,Saturday,2004-03,1.9,1046.0,7.6,113.0,101.0,765.0,17.8,28.4,0.5737
2004-03-27 16:00:00,16,Saturday,2004-03,2.2,1147.0,11.8,122.0,108.0,830.0,18.7,26.0,0.5555
2004-03-27 17:00:00,17,Saturday,2004-03,2.3,1119.0,11.2,137.0,117.0,853.0,17.1,31.3,0.6038
2004-03-27 18:00:00,18,Saturday,2004-03,2.7,1210.0,12.4,165.0,125.0,981.0,15.8,36.1,0.644
2004-03-27 19:00:00,19,Saturday,2004-03,3.0,1306.0,12.9,196.0,133.0,1286.0,14.7,40.1,0.6657
2004-03-27 20:00:00,20,Saturday,2004-03,2.8,1258.0,12.2,174.0,119.0,1244.0,13.6,44.9,0.6991
2004-03-27 21:00:00,21,Saturday,2004-03,2.2,1148.0,8.8,140.0,107.0,1056.0,12.5,48.1,0.6946
2004-03-27 22:00:00,22,Saturday,2004-03,1.6,1108.0,6.8,102.0,96.0,1003.0,11.8,50.8,0.7042
2004-03-27 23:00:00,23,Saturday,2004-03,2.1,1231.0,8.6,130.0,105.0,1245.0,10.9,56.1,0.7326
2004-03-28 00:00:00,0,Sunday,2004-03,2.3,1293.0,8.9,121.0,102.0,1200.0,10.9,55.9,0.7277
2004-03-28 01:00:00,1,Sunday,2004-03,2.3,1274.0,8.3,111.0,97.0,1188.0,10.3,58.1,0.7278
2004-03-28 02:00:00,2,Sunday,2004-03,1.7,1135.0,6.3,87.0,79.0,1070.0,9.3,62.2,0.7294
2004-03-28 03:00:00,3,Sunday,2004-03,2.2,1151.0,8.3,,,1075.0,8.2,66.7,0.7276
2004-03-28 04:00:00,4,Sunday,2004-03,1.3,1010.0,5.1,77.0,69.0,895.0,8.3,64.9,0.7124
2004-03-28 05:00:00,5,Sunday,2004-03,0.8,870.0,2.6,39.0,52.0,755.0,9.6,58.5,0.7
2004-03-28 06:00:00,6,Sunday,2004-03,1.1,983.0,3.6,77.0,62.0,806.0,7.7,66.4,0.699
2004-03-28 07:00:00,7,Sunday,2004-03,1.4,995.0,3.6,91.0,69.0,836.0,7.4,68.0,0.7043
2004-03-28 08:00:00,8,Sunday,2004-03,1.3,1024.0,4.7,105.0,75.0,897.0,9.7,58.6,0.7035
2004-03-28 09:00:00,9,Sunday,2004-03,1.9,1163.0,7.5,133.0,83.0,1073.0,12.5,50.1,0.7242
2004-03-28 10:00:00,10,Sunday,2004-03,2.3,1218.0,9.0,128.0,94.0,1088.0,16.8,36.9,0.7018
2004-03-28 11:00:00,11,Sunday,2004-03,2.3,1210.0,9.5,126.0,96.0,1036.0,19.2,31.3,0.6887
2004-03-28 12:00:00,12,Sunday,2004-03,1.8,1114.0,7.7,92.0,86.0,768.0,21.3,26.4,0.6607
2004-03-28 13:00:00,13,Sunday,2004-03,1.4,995.0,5.7,66.0,72.0,587.0,21.2,23.1,0.5768
2004-03-28 14:00:00,14,Sunday,2004-03,1.0,927.0,3.8,50.0,53.0,452.0,18.6,25.0,0.5319
2004-03-28 15:00:00,15,Sunday,2004-03,1.4,1002.0,4.8,70.0,65.0,470.0,18.0,27.3,0.5594
2004-03-28 16:00:00,16,Sunday,2004-03,1.3,987.0,4.3,73.0,70.0,502.0,18.2,28.3,0.5848
2004-03-28 17:00:00,17,Sunday,2004-03,1.3,993.0,4.1,77.0,75.0,516.0,17.0,31.4,0.6048
2004-03-28 18:00:00,18,Sunday,2004-03,1.4,1012.0,4.7,86.0,86.0,555.0,15.6,35.0,0.617
2004-03-28 19:00:00,19,Sunday,2004-03,1.9,1114.0,6.2,93.0,94.0,671.0,14.1,40.2,0.6438
2004-03-28 20:00:00,20,Sunday,2004-03,1.8,1093.0,5.5,105.0,103.0,788.0,13.4,43.2,0.6623
2004-03-28 21:00:00,21,Sunday,2004-03,1.1,968.0,3.3,67.0,81.0,538.0,12.3,46.8,0.6686
2004-03-28 22:00:00,22,Sunday,2004-03,1.1,960.0,3.2,63.0,80.0,544.0,11.9,46.5,0.6449
2004-03-28 23:00:00,23,Sunday,2004-03,1.1,942.0,2.9,63.0,77.0,500.0,11.5,46.6,0.6319
2004-03-29 00:00:00,0,Monday,2004-03,0.9,888.0,2.2,46.0,58.0,417.0,10.6,48.0,0.6135
2004-03-29 01:00:00,1,Monday,2004-03,0.6,818.0,1.3,21.0,31.0,341.0,10.7,45.8,0.5895
2004-03-29 02:00:00,2,Monday,2004-03,0.5,840.0,1.1,22.0,38.0,352.0,10.4,46.6,0.5901
2004-03-29 03:00:00,3,Monday,2004-03,0.7,894.0,1.3,,,397.0,10.1,47.8,0.5913
2004-03-29 04:00:00,4,Monday,2004-03,0.6,864.0,1.2,39.0,59.0,502.0,11.3,46.9,0.628
2004-03-29 05:00:00,5,Monday,2004-03,0.7,898.0,1.7,55.0,70.0,648.0,10.1,51.2,0.6341
2004-03-29 06:00:00,6,Monday,2004-03,0.9,946.0,2.9,76.0,75.0,760.0,9.9,50.7,0.6167
2004-03-29 07:00:00,7,Monday,2004-03,2.9,1309.0,14.3,181.0,103.0,1183.0,8.1,56.8,0.615
2004-03-29 08:00:00,8,Monday,2004-03,4.1,1326.0,19.7,259.0,134.0,1431.0,10.9,44.1,0.5748
2004-03-29 09:00:00,9,Monday,2004-03,1.5,966.0,5.5,118.0,98.0,705.0,11.8,37.6,0.5184
2004-03-29 10:00:00,10,Monday,2004-03,1.5,975.0,5.6,119.0,97.0,637.0,13.9,33.2,0.5222
2004-03-29 11:00:00,11,Monday,2004-03,1.5,988.0,5.8,123.0,98.0,658.0,15.6,30.1,0.5285
2004-03-29 12:00:00,12,Monday,2004-03,1.4,971.0,5.5,92.0,78.0,546.0,16.5,29.0,0.5406
2004-03-29 13:00:00,13,Monday,2004-03,1.6,1010.0,6.5,91.0,83.0,561.0,17.5,27.9,0.5517
2004-03-29 14:00:00,14,Monday,2004-03,1.5,984.0,5.5,103.0,92.0,532.0,17.9,26.8,0.5446
2004-03-29 15:00:00,15,Monday,2004-03,1.4,962.0,5.2,102.0,81.0,535.0,18.2,26.1,0.5387
2004-03-29 16:00:00,16,Monday,2004-03,1.5,1012.0,5.8,94.0,90.0,525.0,18.0,27.1,0.5522
2004-03-29 17:00:00,17,Monday,2004-03,1.9,1058.0,7.9,98.0,95.0,603.0,17.0,28.9,0.5558
2004-03-29 18:00:00,18,Monday,2004-03,2.5,1173.0,10.2,126.0,114.0,802.0,16.1,31.3,0.568
2004-03-29 19:00:00,19,Monday,2004-03,2.1,1127.0,8.2,108.0,106.0,796.0,14.5,35.4,0.5839
2004-03-29 20:00:00,20,Monday,2004-03,1.6,1020.0,5.7,95.0,99.0,689.0,13.2,37.9,0.5733
2004-03-29 21:00:00,21,Monday,2004-03,1.2,949.0,3.8,78.0,90.0,553.0,13.1,34.4,0.517
2004-03-29 22:00:00,22,Monday,2004-03,1.1,930.0,4.0,61.0,82.0,509.0,13.5,28.5,0.4405
2004-03-29 23:00:00,23,Monday,2004-03,1.0,900.0,2.8,55.0,74.0,455.0,12.4,31.9,0.4583
2004-03-30 00:00:00,0,Tuesday,2004-03,1.0,899.0,2.6,57.0,76.0,425.0,13.1,26.8,0.4023
2004-03-30 01:00:00,1,Tuesday,2004-03,0.7,866.0,1.8,41.0,66.0,436.0,11.6,33.6,0.4595
2004-03-30 02:00:00,2,Tuesday,2004-03,0.7,900.0,1.7,46.0,73.0,618.0,10.5,42.9,0.5442
2004-03-30 03:00:00,3,Tuesday,2004-03,0.8,949.0,1.4,,,747.0,11.7,38.7,0.5298
2004-03-30 04:00:00,4,Tuesday,2004-03,,897.0,1.3,41.0,69.0,693.0,12.2,37.2,0.5277
2004-03-30 05:00:00,5,Tuesday,2004-03,0.7,956.0,2.3,52.0,71.0,691.0,12.9,33.9,0.5037
2004-03-30 06:00:00,6,Tuesday,2004-03,1.1,1054.0,5.3,111.0,98.0,1013.0,11.3,40.3,0.5376
2004-03-30 07:00:00,7,Tuesday,2004-03,2.6,1343.0,13.4,191.0,115.0,1311.0,11.9,38.4,0.5341
2004-03-30 08:00:00,8,Tuesday,2004-03,4.0,1584.0,23.8,244.0,130.0,1675.0,13.3,35.6,0.5416
2004-03-30 09:00:00,9,Tuesday,2004-03,4.2,1556.0,21.5,283.0,150.0,1689.0,16.3,28.8,0.5305
2004-03-30 10:00:00,10,Tuesday,2004-03,4.7,1565.0,21.0,320.0,159.0,1688.0,17.9,28.2,0.5741
2004-03-30 11:00:00,11,Tuesday,2004-03,3.9,1429.0,18.4,249.0,146.0,1548.0,18.3,26.6,0.5529
2004-03-30 12:00:00,12,Tuesday,2004-03,3.7,1419.0,18.9,219.0,138.0,1490.0,20.8,22.5,0.5463
2004-03-30 13:00:00,13,Tuesday,2004-03,3.4,1373.0,17.1,200.0,128.0,1354.0,22.4,20.0,0.5352
2004-03-30 14:00:00,14,Tuesday,2004-03,2.2,1185.0,10.4,138.0,97.0,1014.0,20.9,21.7,0.5295
2004-03-30 15:00:00,15,Tuesday,2004-03,1.9,1122.0,8.0,118.0,91.0,831.0,19.1,26.5,0.579
2004-03-30 16:00:00,16,Tuesday,2004-03,1.6,1085.0,6.2,99.0,81.0,699.0,18.1,30.6,0.6295
2004-03-30 17:00:00,17,Tuesday,2004-03,2.1,1249.0,9.7,112.0,99.0,926.0,17.3,34.7,0.6788
2004-03-30 18:00:00,18,Tuesday,2004-03,2.2,1236.0,9.6,117.0,101.0,928.0,15.8,40.4,0.7228
2004-03-30 19:00:00,19,Tuesday,2004-03,2.7,1334.0,11.9,129.0,106.0,1038.0,15.9,42.0,0.7541
2004-03-30 20:00:00,20,Tuesday,2004-03,2.4,1264.0,8.7,132.0,102.0,1035.0,15.9,43.5,0.779
2004-03-30 21:00:00,21,Tuesday,2004-03,1.3,1073.0,4.7,73.0,84.0,789.0,15.0,46.1,0.7833
2004-03-30 22:00:00,22,Tuesday,2004-03,1.2,1053.0,3.8,68.0,81.0,692.0,15.1,44.6,0.7574
2004-03-30 23:00:00,23,Tuesday,2004-03,1.5,1098.0,4.7,80.0,91.0,764.0,14.9,43.5,0.7302
2004-03-31 00:00:00,0,Wednesday,2004-03,1.3,1029.0,3.8,68.0,82.0,639.0,14.8,41.0,0.685
2004-03-31 01:00:00,1,Wednesday,2004-03,1.0,973.0,2.7,44.0,64.0,541.0,14.8,40.8,0.6814
2004-03-31 02:00:00,2,Wednesday,2004-03,0.9,972.0,2.8,47.0,70.0,678.0,14.8,40.8,0.6834
2004-03-31 03:00:00,3,Wednesday,2004-03,0.5,832.0,1.0,,,381.0,14.2,36.1,0.5823
2004-03-31 04:00:00,4,Wednesday,2004-03,0.5,851.0,0.8,15.0,26.0,343.0,14.5,36.1,0.5928
2004-03-31 05:00:00,5,Wednesday,2004-03,0.6,909.0,1.5,44.0,58.0,436.0,14.6,36.0,0.5947
2004-03-31 06:00:00,6,Wednesday,2004-03,1.0,1038.0,3.5,85.0,93.0,688.0,14.4,38.5,0.6291
2004-03-31 07:00:00,7,Wednesday,2004-03,3.1,1636.0,15.6,207.0,110.0,1438.0,13.8,58.2,0.9129
2004-03-31 08:00:00,8,Wednesday,2004-03,4.1,1580.0,19.9,230.0,115.0,1489.0,13.2,61.1,0.9256
2004-03-31 09:00:00,9,Wednesday,2004-03,2.2,1262.0,8.6,181.0,125.0,1093.0,10.4,74.4,0.9384
2004-03-31 10:00:00,10,Wednesday,2004-03,1.7,1197.0,6.5,144.0,118.0,965.0,11.5,71.0,0.9582
2004-03-31 11:00:00,11,Wednesday,2004-03,1.9,1277.0,7.7,140.0,109.0,1004.0,12.2,70.0,0.9924
2004-03-31 12:00:00,12,Wednesday,2004-03,2.9,1430.0,11.3,204.0,123.0,1166.0,12.3,73.3,1.0442
2004-03-31 13:00:00,13,Wednesday,2004-03,2.2,1242.0,9.1,149.0,114.0,991.0,11.3,78.1,1.0411
2004-03-31 14:00:00,14,Wednesday,2004-03,2.6,1349.0,11.2,171.0,114.0,1054.0,13.6,69.2,1.0746
2004-03-31 15:00:00,15,Wednesday,2004-03,3.1,1390.0,13.5,195.0,119.0,1192.0,14.9,59.3,0.9974
2004-03-31 16:00:00,16,Wednesday,2004-03,2.3,1224.0,10.1,152.0,111.0,1055.0,15.7,50.9,0.8997
2004-03-31 17:00:00,17,Wednesday,2004-03,2.4,1253.0,11.3,128.0,103.0,1048.0,15.2,52.9,0.9087
2004-03-31 18:00:00,18,Wednesday,2004-03,2.8,1312.0,11.8,121.0,103.0,1073.0,15.5,50.8,0.8881
2004-03-31 19:00:00,19,Wednesday,2004-03,2.7,1254.0,11.5,142.0,107.0,1068.0,14.3,52.9,0.8581
2004-03-31 20:00:00,20,Wednesday,2004-03,2.3,1198.0,9.3,131.0,105.0,1019.0,13.2,56.0,0.8446
2004-03-31 21:00:00,21,Wednesday,2004-03,1.5,1060.0,5.5,81.0,91.0,833.0,12.6,57.0,0.8315
2004-03-31 22:00:00,22,Wednesday,2004-03,1.4,1050.0,5.1,60.0,79.0,759.0,12.3,57.8,0.8224
2004-03-31 23:00:00,23,Wednesday,2004-03,1.2,1029.0,4.8,57.0,79.0,749.0,12.0,58.4,0.8164
2004-04-01 00:00:00,0,Thursday,2004-04,1.6,1143.0,6.3,96.0,86.0,978.0,12.0,61.6,0.8593
2004-04-01 01:00:00,1,Thursday,2004-04,1.2,1044.0,5.1,85.0,70.0,944.0,11.5,63.9,0.8652
2004-04-01 02:00:00,2,Thursday,2004-04,1.1,1034.0,4.1,50.0,55.0,891.0,10.7,67.2,0.863
2004-04-01 03:00:00,3,Thursday,2004-04,0.9,956.0,4.0,,,849.0,9.0,73.1,0.8394
2004-04-01 04:00:00,4,Thursday,2004-04,0.7,909.0,2.4,57.0,49.0,790.0,10.2,66.6,0.8299
2004-04-01 05:00:00,5,Thursday,2004-04,0.9,996.0,2.9,64.0,50.0,852.0,11.0,63.7,0.8325
2004-04-01 06:00:00,6,Thursday,2004-04,1.7,1154.0,7.4,153.0,67.0,987.0,9.6,68.8,0.8243
2004-04-01 07:00:00,7,Thursday,2004-04,4.2,1510.0,19.8,342.0,94.0,1435.0,9.5,69.6,0.8273
2004-04-01 08:00:00,8,Thursday,2004-04,6.2,1722.0,31.9,378.0,119.0,1798.0,11.9,60.9,0.8455
2004-04-01 09:00:00,9,Thursday,2004-04,4.6,1512.0,21.0,304.0,139.0,1677.0,16.2,48.6,0.8892
2004-04-01 10:00:00,10,Thursday,2004-04,2.8,1258.0,11.7,192.0,113.0,1282.0,19.2,39.6,0.8693
2004-04-01 11:00:00,11,Thursday,2004-04,1.6,1094.0,6.8,130.0,88.0,871.0,19.7,38.4,0.8743
2004-04-01 12:00:00,12,Thursday,2004-04,1.7,1129.0,7.4,106.0,73.0,759.0,20.6,36.7,0.8797
2004-04-01 13:00:00,13,Thursday,2004-04,1.7,1125.0,8.6,102.0,73.0,790.0,21.8,33.9,0.8771
2004-04-01 14:00:00,14,Thursday,2004-04,1.7,,,99.0,72.0,,,,
2004-04-01 15:00:00,15,Thursday,2004-04,1.9,,,108.0,81.0,,,,
2004-04-01 16:00:00,16,Thursday,2004-04,2.3,,,131.0,93.0,,,,
2004-04-01 17:00:00,17,Thursday,2004-04,3.3,1308.0,16.4,163.0,106.0,1187.0,23.6,27.5,0.7913
2004-04-01 18:00:00,18,Thursday,2004-04,4.2,1529.0,21.2,211.0,132.0,1399.0,22.8,32.1,0.8814
2004-04-01 19:00:00,19,Thursday,2004-04,5.5,1592.0,25.0,267.0,164.0,1644.0,20.8,36.7,0.8878
2004-04-01 20:00:00,20,Thursday,2004-04,4.9,1536.0,20.2,269.0,161.0,1599.0,18.3,40.9,0.8493
2004-04-01 21:00:00,21,Thursday,2004-04,2.5,1192.0,10.8,154.0,124.0,1223.0,16.8,44.0,0.8341
2004-04-01 22:00:00,22,Thursday,2004-04,2.0,1186.0,9.9,127.0,113.0,1200.0,15.8,48.0,0.8569
2004-04-01 23:00:00,23,Thursday,2004-04,2.0,1203.0,8.5,122.0,103.0,1118.0,14.9,52.0,0.8757
2004-04-02 00:00:00,0,Friday,2004-04,2.0,1139.0,8.0,126.0,104.0,1067.0,14.1,54.4,0.8701
2004-04-02 01:00:00,1,Friday,2004-04,1.3,1072.0,5.6,84.0,93.0,1048.0,13.3,58.8,0.8922
2004-04-02 02:00:00,2,Friday,2004-04,1.0,954.0,3.2,58.0,60.0,718.0,13.3,60.9,0.9229
2004-04-02 03:00:00,3,Friday,2004-04,0.9,951.0,3.3,,,797.0,11.8,64.3,0.8869
2004-04-02 04:00:00,4,Friday,2004-04,,926.0,2.8,37.0,52.0,749.0,11.2,65.9,0.8775
2004-04-02 05:00:00,5,Friday,2004-04,0.7,968.0,2.6,56.0,66.0,737.0,11.3,72.9,0.9738
2004-04-02 06:00:00,6,Friday,2004-04,1.1,1067.0,4.3,91.0,82.0,903.0,11.4,71.8,0.9671
2004-04-02 07:00:00,7,Friday,2004-04,2.6,1386.0,13.0,159.0,109.0,1159.0,11.9,73.7,1.0254
2004-04-02 08:00:00,8,Friday,2004-04,3.9,1474.0,20.3,190.0,114.0,1365.0,12.6,70.2,1.0221
2004-04-02 09:00:00,9,Friday,2004-04,5.0,1569.0,20.7,249.0,139.0,1510.0,13.6,65.3,1.0136
2004-04-02 10:00:00,10,Friday,2004-04,3.3,1375.0,15.9,196.0,127.0,1386.0,16.9,52.3,1.0013
2004-04-02 11:00:00,11,Friday,2004-04,2.9,1328.0,14.2,180.0,127.0,1368.0,19.4,44.1,0.9855
2004-04-02 12:00:00,12,Friday,2004-04,3.1,1341.0,15.9,167.0,135.0,1347.0,22.9,33.8,0.9322
2004-04-02 13:00:00,13,Friday,2004-04,3.0,1297.0,16.1,159.0,130.0,1242.0,23.6,31.3,0.9001
2004-04-02 14:00:00,14,Friday,2004-04,2.7,1303.0,14.7,152.0,126.0,1138.0,24.7,30.5,0.9371
2004-04-02 15:00:00,15,Friday,2004-04,2.7,1281.0,14.0,149.0,121.0,1080.0,26.1,27.3,0.9101
2004-04-02 16:00:00,16,Friday,2004-04,2.6,1248.0,13.6,143.0,122.0,1002.0,27.6,22.8,0.8288
2004-04-02 17:00:00,17,Friday,2004-04,3.7,1382.0,19.7,185.0,138.0,1212.0,26.9,22.3,0.7792
2004-04-02 18:00:00,18,Friday,2004-04,4.5,1491.0,23.3,223.0,165.0,1486.0,24.3,30.1,0.9012
2004-04-02 19:00:00,19,Friday,2004-04,4.7,1620.0,24.1,215.0,154.0,1567.0,21.2,40.1,0.9978
2004-04-02 20:00:00,20,Friday,2004-04,5.5,1693.0,25.4,271.0,168.0,1723.0,19.4,42.5,0.9483
2004-04-02 21:00:00,21,Friday,2004-04,3.0,1374.0,14.1,180.0,146.0,1399.0,18.5,43.0,0.9074
2004-04-02 22:00:00,22,Friday,2004-04,1.9,1287.0,10.1,115.0,124.0,1291.0,17.8,47.0,0.9467
2004-04-02 23:00:00,23,Friday,2004-04,2.3,1408.0,12.1,149.0,124.0,1443.0,16.8,53.2,1.01
2004-04-03 00:00:00,0,Saturday,2004-04,1.6,1254.0,9.0,98.0,106.0,1270.0,17.1,51.8,0.999
2004-04-03 01:00:00,1,Saturday,2004-04,1.3,1141.0,6.3,73.0,88.0,1110.0,16.2,54.2,0.9933
2004-04-03 02:00:00,2,Saturday,2004-04,1.2,1141.0,5.3,69.0,83.0,1060.0,15.1,58.2,0.9886
2004-04-03 03:00:00,3,Saturday,2004-04,0.9,1042.0,3.8,,,965.0,15.1,57.6,0.9796
2004-04-03 04:00:00,4,Saturday,2004-04,0.8,986.0,3.0,60.0,74.0,891.0,14.5,58.0,0.9488
2004-04-03 05:00:00,5,Saturday,2004-04,0.8,1005.0,3.3,56.0,64.0,905.0,13.7,61.6,0.9631
2004-04-03 06:00:00,6,Saturday,2004-04,0.9,1041.0,3.5,73.0,69.0,899.0,13.9,59.6,0.9408
2004-04-03 07:00:00,7,Saturday,2004-04,2.0,1272.0,9.5,159.0,91.0,1136.0,13.3,61.7,0.9399
2004-04-03 08:00:00,8,Saturday,2004-04,3.0,1436.0,15.2,203.0,96.0,1391.0,15.1,55.8,0.9486
2004-04-03 09:00:00,9,Saturday,2004-04,3.1,1472.0,14.3,211.0,106.0,1460.0,17.0,50.5,0.9684
2004-04-03 10:00:00,10,Saturday,2004-04,,1418.0,11.2,,,1410.0,19.7,43.3,0.9837
2004-04-03 11:00:00,11,Saturday,2004-04,,1410.0,11.4,,,1372.0,20.7,41.7,1.0092
2004-04-03 12:00:00,12,Saturday,2004-04,,1438.0,13.4,,,1266.0,23.3,35.8,1.0098
2004-04-03 13:00:00,13,Saturday,2004-04,,1278.0,10.6,,,1014.0,23.8,30.5,0.8897
2004-04-03 14:00:00,14,Saturday,2004-04,,1257.0,10.8,,,870.0,24.8,27.0,0.8325
2004-04-03 15:00:00,15,Saturday,2004-04,,1331.0,11.9,,,905.0,25.0,27.5,0.8575
2004-04-03 16:00:00,16,Saturday,2004-04,,1361.0,13.5,,,991.0,25.8,26.5,0.8675
2004-04-03 17:00:00,17,Saturday,2004-04,,1398.0,15.2,,,1076.0,25.1,27.1,0.8496
2004-04-03 18:00:00,18,Saturday,2004-04,,1483.0,17.1,,,1249.0,23.7,28.6,0.8273
2004-04-03 19:00:00,19,Saturday,2004-04,,1697.0,26.7,,,1548.0,22.1,36.8,0.9681
2004-04-03 20:00:00,20,Saturday,2004-04,,1459.0,14.2,,,1300.0,19.9,47.5,1.0912
2004-04-03 21:00:00,21,Saturday,2004-04,,1268.0,8.5,,,1029.0,18.7,50.4,1.0772
2004-04-03 22:00:00,22,Saturday,2004-04,,1469.0,14.3,,,1207.0,18.1,51.3,1.0587
2004-04-03 23:00:00,23,Saturday,2004-04,,1316.0,9.3,,,1047.0,17.5,53.8,1.0648
2004-04-04 00:00:00,0,Sunday,2004-04,,1224.0,7.8,,,923.0,16.7,56.5,1.0634
2004-04-04 01:00:00,1,Sunday,2004-04,,1215.0,6.7,,,862.0,15.9,59.2,1.0635
2004-04-04 02:00:00,2,Sunday,2004-04,,1115.0,5.4,,,752.0,15.2,62.4,1.0726
2004-04-04 03:00:00,3,Sunday,2004-04,,1124.0,5.6,,,791.0,14.7,65.0,1.0766
2004-04-04 04:00:00,4,Sunday,2004-04,,1028.0,3.5,,,697.0,14.3,65.3,1.0594
2004-04-04 05:00:00,5,Sunday,2004-04,,1010.0,3.0,,,664.0,13.7,66.5,1.0393
2004-04-04 06:00:00,6,Sunday,2004-04,,1074.0,4.4,,,891.0,12.9,69.1,1.0264
2004-04-04 07:00:00,7,Sunday,2004-04,,1034.0,3.5,,,813.0,13.7,64.8,1.0135
2004-04-04 08:00:00,8,Sunday,2004-04,,1130.0,4.2,,,828.0,15.3,59.0,1.0181
2004-04-04 09:00:00,9,Sunday,2004-04,,1275.0,8.0,,,1057.0,18.1,49.8,1.0272
2004-04-04 10:00:00,10,Sunday,2004-04,,1324.0,9.0,,,1011.0,21.5,40.7,1.0301
2004-04-04 11:00:00,11,Sunday,2004-04,,1268.0,8.1,,,932.0,23.3,37.1,1.0457
2004-04-04 12:00:00,12,Sunday,2004-04,,1272.0,8.6,,,881.0,25.1,33.8,1.0594
2004-04-04 13:00:00,13,Sunday,2004-04,,1160.0,7.1,,,646.0,25.6,32.1,1.0393
2004-04-04 14:00:00,14,Sunday,2004-04,,1136.0,5.6,,,536.0,25.8,31.1,1.0143
2004-04-04 15:00:00,15,Sunday,2004-04,,1296.0,10.0,,,746.0,26.1,30.8,1.0253
2004-04-04 16:00:00,16,Sunday,2004-04,,1345.0,10.5,,,833.0,24.4,36.0,1.085
2004-04-04 17:00:00,17,Sunday,2004-04,,1296.0,10.1,,,802.0,23.0,36.2,1.0053
2004-04-04 18:00:00,18,Sunday,2004-04,,1258.0,10.0,,,838.0,22.1,39.3,1.0336
2004-04-04 19:00:00,19,Sunday,2004-04,,1420.0,13.0,,,1051.0,19.8,44.6,1.0208
2004-04-04 20:00:00,20,Sunday,2004-04,,1366.0,10.5,,,1041.0,18.5,48.9,1.0323
2004-04-04 21:00:00,21,Sunday,2004-04,,1113.0,5.2,,,646.0,16.6,56.1,1.0481
2004-04-04 22:00:00,22,Sunday,2004-04,,1196.0,6.9,,,769.0,15.8,58.8,1.0464
2004-04-04 23:00:00,23,Sunday,2004-04,,1188.0,6.4,,,785.0,15.3,60.8,1.0501
2004-04-05 00:00:00,0,Monday,2004-04,,1102.0,4.7,,,613.0,14.7,64.4,1.0717
2004-04-05 01:00:00,1,Monday,2004-04,,969.0,2.4,,,430.0,14.8,63.3,1.0584
2004-04-05 02:00:00,2,Monday,2004-04,,983.0,2.2,,,485.0,15.0,61.5,1.0418
2004-04-05 03:00:00,3,Monday,2004-04,,876.0,1.1,,,467.0,15.5,56.9,0.9961
2004-04-05 04:00:00,4,Monday,2004-04,,884.0,0.9,,,436.0,16.0,54.0,0.9742
2004-04-05 05:00:00,5,Monday,2004-04,,1024.0,3.1,,,682.0,13.5,63.9,0.9809
2004-04-05 06:00:00,6,Monday,2004-04,,1126.0,6.2,,,927.0,12.9,65.3,0.9688
2004-04-05 07:00:00,7,Monday,2004-04,,1415.0,13.2,,,1192.0,13.4,62.5,0.9582
2004-04-05 08:00:00,8,Monday,2004-04,,1631.0,25.8,,,1615.0,14.5,58.8,0.963
2004-04-05 09:00:00,9,Monday,2004-04,,1499.0,18.2,,,1505.0,15.3,56.7,0.9773
2004-04-05 10:00:00,10,Monday,2004-04,3.1,1461.0,14.3,236.0,124.0,1451.0,15.6,57.4,1.0075
2004-04-05 11:00:00,11,Monday,2004-04,3.0,1430.0,13.7,228.0,121.0,1409.0,16.6,55.2,1.0382
2004-04-05 12:00:00,12,Monday,2004-04,3.2,1498.0,15.7,206.0,114.0,1434.0,17.0,54.3,1.0434
2004-04-05 13:00:00,13,Monday,2004-04,3.1,1454.0,15.4,188.0,114.0,1457.0,18.0,51.5,1.0552
2004-04-05 14:00:00,14,Monday,2004-04,2.5,1402.0,12.6,158.0,106.0,1325.0,19.5,47.5,1.0653
2004-04-05 15:00:00,15,Monday,2004-04,2.1,1327.0,9.8,124.0,89.0,1120.0,21.6,41.7,1.0606
2004-04-05 16:00:00,16,Monday,2004-04,2.0,1273.0,9.6,98.0,82.0,931.0,22.2,38.3,1.0106
2004-04-05 17:00:00,17,Monday,2004-04,3.2,1457.0,16.3,160.0,111.0,1212.0,20.3,42.8,1.0053
2004-04-05 18:00:00,18,Monday,2004-04,4.1,1543.0,19.8,194.0,132.0,1353.0,19.7,45.4,1.0312
2004-04-05 19:00:00,19,Monday,2004-04,3.9,1499.0,18.0,174.0,121.0,1359.0,18.8,47.5,1.0199
2004-04-05 20:00:00,20,Monday,2004-04,3.1,1378.0,13.6,157.0,116.0,1273.0,17.9,49.4,1.0064
2004-04-05 21:00:00,21,Monday,2004-04,2.0,1243.0,8.7,109.0,100.0,1079.0,17.5,50.9,1.009
2004-04-05 22:00:00,22,Monday,2004-04,1.7,1196.0,7.7,85.0,89.0,973.0,17.4,51.8,1.023
2004-04-05 23:00:00,23,Monday,2004-04,1.6,1137.0,7.3,90.0,92.0,951.0,17.0,53.9,1.0363
2004-04-06 00:00:00,0,Tuesday,2004-04,1.0,1015.0,4.1,61.0,71.0,714.0,16.6,55.4,1.0408
2004-04-06 01:00:00,1,Tuesday,2004-04,0.8,978.0,2.7,36.0,51.0,579.0,15.9,57.0,1.0224
2004-04-06 02:00:00,2,Tuesday,2004-04,0.5,933.0,1.5,25.0,39.0,542.0,15.0,59.2,1.0059
2004-04-06 03:00:00,3,Tuesday,2004-04,0.5,927.0,1.9,,,562.0,14.5,61.4,1.0041
2004-04-06 04:00:00,4,Tuesday,2004-04,0.5,908.0,1.8,24.0,35.0,526.0,14.1,61.6,0.9883
2004-04-06 05:00:00,5,Tuesday,2004-04,0.8,980.0,3.4,73.0,64.0,659.0,14.6,58.8,0.9711
2004-04-06 06:00:00,6,Tuesday,2004-04,1.7,1236.0,8.5,164.0,94.0,1012.0,14.4,58.9,0.9594
2004-04-06 07:00:00,7,Tuesday,2004-04,4.5,1664.0,24.1,329.0,134.0,1564.0,15.3,55.2,0.9538
2004-04-06 08:00:00,8,Tuesday,2004-04,6.2,1757.0,33.7,302.0,129.0,1806.0,16.2,52.5,0.9576
2004-04-06 09:00:00,9,Tuesday,2004-04,4.4,1524.0,22.0,256.0,125.0,1604.0,18.4,46.3,0.9734
2004-04-06 10:00:00,10,Tuesday,2004-04,2.9,1329.0,14.1,182.0,107.0,1288.0,19.6,41.8,0.9407
2004-04-06 11:00:00,11,Tuesday,2004-04,1.6,1167.0,7.6,105.0,78.0,931.0,20.2,40.1,0.937
2004-04-06 12:00:00,12,Tuesday,2004-04,2.6,1369.0,14.5,136.0,91.0,1162.0,20.9,36.6,0.8939
2004-04-06 13:00:00,13,Tuesday,2004-04,2.9,1284.0,13.6,167.0,116.0,1064.0,20.4,34.7,0.8229
2004-04-06 14:00:00,14,Tuesday,2004-04,2.5,1221.0,11.5,166.0,131.0,913.0,19.3,35.4,0.7813
2004-04-06 15:00:00,15,Tuesday,2004-04,1.9,1096.0,9.2,115.0,113.0,684.0,18.6,36.9,0.7829
2004-04-06 16:00:00,16,Tuesday,2004-04,1.9,1143.0,10.3,109.0,98.0,710.0,18.8,36.8,0.7883
2004-04-06 17:00:00,17,Tuesday,2004-04,2.7,1251.0,14.0,143.0,116.0,923.0,17.5,40.6,0.8068
2004-04-06 18:00:00,18,Tuesday,2004-04,3.0,1268.0,15.0,159.0,120.0,1006.0,16.8,44.3,0.8428
2004-04-06 19:00:00,19,Tuesday,2004-04,3.3,1314.0,15.1,181.0,126.0,1083.0,16.3,47.7,0.8746
2004-04-06 20:00:00,20,Tuesday,2004-04,3.2,1315.0,14.8,178.0,126.0,1161.0,15.6,50.7,0.8947
2004-04-06 21:00:00,21,Tuesday,2004-04,1.8,1095.0,8.5,91.0,90.0,800.0,15.7,49.4,0.8768
2004-04-06 22:00:00,22,Tuesday,2004-04,1.3,1027.0,5.9,76.0,81.0,647.0,15.8,48.6,0.8653
2004-04-06 23:00:00,23,Tuesday,2004-04,1.1,1012.0,4.8,66.0,74.0,649.0,15.7,47.0,0.8325
2004-04-07 00:00:00,0,Wednesday,2004-04,0.9,948.0,4.0,56.0,67.0,575.0,15.7,45.9,0.8121
2004-04-07 01:00:00,1,Wednesday,2004-04,0.7,889.0,2.3,35.0,46.0,455.0,15.6,44.9,0.792
2004-04-07 02:00:00,2,Wednesday,2004-04,0.4,830.0,1.4,21.0,30.0,392.0,15.6,44.4,0.7827
2004-04-07 03:00:00,3,Wednesday,2004-04,0.3,801.0,0.7,,,340.0,16.1,42.4,0.7718
2004-04-07 04:00:00,4,Wednesday,2004-04,0.3,804.0,0.7,12.0,19.0,320.0,15.7,45.4,0.8063
2004-04-07 05:00:00,5,Wednesday,2004-04,0.3,824.0,0.8,22.0,32.0,331.0,15.3,50.1,0.8617
2004-04-07 06:00:00,6,Wednesday,2004-04,0.8,1000.0,3.6,55.0,61.0,426.0,14.2,58.6,0.9443
2004-04-07 07:00:00,7,Wednesday,2004-04,2.8,1307.0,12.9,152.0,111.0,830.0,14.3,58.2,0.9431
2004-04-07 08:00:00,8,Wednesday,2004-04,3.1,1286.0,15.7,153.0,102.0,1006.0,15.0,52.0,0.8817
2004-04-07 09:00:00,9,Wednesday,2004-04,2.3,1150.0,8.6,152.0,116.0,820.0,13.6,61.4,0.9519
2004-04-07 10:00:00,10,Wednesday,2004-04,1.6,1087.0,7.4,112.0,96.0,737.0,16.1,53.1,0.9675
2004-04-07 11:00:00,11,Wednesday,2004-04,1.5,1016.0,6.6,119.0,97.0,790.0,16.6,44.3,0.8294
2004-04-07 12:00:00,12,Wednesday,2004-04,1.6,1029.0,7.8,122.0,110.0,760.0,17.4,40.3,0.7922
2004-04-07 13:00:00,13,Wednesday,2004-04,1.8,1109.0,9.1,115.0,103.0,767.0,18.1,42.2,0.8679
2004-04-07 14:00:00,14,Wednesday,2004-04,1.4,997.0,6.1,84.0,79.0,626.0,14.4,51.8,0.8433
2004-04-07 15:00:00,15,Wednesday,2004-04,1.9,1177.0,7.5,146.0,104.0,776.0,10.9,76.4,0.9953
2004-04-07 16:00:00,16,Wednesday,2004-04,1.2,1045.0,5.9,65.0,69.0,589.0,16.4,47.7,0.8819
2004-04-07 17:00:00,17,Wednesday,2004-04,2.3,1171.0,12.7,120.0,96.0,872.0,18.0,37.1,0.7598
2004-04-07 18:00:00,18,Wednesday,2004-04,3.3,1221.0,13.5,185.0,121.0,996.0,14.7,48.7,0.8089
2004-04-07 19:00:00,19,Wednesday,2004-04,3.1,1262.0,14.5,157.0,129.0,1033.0,11.3,71.3,0.9514
2004-04-07 20:00:00,20,Wednesday,2004-04,3.3,1207.0,11.0,174.0,116.0,982.0,10.0,74.0,0.9087
2004-04-07 21:00:00,21,Wednesday,2004-04,1.2,956.0,3.2,62.0,71.0,518.0,9.8,71.8,0.8702
2004-04-07 22:00:00,22,Wednesday,2004-04,1.3,1020.0,4.3,81.0,85.0,631.0,9.3,75.2,0.8796
2004-04-07 23:00:00,23,Wednesday,2004-04,1.9,1107.0,7.1,118.0,101.0,879.0,9.6,76.0,0.9088
2004-04-08 00:00:00,0,Thursday,2004-04,1.4,1020.0,4.8,95.0,97.0,839.0,9.3,75.0,0.8799
2004-04-08 01:00:00,1,Thursday,2004-04,1.5,1051.0,5.7,84.0,89.0,876.0,9.0,76.7,0.8825
2004-04-08 02:00:00,2,Thursday,2004-04,1.1,965.0,4.1,56.0,72.0,827.0,8.2,79.6,0.8672
2004-04-08 03:00:00,3,Thursday,2004-04,0.8,890.0,3.3,,,781.0,7.6,80.6,0.8437
2004-04-08 04:00:00,4,Thursday,2004-04,,823.0,1.8,43.0,57.0,699.0,8.3,75.6,0.8302
2004-04-08 05:00:00,5,Thursday,2004-04,0.8,869.0,2.8,69.0,62.0,723.0,8.1,72.1,0.7798
2004-04-08 06:00:00,6,Thursday,2004-04,1.1,939.0,4.8,74.0,64.0,797.0,8.1,70.4,0.7609
2004-04-08 07:00:00,7,Thursday,2004-04,2.6,1274.0,13.8,161.0,80.0,1138.0,8.1,70.5,0.7627
2004-04-08 08:00:00,8,Thursday,2004-04,5.1,1512.0,27.1,308.0,118.0,1605.0,9.9,64.3,0.7859
2004-04-08 09:00:00,9,Thursday,2004-04,4.2,1435.0,19.1,300.0,130.0,1569.0,13.0,54.2,0.809
2004-04-08 10:00:00,10,Thursday,2004-04,2.6,1207.0,11.7,189.0,113.0,1319.0,16.5,42.6,0.7912
2004-04-08 11:00:00,11,Thursday,2004-04,2.4,1223.0,12.7,164.0,112.0,1198.0,19.3,34.2,0.7566
2004-04-08 12:00:00,12,Thursday,2004-04,2.1,1121.0,11.3,122.0,96.0,958.0,21.5,27.4,0.6941
2004-04-08 13:00:00,13,Thursday,2004-04,2.6,1176.0,14.2,166.0,125.0,1068.0,20.4,26.7,0.6323
2004-04-08 14:00:00,14,Thursday,2004-04,2.8,1144.0,13.9,181.0,128.0,1010.0,20.6,22.6,0.5432
2004-04-08 15:00:00,15,Thursday,2004-04,2.5,1136.0,13.2,127.0,101.0,928.0,20.6,24.8,0.5931
2004-04-08 16:00:00,16,Thursday,2004-04,1.9,1085.0,10.7,106.0,95.0,816.0,21.0,25.4,0.6264
2004-04-08 17:00:00,17,Thursday,2004-04,3.6,1297.0,19.7,192.0,138.0,1216.0,21.5,24.5,0.6203
2004-04-08 18:00:00,18,Thursday,2004-04,4.6,1408.0,24.0,241.0,154.0,1463.0,19.3,28.6,0.6357
2004-04-08 19:00:00,19,Thursday,2004-04,6.3,1618.0,29.1,326.0,171.0,1791.0,18.0,32.9,0.6737
2004-04-08 20:00:00,20,Thursday,2004-04,4.3,1319.0,15.8,232.0,136.0,1425.0,15.8,39.8,0.7096
2004-04-08 21:00:00,21,Thursday,2004-04,1.6,1045.0,7.0,92.0,93.0,922.0,15.3,41.5,0.7194
2004-04-08 22:00:00,22,Thursday,2004-04,1.4,1058.0,6.3,95.0,99.0,971.0,14.1,46.0,0.7363
2004-04-08 23:00:00,23,Thursday,2004-04,2.0,,,129.0,106.0,,,,
2004-04-09 00:00:00,0,Friday,2004-04,2.4,,,154.0,109.0,,,,
2004-04-09 01:00:00,1,Friday,2004-04,1.8,,,118.0,97.0,,,,
2004-04-09 02:00:00,2,Friday,2004-04,1.0,,,69.0,83.0,,,,
2004-04-09 03:00:00,3,Friday,2004-04,1.0,,,,,,,,
2004-04-09 04:00:00,4,Friday,2004-04,1.0,,,97.0,79.0,,,,
2004-04-09 05:00:00,5,Friday,2004-04,0.9,,,145.0,84.0,,,,
2004-04-09 06:00:00,6,Friday,2004-04,1.5,,,169.0,86.0,,,,
2004-04-09 07:00:00,7,Friday,2004-04,2.6,,,250.0,111.0,,,,
2004-04-09 08:00:00,8,Friday,2004-04,2.9,,,215.0,117.0,,,,
2004-04-09 09:00:00,9,Friday,2004-04,2.7,,,237.0,122.0,,,,
2004-04-09 10:00:00,10,Friday,2004-04,2.4,,,190.0,119.0,,,,
2004-04-09 11:00:00,11,Friday,2004-04,2.6,,,219.0,121.0,,,,
2004-04-09 12:00:00,12,Friday,2004-04,4.1,,,294.0,127.0,,,,
2004-04-09 13:00:00,13,Friday,2004-04,4.3,,,253.0,135.0,,,,
2004-04-09 14:00:00,14,Friday,2004-04,2.2,,,176.0,119.0,,,,
2004-04-09 15:00:00,15,Friday,2004-04,3.4,,,243.0,137.0,,,,
2004-04-09 16:00:00,16,Friday,2004-04,3.6,,,214.0,139.0,,,,
2004-04-09 17:00:00,17,Friday,2004-04,2.5,,,141.0,117.0,,,,
2004-04-09 18:00:00,18,Friday,2004-04,2.8,,,166.0,127.0,,,,
2004-04-09 19:00:00,19,Friday,2004-04,3.4,,,197.0,137.0,,,,
2004-04-09 20:00:00,20,Friday,2004-04,3.0,,,191.0,127.0,,,,
2004-04-09 21:00:00,21,Friday,2004-04,2.1,,,159.0,107.0,,,,
2004-04-09 22:00:00,22,Friday,2004-04,2.4,,,175.0,102.0,,,,
2004-04-09 23:00:00,23,Friday,2004-04,2.3,1176.0,8.4,157.0,95.0,1151.0,12.0,67.9,0.9523
2004-04-10 00:00:00,0,Saturday,2004-04,1.3,1047.0,5.4,83.0,79.0,975.0,12.0,66.9,0.9336
2004-04-10 01:00:00,1,Saturday,2004-04,1.7,1116.0,6.9,118.0,78.0,1034.0,11.5,70.1,0.9503
2004-04-10 02:00:00,2,Saturday,2004-04,1.7,1074.0,6.4,101.0,75.0,980.0,11.4,69.8,0.939
2004-04-10 03:00:00,3,Saturday,2004-04,1.0,922.0,3.6,,,825.0,11.1,69.3,0.9128
2004-04-10 04:00:00,4,Saturday,2004-04,0.8,898.0,3.3,46.0,52.0,807.0,10.8,70.3,0.9092
2004-04-10 05:00:00,5,Saturday,2004-04,1.0,970.0,4.0,81.0,55.0,842.0,10.2,73.4,0.9129
2004-04-10 06:00:00,6,Saturday,2004-04,1.4,1073.0,6.0,112.0,65.0,950.0,10.8,70.5,0.9142
2004-04-10 07:00:00,7,Saturday,2004-04,1.7,1081.0,8.2,150.0,72.0,1024.0,11.0,71.0,0.9279
2004-04-10 08:00:00,8,Saturday,2004-04,2.0,1159.0,9.9,138.0,76.0,1098.0,12.4,64.0,0.9206
2004-04-10 09:00:00,9,Saturday,2004-04,2.0,1112.0,8.8,124.0,84.0,1011.0,15.0,53.1,0.8993
2004-04-10 10:00:00,10,Saturday,2004-04,1.9,1112.0,8.4,124.0,90.0,931.0,16.6,44.4,0.8313
2004-04-10 11:00:00,11,Saturday,2004-04,2.1,1063.0,7.5,115.0,89.0,811.0,18.0,38.4,0.7862
2004-04-10 12:00:00,12,Saturday,2004-04,1.8,1032.0,7.8,101.0,87.0,756.0,20.6,30.0,0.7213
2004-04-10 13:00:00,13,Saturday,2004-04,1.5,936.0,6.4,90.0,88.0,607.0,19.9,26.7,0.6137
2004-04-10 14:00:00,14,Saturday,2004-04,1.3,883.0,5.1,90.0,81.0,498.0,19.8,23.1,0.5283
2004-04-10 15:00:00,15,Saturday,2004-04,1.4,942.0,6.9,89.0,89.0,540.0,21.4,22.7,0.5722
2004-04-10 16:00:00,16,Saturday,2004-04,1.5,943.0,6.8,92.0,91.0,544.0,22.1,21.3,0.5605
2004-04-10 17:00:00,17,Saturday,2004-04,1.7,1007.0,7.4,103.0,104.0,620.0,21.1,24.5,0.604
2004-04-10 18:00:00,18,Saturday,2004-04,2.0,1037.0,8.7,122.0,111.0,740.0,18.3,31.6,0.6562
2004-04-10 19:00:00,19,Saturday,2004-04,2.5,1127.0,11.2,159.0,129.0,921.0,16.1,35.0,0.6372
2004-04-10 20:00:00,20,Saturday,2004-04,2.4,1123.0,10.5,172.0,133.0,1033.0,14.8,41.5,0.6929
2004-04-10 21:00:00,21,Saturday,2004-04,2.0,1110.0,8.2,125.0,115.0,984.0,13.2,50.3,0.7577
2004-04-10 22:00:00,22,Saturday,2004-04,2.9,1247.0,11.6,187.0,125.0,1193.0,12.3,55.5,0.7916
2004-04-10 23:00:00,23,Saturday,2004-04,2.5,1220.0,9.7,174.0,117.0,1219.0,11.8,56.6,0.7833
2004-04-11 00:00:00,0,Sunday,2004-04,1.4,1028.0,5.1,75.0,84.0,913.0,11.2,56.2,0.7469
2004-04-11 01:00:00,1,Sunday,2004-04,1.2,978.0,4.0,48.0,63.0,750.0,11.0,56.6,0.7418
2004-04-11 02:00:00,2,Sunday,2004-04,1.0,949.0,3.7,61.0,68.0,772.0,9.3,64.3,0.7531
2004-04-11 03:00:00,3,Sunday,2004-04,1.0,910.0,4.0,,,712.0,8.8,66.0,0.7501
2004-04-11 04:00:00,4,Sunday,2004-04,,863.0,3.0,38.0,52.0,712.0,7.8,70.4,0.7463
2004-04-11 05:00:00,5,Sunday,2004-04,0.7,836.0,2.9,38.0,49.0,727.0,7.7,70.7,0.7463
2004-04-11 06:00:00,6,Sunday,2004-04,0.8,856.0,2.9,41.0,49.0,746.0,7.4,71.0,0.7346
2004-04-11 07:00:00,7,Sunday,2004-04,0.9,888.0,3.0,51.0,52.0,733.0,8.2,66.6,0.7283
2004-04-11 08:00:00,8,Sunday,2004-04,1.1,912.0,3.7,61.0,58.0,727.0,8.7,64.3,0.7267
2004-04-11 09:00:00,9,Sunday,2004-04,1.0,938.0,3.9,47.0,51.0,642.0,13.0,47.9,0.7116
2004-04-11 10:00:00,10,Sunday,2004-04,1.6,1053.0,6.2,87.0,77.0,810.0,17.4,35.4,0.699
2004-04-11 11:00:00,11,Sunday,2004-04,1.8,1087.0,7.3,107.0,90.0,851.0,20.2,29.2,0.683
2004-04-11 12:00:00,12,Sunday,2004-04,2.6,1153.0,9.2,161.0,118.0,911.0,22.7,22.9,0.6224
2004-04-11 13:00:00,13,Sunday,2004-04,1.1,894.0,4.0,61.0,70.0,611.0,22.3,22.4,0.5955
2004-04-11 14:00:00,14,Sunday,2004-04,0.6,797.0,2.3,26.0,35.0,368.0,22.2,18.9,0.4993
2004-04-11 15:00:00,15,Sunday,2004-04,0.9,854.0,3.1,42.0,46.0,369.0,22.0,19.0,0.4969
2004-04-11 16:00:00,16,Sunday,2004-04,1.0,892.0,3.2,55.0,58.0,394.0,21.0,23.6,0.5788
2004-04-11 17:00:00,17,Sunday,2004-04,1.2,935.0,3.3,65.0,61.0,415.0,19.6,27.4,0.6162
2004-04-11 18:00:00,18,Sunday,2004-04,1.4,989.0,4.0,75.0,80.0,469.0,17.9,30.8,0.6258
2004-04-11 19:00:00,19,Sunday,2004-04,2.0,1063.0,5.7,93.0,93.0,607.0,16.4,35.3,0.6532
2004-04-11 20:00:00,20,Sunday,2004-04,1.1,922.0,3.4,63.0,78.0,498.0,15.6,37.5,0.6575
2004-04-11 21:00:00,21,Sunday,2004-04,1.1,925.0,3.5,60.0,76.0,481.0,15.5,36.7,0.6438
2004-04-11 22:00:00,22,Sunday,2004-04,1.1,924.0,2.9,63.0,74.0,465.0,14.5,39.0,0.6428
2004-04-11 23:00:00,23,Sunday,2004-04,1.1,914.0,3.1,66.0,81.0,478.0,14.2,38.2,0.6163
2004-04-12 00:00:00,0,Monday,2004-04,0.7,840.0,1.6,41.0,58.0,366.0,13.7,38.3,0.5957
2004-04-12 01:00:00,1,Monday,2004-04,0.6,799.0,1.1,42.0,59.0,332.0,14.1,34.0,0.5442
2004-04-12 02:00:00,2,Monday,2004-04,0.7,856.0,2.0,36.0,54.0,346.0,14.6,34.0,0.5605
2004-04-12 03:00:00,3,Monday,2004-04,0.6,830.0,1.7,,,350.0,14.4,32.8,0.5364
2004-04-12 04:00:00,4,Monday,2004-04,0.3,753.0,0.7,16.0,25.0,274.0,13.9,30.9,0.4868
2004-04-12 05:00:00,5,Monday,2004-04,0.3,785.0,0.5,16.0,26.0,263.0,13.5,37.9,0.5852
2004-04-12 06:00:00,6,Monday,2004-04,0.4,835.0,0.7,33.0,49.0,314.0,13.9,43.6,0.6871
2004-04-12 07:00:00,7,Monday,2004-04,0.5,865.0,0.9,39.0,53.0,367.0,13.5,50.1,0.7706
2004-04-12 08:00:00,8,Monday,2004-04,0.6,922.0,1.5,45.0,57.0,432.0,13.3,53.6,0.8169
2004-04-12 09:00:00,9,Monday,2004-04,0.8,975.0,2.2,63.0,73.0,536.0,13.4,56.0,0.8576
2004-04-12 10:00:00,10,Monday,2004-04,1.0,1040.0,2.9,71.0,78.0,555.0,13.0,59.6,0.886
2004-04-12 11:00:00,11,Monday,2004-04,1.3,1115.0,3.9,104.0,93.0,677.0,12.7,62.7,0.9173
2004-04-12 12:00:00,12,Monday,2004-04,1.1,1004.0,2.8,85.0,71.0,557.0,12.1,60.5,0.8505
2004-04-12 13:00:00,13,Monday,2004-04,0.6,895.0,1.4,53.0,56.0,421.0,11.2,64.4,0.8537
2004-04-12 14:00:00,14,Monday,2004-04,0.7,917.0,1.7,58.0,60.0,423.0,10.7,67.6,0.8703
2004-04-12 15:00:00,15,Monday,2004-04,1.2,1025.0,3.6,89.0,77.0,519.0,11.4,61.2,0.8236
2004-04-12 16:00:00,16,Monday,2004-04,1.4,1035.0,3.1,96.0,82.0,533.0,9.9,70.5,0.8581
2004-04-12 17:00:00,17,Monday,2004-04,1.2,1025.0,3.5,88.0,77.0,537.0,10.3,65.2,0.8151
2004-04-12 18:00:00,18,Monday,2004-04,1.3,1040.0,3.9,100.0,91.0,612.0,11.0,58.9,0.7714
2004-04-12 19:00:00,19,Monday,2004-04,1.8,1070.0,5.2,127.0,93.0,697.0,10.6,59.5,0.7595
2004-04-12 20:00:00,20,Monday,2004-04,1.2,964.0,3.7,88.0,82.0,573.0,10.6,57.7,0.7362
2004-04-12 21:00:00,21,Monday,2004-04,0.8,904.0,2.7,66.0,74.0,489.0,10.6,56.1,0.7149
2004-04-12 22:00:00,22,Monday,2004-04,0.8,913.0,2.6,61.0,68.0,474.0,10.3,58.0,0.7239
2004-04-12 23:00:00,23,Monday,2004-04,0.8,914.0,2.4,54.0,65.0,455.0,10.4,58.4,0.7352
2004-04-13 00:00:00,0,Tuesday,2004-04,0.7,893.0,2.0,46.0,58.0,433.0,10.7,58.2,0.7459
2004-04-13 01:00:00,1,Tuesday,2004-04,0.5,844.0,1.3,25.0,36.0,376.0,10.5,59.9,0.7624
2004-04-13 02:00:00,2,Tuesday,2004-04,0.3,837.0,1.2,18.0,29.0,360.0,10.5,60.8,0.7704
2004-04-13 03:00:00,3,Tuesday,2004-04,0.4,868.0,1.3,,,384.0,10.6,63.1,0.8068
2004-04-13 04:00:00,4,Tuesday,2004-04,0.3,825.0,0.9,21.0,28.0,363.0,11.1,60.1,0.7925
2004-04-13 05:00:00,5,Tuesday,2004-04,0.7,956.0,3.1,76.0,68.0,525.0,10.1,68.4,0.8443
2004-04-13 06:00:00,6,Tuesday,2004-04,1.6,1124.0,6.9,149.0,99.0,873.0,10.0,68.7,0.8456
2004-04-13 07:00:00,7,Tuesday,2004-04,3.9,1496.0,19.1,328.0,130.0,1399.0,11.0,64.2,0.8398
2004-04-13 08:00:00,8,Tuesday,2004-04,4.5,1452.0,22.1,282.0,128.0,1501.0,12.0,58.1,0.8138
2004-04-13 09:00:00,9,Tuesday,2004-04,2.7,1172.0,11.8,206.0,120.0,1186.0,12.8,52.0,0.7643
2004-04-13 10:00:00,10,Tuesday,2004-04,1.6,1020.0,7.3,133.0,93.0,911.0,12.6,50.8,0.7387
2004-04-13 11:00:00,11,Tuesday,2004-04,1.6,1044.0,8.0,137.0,96.0,919.0,13.8,47.4,0.7435
2004-04-13 12:00:00,12,Tuesday,2004-04,1.6,1020.0,7.2,116.0,84.0,791.0,15.1,42.7,0.7294
2004-04-13 13:00:00,13,Tuesday,2004-04,1.5,1009.0,7.7,112.0,87.0,751.0,16.3,38.1,0.7006
2004-04-13 14:00:00,14,Tuesday,2004-04,1.8,1073.0,9.7,128.0,87.0,805.0,16.6,36.7,0.6867
2004-04-13 15:00:00,15,Tuesday,2004-04,2.1,1098.0,9.8,145.0,103.0,966.0,15.8,40.5,0.7241
2004-04-13 16:00:00,16,Tuesday,2004-04,1.7,1061.0,7.7,110.0,88.0,869.0,16.3,41.8,0.7712
2004-04-13 17:00:00,17,Tuesday,2004-04,3.0,1289.0,15.3,184.0,118.0,1196.0,16.1,42.8,0.7783
2004-04-13 18:00:00,18,Tuesday,2004-04,4.6,1442.0,21.5,243.0,134.0,1523.0,15.3,46.8,0.8074
2004-04-13 19:00:00,19,Tuesday,2004-04,5.0,1479.0,21.7,259.0,144.0,1579.0,14.7,47.0,0.7815
2004-04-13 20:00:00,20,Tuesday,2004-04,3.5,1266.0,14.6,205.0,129.0,1370.0,14.1,49.6,0.7931
2004-04-13 21:00:00,21,Tuesday,2004-04,2.1,1149.0,9.3,144.0,108.0,1204.0,13.5,54.1,0.8351
2004-04-13 22:00:00,22,Tuesday,2004-04,2.1,1168.0,9.4,152.0,104.0,1201.0,12.3,59.2,0.8461
2004-04-13 23:00:00,23,Tuesday,2004-04,1.5,1079.0,6.8,108.0,90.0,1122.0,11.6,62.2,0.851
2004-04-14 00:00:00,0,Wednesday,2004-04,1.1,1047.0,4.9,64.0,74.0,1003.0,11.5,61.4,0.8303
2004-04-14 01:00:00,1,Wednesday,2004-04,0.9,936.0,3.9,73.0,73.0,918.0,10.9,64.6,0.8395
2004-04-14 02:00:00,2,Wednesday,2004-04,0.7,900.0,2.7,47.0,60.0,836.0,11.1,63.2,0.8331
2004-04-14 03:00:00,3,Wednesday,2004-04,0.4,839.0,1.9,,,759.0,10.7,64.4,0.8284
2004-04-14 04:00:00,4,Wednesday,2004-04,,840.0,1.7,45.0,57.0,755.0,10.7,63.8,0.8174
2004-04-14 05:00:00,5,Wednesday,2004-04,0.9,905.0,3.3,79.0,62.0,820.0,10.2,65.8,0.8196
2004-04-14 06:00:00,6,Wednesday,2004-04,1.6,1079.0,7.4,113.0,71.0,998.0,10.3,65.6,0.8225
2004-04-14 07:00:00,7,Wednesday,2004-04,3.9,1417.0,18.2,263.0,94.0,1403.0,10.8,64.0,0.8307
2004-04-14 08:00:00,8,Wednesday,2004-04,5.0,1529.0,27.7,275.0,99.0,1641.0,13.3,55.6,0.8453
2004-04-14 09:00:00,9,Wednesday,2004-04,4.3,1397.0,18.3,263.0,119.0,1534.0,15.8,46.8,0.8328
2004-04-14 10:00:00,10,Wednesday,2004-04,2.7,1214.0,12.3,183.0,103.0,1257.0,19.5,34.4,0.7738
2004-04-14 11:00:00,11,Wednesday,2004-04,2.1,1109.0,8.9,147.0,95.0,1026.0,21.1,30.2,0.745
2004-04-14 12:00:00,12,Wednesday,2004-04,2.1,1122.0,10.4,132.0,95.0,993.0,18.4,34.2,0.7185
2004-04-14 13:00:00,13,Wednesday,2004-04,,1094.0,9.7,,,919.0,21.0,30.6,0.7538
2004-04-14 14:00:00,14,Wednesday,2004-04,,1164.0,12.8,,,1032.0,21.4,28.7,0.7231
2004-04-14 15:00:00,15,Wednesday,2004-04,,1188.0,12.9,,,1077.0,21.3,27.3,0.6856
2004-04-14 16:00:00,16,Wednesday,2004-04,,1098.0,8.9,,,883.0,20.4,30.4,0.7193
2004-04-14 17:00:00,17,Wednesday,2004-04,,1180.0,11.0,,,1036.0,18.7,34.8,0.7436
2004-04-14 18:00:00,18,Wednesday,2004-04,,1195.0,12.6,,,1144.0,18.6,34.7,0.7369
2004-04-14 19:00:00,19,Wednesday,2004-04,,1234.0,13.3,,,1212.0,17.9,35.8,0.7276
2004-04-14 20:00:00,20,Wednesday,2004-04,,1425.0,18.1,,,1486.0,16.5,42.1,0.7856
2004-04-14 21:00:00,21,Wednesday,2004-04,,1320.0,13.0,,,1440.0,14.8,49.7,0.8321
2004-04-14 22:00:00,22,Wednesday,2004-04,,1158.0,7.8,,,1242.0,13.4,54.3,0.8291
2004-04-14 23:00:00,23,Wednesday,2004-04,,1060.0,5.8,,,1089.0,13.4,54.2,0.8319
2004-04-15 00:00:00,0,Thursday,2004-04,,1036.0,4.7,,,993.0,12.3,57.6,0.8223
2004-04-15 01:00:00,1,Thursday,2004-04,,943.0,3.1,,,862.0,11.6,58.8,0.7996
2004-04-15 02:00:00,2,Thursday,2004-04,,899.0,2.1,,,815.0,10.7,62.3,0.7988
2004-04-15 03:00:00,3,Thursday,2004-04,,889.0,1.7,,,714.0,10.2,63.2,0.7865
2004-04-15 04:00:00,4,Thursday,2004-04,,847.0,1.3,,,682.0,10.5,61.3,0.7761
2004-04-15 05:00:00,5,Thursday,2004-04,,918.0,2.6,,,744.0,9.3,65.8,0.7722
2004-04-15 06:00:00,6,Thursday,2004-04,,1105.0,7.9,,,1050.0,9.1,67.4,0.7814
2004-04-15 07:00:00,7,Thursday,2004-04,,1491.0,21.4,,,1522.0,10.2,62.9,0.7831
2004-04-15 08:00:00,8,Thursday,2004-04,,1508.0,22.1,,,1623.0,11.6,58.7,0.7999
2004-04-15 09:00:00,9,Thursday,2004-04,3.9,1489.0,19.1,309.0,114.0,1638.0,13.5,53.4,0.8196
2004-04-15 10:00:00,10,Thursday,2004-04,3.8,1451.0,17.3,327.0,127.0,1633.0,15.0,49.3,0.8364
2004-04-15 11:00:00,11,Thursday,2004-04,3.8,1454.0,17.5,299.0,135.0,1654.0,17.1,42.1,0.812
2004-04-15 12:00:00,12,Thursday,2004-04,3.9,1392.0,17.0,257.0,135.0,1559.0,18.4,36.9,0.7758
2004-04-15 13:00:00,13,Thursday,2004-04,3.5,1351.0,17.0,195.0,120.0,1374.0,19.3,35.4,0.7824
2004-04-15 14:00:00,14,Thursday,2004-04,4.0,1418.0,19.5,231.0,129.0,1418.0,19.2,35.7,0.7826
2004-04-15 15:00:00,15,Thursday,2004-04,3.0,1303.0,14.8,170.0,114.0,1228.0,21.5,30.4,0.7677
2004-04-15 16:00:00,16,Thursday,2004-04,3.1,1292.0,14.0,192.0,129.0,1293.0,19.6,34.6,0.7807
2004-04-15 17:00:00,17,Thursday,2004-04,5.2,1560.0,24.4,251.0,149.0,1642.0,19.6,35.5,0.8017
2004-04-15 18:00:00,18,Thursday,2004-04,5.9,1765.0,28.1,289.0,149.0,1895.0,18.3,44.1,0.9183
2004-04-15 19:00:00,19,Thursday,2004-04,7.3,1875.0,33.7,351.0,158.0,2086.0,17.4,47.8,0.9392
2004-04-15 20:00:00,20,Thursday,2004-04,6.1,1746.0,24.2,319.0,148.0,1898.0,16.8,49.8,0.9446
2004-04-15 21:00:00,21,Thursday,2004-04,4.6,1607.0,19.8,264.0,134.0,1758.0,16.2,53.2,0.9723
2004-04-15 22:00:00,22,Thursday,2004-04,2.5,1277.0,9.3,144.0,111.0,1284.0,14.9,59.1,0.9928
2004-04-15 23:00:00,23,Thursday,2004-04,2.2,1207.0,7.3,119.0,106.0,1075.0,13.9,64.0,1.013
2004-04-16 00:00:00,0,Friday,2004-04,2.0,1209.0,7.1,120.0,108.0,1084.0,13.7,66.8,1.041
2004-04-16 01:00:00,1,Friday,2004-04,1.9,1189.0,6.7,96.0,93.0,1049.0,13.4,69.6,1.0688
2004-04-16 02:00:00,2,Friday,2004-04,1.6,1132.0,6.0,77.0,83.0,1021.0,12.8,71.9,1.0632
2004-04-16 03:00:00,3,Friday,2004-04,1.0,974.0,2.7,,,778.0,12.9,68.5,1.0155
2004-04-16 04:00:00,4,Friday,2004-04,1.0,1033.0,3.6,63.0,69.0,948.0,11.9,74.8,1.038
2004-04-16 05:00:00,5,Friday,2004-04,1.2,1075.0,5.4,97.0,77.0,988.0,11.6,76.4,1.0415
2004-04-16 06:00:00,6,Friday,2004-04,2.0,1242.0,10.0,180.0,87.0,1184.0,11.7,75.3,1.0325
2004-04-16 07:00:00,7,Friday,2004-04,4.5,1657.0,23.2,352.0,109.0,1600.0,12.8,71.0,1.0428
2004-04-16 08:00:00,8,Friday,2004-04,4.1,1406.0,18.7,279.0,116.0,1495.0,13.8,61.1,0.9595
2004-04-16 09:00:00,9,Friday,2004-04,2.6,1150.0,9.9,186.0,105.0,1188.0,15.3,51.4,0.8886
2004-04-16 10:00:00,10,Friday,2004-04,2.3,1184.0,10.2,169.0,106.0,1166.0,16.6,48.7,0.9146
2004-04-16 11:00:00,11,Friday,2004-04,2.6,1223.0,11.0,172.0,108.0,1219.0,17.6,46.7,0.9324
2004-04-16 12:00:00,12,Friday,2004-04,2.4,1196.0,10.5,127.0,100.0,1128.0,19.2,42.7,0.9425
2004-04-16 13:00:00,13,Friday,2004-04,4.3,1559.0,18.9,230.0,149.0,1373.0,15.7,62.5,1.1092
2004-04-16 14:00:00,14,Friday,2004-04,4.6,1544.0,18.9,280.0,148.0,1415.0,14.5,75.7,1.2425
2004-04-16 15:00:00,15,Friday,2004-04,4.0,1485.0,17.5,242.0,126.0,1302.0,14.4,77.4,1.2654
2004-04-16 16:00:00,16,Friday,2004-04,4.7,1498.0,17.7,250.0,140.0,1308.0,14.6,74.9,1.2391
2004-04-16 17:00:00,17,Friday,2004-04,5.7,1593.0,23.0,309.0,142.0,1449.0,14.6,76.0,1.2573
2004-04-16 18:00:00,18,Friday,2004-04,5.2,1529.0,20.4,270.0,141.0,1385.0,14.0,76.3,1.2166
2004-04-16 19:00:00,19,Friday,2004-04,6.4,1689.0,26.8,323.0,149.0,1492.0,13.9,78.0,1.2303
2004-04-16 20:00:00,20,Friday,2004-04,6.0,1535.0,19.9,307.0,140.0,1380.0,13.8,78.0,1.2229
2004-04-16 21:00:00,21,Friday,2004-04,3.4,1304.0,12.5,224.0,117.0,1167.0,13.5,79.4,1.2224
2004-04-16 22:00:00,22,Friday,2004-04,2.7,1235.0,9.6,166.0,103.0,1095.0,13.1,80.1,1.2016
2004-04-16 23:00:00,23,Friday,2004-04,3.1,1281.0,10.0,171.0,99.0,1105.0,12.8,81.0,1.1915
2004-04-17 00:00:00,0,Saturday,2004-04,2.6,1167.0,8.1,169.0,100.0,1051.0,12.7,80.6,1.1819
2004-04-17 01:00:00,1,Saturday,2004-04,2.2,1134.0,7.1,120.0,88.0,1009.0,12.5,81.8,1.1838
2004-04-17 02:00:00,2,Saturday,2004-04,1.9,1100.0,6.4,103.0,83.0,972.0,12.7,81.2,1.1849
2004-04-17 03:00:00,3,Saturday,2004-04,,1057.0,5.1,,,884.0,12.4,82.4,1.1848
2004-04-17 04:00:00,4,Saturday,2004-04,,902.0,3.0,,,661.0,12.6,79.9,1.1619
2004-04-17 05:00:00,5,Saturday,2004-04,,982.0,4.2,,,774.0,12.8,80.0,1.1761
2004-04-17 06:00:00,6,Saturday,2004-04,,997.0,5.1,,,868.0,12.6,79.9,1.1596
2004-04-17 07:00:00,7,Saturday,2004-04,,1141.0,8.1,,,965.0,12.5,79.6,1.1538
2004-04-17 08:00:00,8,Saturday,2004-04,,1163.0,8.8,,,985.0,12.8,80.8,1.1863
2004-04-17 09:00:00,9,Saturday,2004-04,,1107.0,7.2,,,963.0,13.5,78.1,1.1997
2004-04-17 10:00:00,10,Saturday,2004-04,,1228.0,9.2,,,1069.0,14.6,74.9,1.2348
2004-04-17 11:00:00,11,Saturday,2004-04,,1033.0,6.0,,,864.0,16.8,61.0,1.1599
2004-04-17 12:00:00,12,Saturday,2004-04,,984.0,5.0,,,641.0,18.8,50.1,1.0769
2004-04-17 13:00:00,13,Saturday,2004-04,,1066.0,7.5,,,740.0,19.3,47.1,1.0445
2004-04-17 14:00:00,14,Saturday,2004-04,,926.0,3.9,,,532.0,19.3,46.6,1.0298
2004-04-17 15:00:00,15,Saturday,2004-04,,979.0,5.0,,,572.0,19.7,44.4,1.0081
2004-04-17 16:00:00,16,Saturday,2004-04,,993.0,5.4,,,630.0,19.3,45.7,1.0161
2004-04-17 17:00:00,17,Saturday,2004-04,,970.0,5.0,,,608.0,17.9,49.9,1.0135
2004-04-17 18:00:00,18,Saturday,2004-04,,997.0,5.5,,,644.0,16.9,53.2,1.0179
2004-04-17 19:00:00,19,Saturday,2004-04,,1097.0,7.8,,,833.0,16.1,56.0,1.0151
2004-04-17 20:00:00,20,Saturday,2004-04,,1105.0,8.2,,,923.0,16.5,52.8,0.986
2004-04-17 21:00:00,21,Saturday,2004-04,,993.0,5.3,,,790.0,16.9,51.1,0.9743
2004-04-17 22:00:00,22,Saturday,2004-04,,1136.0,7.9,,,961.0,17.0,50.8,0.9751
2004-04-17 23:00:00,23,Saturday,2004-04,,1297.0,10.7,,,1177.0,16.9,54.8,1.0455
2004-04-18 00:00:00,0,Sunday,2004-04,,1110.0,6.9,,,943.0,16.3,57.2,1.0492
2004-04-18 01:00:00,1,Sunday,2004-04,,1027.0,6.3,,,742.0,16.0,56.2,1.0164
2004-04-18 02:00:00,2,Sunday,2004-04,,1024.0,5.6,,,705.0,15.6,60.2,1.0617
2004-04-18 03:00:00,3,Sunday,2004-04,,992.0,5.4,,,663.0,14.6,68.2,1.1282
2004-04-18 04:00:00,4,Sunday,2004-04,,929.0,3.2,,,536.0,14.3,69.6,1.1257
2004-04-18 05:00:00,5,Sunday,2004-04,,892.0,1.9,,,441.0,13.8,71.9,1.1312
2004-04-18 06:00:00,6,Sunday,2004-04,,895.0,2.3,,,477.0,13.8,72.7,1.1402
2004-04-18 07:00:00,7,Sunday,2004-04,,915.0,2.4,,,506.0,14.2,72.3,1.1632
2004-04-18 08:00:00,8,Sunday,2004-04,,947.0,2.9,,,608.0,14.5,72.9,1.195
2004-04-18 09:00:00,9,Sunday,2004-04,,1032.0,4.2,,,663.0,14.2,75.6,1.2201
2004-04-18 10:00:00,10,Sunday,2004-04,,1219.0,6.8,,,912.0,14.5,77.2,1.2695
2004-04-18 11:00:00,11,Sunday,2004-04,,1217.0,7.3,,,963.0,14.9,74.5,1.253
2004-04-18 12:00:00,12,Sunday,2004-04,,1097.0,5.3,,,803.0,15.5,67.4,1.178
2004-04-18 13:00:00,13,Sunday,2004-04,,938.0,3.4,,,564.0,16.7,56.0,1.0544
2004-04-18 14:00:00,14,Sunday,2004-04,,944.0,3.4,,,501.0,17.1,55.5,1.0724
2004-04-18 15:00:00,15,Sunday,2004-04,,1139.0,6.8,,,701.0,16.2,62.4,1.1423
2004-04-18 16:00:00,16,Sunday,2004-04,,1163.0,7.0,,,783.0,17.4,58.9,1.1567
2004-04-18 17:00:00,17,Sunday,2004-04,,1157.0,7.7,,,784.0,17.5,54.6,1.08
2004-04-18 18:00:00,18,Sunday,2004-04,,1154.0,8.5,,,861.0,17.5,54.2,1.0722
2004-04-18 19:00:00,19,Sunday,2004-04,,1342.0,13.5,,,1156.0,17.0,55.1,1.0621
2004-04-18 20:00:00,20,Sunday,2004-04,,1178.0,9.2,,,1047.0,16.4,57.8,1.0669
2004-04-18 21:00:00,21,Sunday,2004-04,,1152.0,8.7,,,1034.0,15.8,60.4,1.0744
2004-04-18 22:00:00,22,Sunday,2004-04,,1078.0,6.6,,,962.0,15.5,63.3,1.1071
2004-04-18 23:00:00,23,Sunday,2004-04,,1167.0,9.1,,,1100.0,15.0,65.2,1.1045
2004-04-19 00:00:00,0,Monday,2004-04,,1111.0,7.8,,,1047.0,14.5,67.3,1.1054
2004-04-19 01:00:00,1,Monday,2004-04,,988.0,4.2,,,874.0,14.1,70.1,1.1224
2004-04-19 02:00:00,2,Monday,2004-04,,917.0,3.4,,,747.0,13.8,73.3,1.1518
2004-04-19 03:00:00,3,Monday,2004-04,,850.0,1.7,,,589.0,13.1,78.3,1.1716
2004-04-19 04:00:00,4,Monday,2004-04,,885.0,2.1,,,635.0,13.0,78.2,1.1664
2004-04-19 05:00:00,5,Monday,2004-04,,888.0,2.2,,,671.0,14.3,70.1,1.1328
2004-04-19 06:00:00,6,Monday,2004-04,,1101.0,6.9,,,992.0,14.0,70.9,1.1306
2004-04-19 07:00:00,7,Monday,2004-04,,1399.0,16.5,,,1308.0,15.4,64.2,1.1123
2004-04-19 08:00:00,8,Monday,2004-04,,1325.0,18.7,,,1303.0,16.5,57.9,1.0826
2004-04-19 09:00:00,9,Monday,2004-04,,1058.0,8.5,,,893.0,18.8,48.0,1.0323
2004-04-19 10:00:00,10,Monday,2004-04,,990.0,6.8,,,715.0,19.5,43.3,0.9706
2004-04-19 11:00:00,11,Monday,2004-04,,1018.0,7.5,,,685.0,18.5,45.5,0.9606
2004-04-19 12:00:00,12,Monday,2004-04,,1105.0,10.9,,,947.0,18.0,46.7,0.9569
2004-04-19 13:00:00,13,Monday,2004-04,,1194.0,13.4,,,1049.0,16.5,58.2,1.0813
2004-04-19 14:00:00,14,Monday,2004-04,,1088.0,7.9,,,741.0,12.1,75.6,1.0662
2004-04-19 15:00:00,15,Monday,2004-04,,1084.0,8.8,,,801.0,11.1,75.6,0.9974
2004-04-19 16:00:00,16,Monday,2004-04,,1207.0,11.5,,,969.0,10.5,79.0,1.0016
2004-04-19 17:00:00,17,Monday,2004-04,,1186.0,11.8,,,1038.0,10.0,80.5,0.9853
2004-04-19 18:00:00,18,Monday,2004-04,,1053.0,8.3,,,889.0,11.3,70.5,0.9389
2004-04-19 19:00:00,19,Monday,2004-04,,1032.0,7.9,,,879.0,10.7,71.5,0.9197
2004-04-19 20:00:00,20,Monday,2004-04,,989.0,6.7,,,846.0,9.9,74.0,0.9009
2004-04-19 21:00:00,21,Monday,2004-04,,930.0,4.6,,,712.0,10.8,68.2,0.8806
2004-04-19 22:00:00,22,Monday,2004-04,,951.0,5.0,,,747.0,10.2,74.0,0.9176
2004-04-19 23:00:00,23,Monday,2004-04,,985.0,5.3,,,791.0,10.1,77.5,0.9579
2004-04-20 00:00:00,0,Tuesday,2004-04,,937.0,3.9,,,637.0,9.9,77.7,0.9497
2004-04-20 01:00:00,1,Tuesday,2004-04,,887.0,2.9,,,553.0,9.5,80.2,0.9533
2004-04-20 02:00:00,2,Tuesday,2004-04,,806.0,1.5,,,449.0,9.5,79.7,0.9489
2004-04-20 03:00:00,3,Tuesday,2004-04,,771.0,0.8,,,485.0,9.7,78.9,0.9487
2004-04-20 04:00:00,4,Tuesday,2004-04,,802.0,1.2,,,540.0,9.8,80.0,0.967
2004-04-20 05:00:00,5,Tuesday,2004-04,,878.0,2.9,,,685.0,10.0,79.6,0.98
2004-04-20 06:00:00,6,Tuesday,2004-04,,1070.0,7.6,,,925.0,10.3,79.4,0.9927
2004-04-20 07:00:00,7,Tuesday,2004-04,,1430.0,20.7,,,1382.0,11.0,77.4,1.0135
2004-04-20 08:00:00,8,Tuesday,2004-04,,1565.0,29.9,,,1645.0,12.3,69.2,0.9906
2004-04-20 09:00:00,9,Tuesday,2004-04,,1365.0,20.1,,,1514.0,14.5,60.4,0.9936
2004-04-20 10:00:00,10,Tuesday,2004-04,,1348.0,17.1,,,1509.0,16.0,56.3,1.0185
2004-04-20 11:00:00,11,Tuesday,2004-04,,1311.0,19.4,,,1520.0,18.1,51.1,1.0551
2004-04-20 12:00:00,12,Tuesday,2004-04,,1302.0,18.7,,,1471.0,23.0,37.5,1.0389
2004-04-20 13:00:00,13,Tuesday,2004-04,,1250.0,15.8,,,1282.0,21.8,39.6,1.0209
2004-04-20 14:00:00,14,Tuesday,2004-04,,1083.0,10.3,,,1004.0,21.9,37.2,0.9683
2004-04-20 15:00:00,15,Tuesday,2004-04,,1005.0,7.9,,,714.0,23.8,31.4,0.9132
2004-04-20 16:00:00,16,Tuesday,2004-04,,1129.0,13.7,,,940.0,25.9,26.9,0.8845
2004-04-20 17:00:00,17,Tuesday,2004-04,,1327.0,19.7,,,1272.0,25.8,29.9,0.9808
2004-04-20 18:00:00,18,Tuesday,2004-04,,1428.0,25.3,,,1526.0,22.6,39.5,1.0679
2004-04-20 19:00:00,19,Tuesday,2004-04,,1426.0,23.9,,,1488.0,19.9,45.0,1.0364
2004-04-20 20:00:00,20,Tuesday,2004-04,,1310.0,20.6,,,1475.0,17.9,47.4,0.9657
2004-04-20 21:00:00,21,Tuesday,2004-04,,1114.0,12.3,,,1182.0,16.8,50.4,0.9545
2004-04-20 22:00:00,22,Tuesday,2004-04,,991.0,7.7,,,933.0,16.0,52.0,0.9375
2004-04-20 23:00:00,23,Tuesday,2004-04,,1089.0,9.0,,,1001.0,14.2,59.1,0.952
2004-04-21 00:00:00,0,Wednesday,2004-04,,911.0,4.5,,,756.0,14.2,56.7,0.9111
2004-04-21 01:00:00,1,Wednesday,2004-04,,1005.0,5.8,,,952.0,12.2,67.7,0.9625
2004-04-21 02:00:00,2,Wednesday,2004-04,,863.0,3.2,,,808.0,13.2,61.7,0.9328
2004-04-21 03:00:00,3,Wednesday,2004-04,,857.0,3.0,,,779.0,10.9,71.0,0.9249
2004-04-21 04:00:00,4,Wednesday,2004-04,,804.0,2.0,,,717.0,11.3,67.6,0.9038
2004-04-21 05:00:00,5,Wednesday,2004-04,,871.0,3.7,,,779.0,10.1,71.8,0.888
2004-04-21 06:00:00,6,Wednesday,2004-04,,1035.0,8.7,,,1009.0,10.2,70.9,0.8841
2004-04-21 07:00:00,7,Wednesday,2004-04,,1513.0,27.0,,,1595.0,11.8,66.0,0.9085
2004-04-21 08:00:00,8,Wednesday,2004-04,,1726.0,40.3,,,1940.0,14.0,58.2,0.9271
2004-04-21 09:00:00,9,Wednesday,2004-04,,1396.0,20.0,,,1628.0,17.0,50.2,0.9646
2004-04-21 10:00:00,10,Wednesday,2004-04,,1333.0,17.1,,,1573.0,22.3,36.9,0.9838
2004-04-21 11:00:00,11,Wednesday,2004-04,,1161.0,11.0,,,1187.0,24.4,30.9,0.934
2004-04-21 12:00:00,12,Wednesday,2004-04,,1081.0,10.6,,,900.0,25.9,26.7,0.8771
2004-04-21 13:00:00,13,Wednesday,2004-04,,1075.0,10.5,,,800.0,25.8,26.1,0.854
2004-04-21 14:00:00,14,Wednesday,2004-04,,1055.0,9.6,,,770.0,26.3,24.8,0.8393
2004-04-21 15:00:00,15,Wednesday,2004-04,,1053.0,9.3,,,758.0,27.0,22.2,0.7805
2004-04-21 16:00:00,16,Wednesday,2004-04,,1087.0,12.7,,,886.0,27.3,20.5,0.7308
2004-04-21 17:00:00,17,Wednesday,2004-04,,1304.0,19.8,,,1219.0,25.8,24.1,0.7912
2004-04-21 18:00:00,18,Wednesday,2004-04,,1625.0,32.5,,,1725.0,25.3,28.9,0.9151
2004-04-21 19:00:00,19,Wednesday,2004-04,,1649.0,33.6,,,1745.0,23.8,33.7,0.9786
2004-04-21 20:00:00,20,Wednesday,2004-04,,1443.0,26.0,,,1600.0,21.4,36.0,0.9059
2004-04-21 21:00:00,21,Wednesday,2004-04,,1209.0,16.4,,,1310.0,19.8,39.5,0.9016
2004-04-21 22:00:00,22,Wednesday,2004-04,,1105.0,10.6,,,1208.0,19.2,42.1,0.9273
2004-04-21 23:00:00,23,Wednesday,2004-04,,1020.0,7.1,,,1074.0,18.8,45.8,0.9855
2004-04-22 00:00:00,0,Thursday,2004-04,,991.0,6.4,,,993.0,17.1,50.8,0.9828
2004-04-22 01:00:00,1,Thursday,2004-04,,937.0,4.6,,,923.0,16.2,53.4,0.9775
2004-04-22 02:00:00,2,Thursday,2004-04,,882.0,3.0,,,819.0,16.0,53.5,0.9691
2004-04-22 03:00:00,3,Thursday,2004-04,,843.0,2.2,,,727.0,14.3,59.2,0.9601
2004-04-22 04:00:00,4,Thursday,2004-04,,819.0,1.7,,,694.0,13.3,62.6,0.9498
2004-04-22 05:00:00,5,Thursday,2004-04,,834.0,2.2,,,727.0,13.4,59.5,0.9097
2004-04-22 06:00:00,6,Thursday,2004-04,,977.0,5.7,,,926.0,12.2,64.1,0.9062
2004-04-22 07:00:00,7,Thursday,2004-04,,1234.0,13.8,,,1194.0,13.9,57.2,0.9029
2004-04-22 08:00:00,8,Thursday,2004-04,,1403.0,21.6,,,1502.0,15.2,53.2,0.9107
2004-04-22 09:00:00,9,Thursday,2004-04,,1538.0,26.1,,,1743.0,19.2,41.6,0.9154
2004-04-22 10:00:00,10,Thursday,2004-04,,1343.0,20.1,,,1542.0,23.7,30.6,0.8854
2004-04-22 11:00:00,11,Thursday,2004-04,,1243.0,15.4,,,1354.0,26.1,26.8,0.8921
2004-04-22 12:00:00,12,Thursday,2004-04,,1201.0,13.6,,,1175.0,28.1,24.4,0.9138
2004-04-22 13:00:00,13,Thursday,2004-04,,1121.0,11.1,,,916.0,28.3,23.9,0.906
2004-04-22 14:00:00,14,Thursday,2004-04,,1087.0,12.2,,,818.0,28.0,21.0,0.7814
2004-04-22 15:00:00,15,Thursday,2004-04,,1165.0,17.5,,,1028.0,30.8,16.4,0.7167
2004-04-22 16:00:00,16,Thursday,2004-04,,1224.0,19.1,,,1113.0,31.3,16.2,0.7262
2004-04-22 17:00:00,17,Thursday,2004-04,,1431.0,27.1,,,1431.0,29.4,20.5,0.8262
2004-04-22 18:00:00,18,Thursday,2004-04,,1433.0,28.3,,,1503.0,25.8,24.3,0.794
2004-04-22 19:00:00,19,Thursday,2004-04,,1527.0,35.0,,,1775.0,23.8,29.5,0.8559
2004-04-22 20:00:00,20,Thursday,2004-04,,1387.0,22.4,,,1505.0,22.0,34.8,0.908
2004-04-22 21:00:00,21,Thursday,2004-04,,1158.0,13.5,,,1211.0,20.2,37.4,0.8748
2004-04-22 22:00:00,22,Thursday,2004-04,,1009.0,8.2,,,872.0,19.3,38.8,0.8559
2004-04-22 23:00:00,23,Thursday,2004-04,,1026.0,7.8,,,855.0,17.9,43.7,0.8856
2004-04-23 00:00:00,0,Friday,2004-04,,1119.0,10.0,,,1170.0,17.2,47.9,0.9334
2004-04-23 01:00:00,1,Friday,2004-04,,1000.0,6.6,,,1024.0,16.3,49.7,0.916
2004-04-23 02:00:00,2,Friday,2004-04,,866.0,3.4,,,841.0,16.7,46.5,0.8755
2004-04-23 03:00:00,3,Friday,2004-04,,848.0,2.8,,,760.0,14.6,53.0,0.8775
2004-04-23 04:00:00,4,Friday,2004-04,,844.0,2.3,,,803.0,14.1,53.9,0.8633
2004-04-23 05:00:00,5,Friday,2004-04,0.6,852.0,2.9,59.0,59.0,793.0,14.2,52.2,0.8413
2004-04-23 06:00:00,6,Friday,2004-04,0.8,923.0,4.9,72.0,67.0,906.0,14.3,55.4,0.9003
2004-04-23 07:00:00,7,Friday,2004-04,4.0,1490.0,22.6,244.0,95.0,1541.0,14.0,58.0,0.9202
2004-04-23 08:00:00,8,Friday,2004-04,5.6,1662.0,31.1,351.0,123.0,1861.0,15.4,53.3,0.9289
2004-04-23 09:00:00,9,Friday,2004-04,5.0,1553.0,22.1,358.0,142.0,1895.0,19.1,42.1,0.9233
2004-04-23 10:00:00,10,Friday,2004-04,3.2,1423.0,18.3,245.0,142.0,1684.0,23.7,31.0,0.8968
2004-04-23 11:00:00,11,Friday,2004-04,3.8,1458.0,22.0,240.0,169.0,1731.0,26.9,25.7,0.8942
2004-04-23 12:00:00,12,Friday,2004-04,3.3,1349.0,20.1,179.0,142.0,1402.0,29.7,20.6,0.8478
2004-04-23 13:00:00,13,Friday,2004-04,3.0,1326.0,18.9,160.0,136.0,1246.0,29.2,21.5,0.8573
2004-04-23 14:00:00,14,Friday,2004-04,3.2,1356.0,20.6,174.0,147.0,1342.0,29.6,20.1,0.8181
2004-04-23 15:00:00,15,Friday,2004-04,4.4,1460.0,25.3,260.0,196.0,1489.0,30.0,19.4,0.81
2004-04-23 16:00:00,16,Friday,2004-04,4.6,1497.0,25.8,281.0,186.0,1532.0,29.5,20.1,0.8136
2004-04-23 17:00:00,17,Friday,2004-04,5.2,1645.0,30.6,284.0,177.0,1909.0,27.0,26.8,0.9403
2004-04-23 18:00:00,18,Friday,2004-04,4.8,1557.0,27.1,250.0,164.0,1757.0,24.9,30.8,0.954
2004-04-23 19:00:00,19,Friday,2004-04,5.6,1747.0,32.5,281.0,161.0,1983.0,23.1,36.7,1.0244
2004-04-23 20:00:00,20,Friday,2004-04,4.6,1482.0,20.8,230.0,146.0,1703.0,21.5,40.8,1.0333
2004-04-23 21:00:00,21,Friday,2004-04,1.8,1211.0,10.9,98.0,98.0,1246.0,20.5,41.5,0.9864
2004-04-23 22:00:00,22,Friday,2004-04,2.2,1294.0,13.0,121.0,108.0,1321.0,19.2,44.9,0.9875
2004-04-23 23:00:00,23,Friday,2004-04,2.0,1300.0,11.8,110.0,107.0,1375.0,18.8,47.7,1.0221
2004-04-24 00:00:00,0,Saturday,2004-04,2.8,1402.0,13.4,161.0,113.0,1456.0,18.2,49.7,1.0284
2004-04-24 01:00:00,1,Saturday,2004-04,2.6,1349.0,13.4,148.0,100.0,1442.0,16.1,57.4,1.0451
2004-04-24 02:00:00,2,Saturday,2004-04,1.8,1161.0,9.0,109.0,87.0,1243.0,16.3,55.3,1.0178
2004-04-24 03:00:00,3,Saturday,2004-04,1.1,1022.0,5.8,,,1078.0,15.7,53.6,0.9483
2004-04-24 04:00:00,4,Saturday,2004-04,,948.0,3.8,45.0,60.0,939.0,16.9,49.8,0.9514
2004-04-24 05:00:00,5,Saturday,2004-04,0.7,933.0,3.7,71.0,65.0,937.0,14.8,57.7,0.9644
2004-04-24 06:00:00,6,Saturday,2004-04,0.9,1021.0,5.7,75.0,64.0,1019.0,14.0,59.7,0.9499
2004-04-24 07:00:00,7,Saturday,2004-04,1.5,1134.0,10.0,106.0,73.0,1140.0,14.6,56.8,0.9385
2004-04-24 08:00:00,8,Saturday,2004-04,2.5,1311.0,15.0,166.0,86.0,1351.0,16.7,51.9,0.9788
2004-04-24 09:00:00,9,Saturday,2004-04,3.0,1409.0,15.6,188.0,105.0,1459.0,20.0,45.0,1.039
2004-04-24 10:00:00,10,Saturday,2004-04,2.6,1301.0,12.3,161.0,107.0,1297.0,23.9,33.7,0.9837
2004-04-24 11:00:00,11,Saturday,2004-04,2.6,1354.0,14.4,139.0,114.0,1291.0,26.8,29.5,1.0209
2004-04-24 12:00:00,12,Saturday,2004-04,2.6,1391.0,14.6,134.0,105.0,1296.0,27.2,32.4,1.1493
2004-04-24 13:00:00,13,Saturday,2004-04,1.9,1200.0,8.7,84.0,74.0,972.0,26.9,32.1,1.1217
2004-04-24 14:00:00,14,Saturday,2004-04,2.0,1338.0,11.0,98.0,95.0,1194.0,24.3,41.8,1.2561
2004-04-24 15:00:00,15,Saturday,2004-04,1.7,1223.0,9.0,91.0,89.0,880.0,25.6,36.0,1.1629
2004-04-24 16:00:00,16,Saturday,2004-04,1.9,1278.0,10.7,99.0,95.0,909.0,27.0,31.8,1.1176
2004-04-24 17:00:00,17,Saturday,2004-04,1.8,1257.0,9.9,90.0,93.0,839.0,27.5,31.6,1.1417
2004-04-24 18:00:00,18,Saturday,2004-04,2.8,1497.0,15.7,147.0,123.0,1248.0,24.9,38.1,1.1838
2004-04-24 19:00:00,19,Saturday,2004-04,3.5,1567.0,19.4,177.0,134.0,1476.0,23.4,39.7,1.1276
2004-04-24 20:00:00,20,Saturday,2004-04,3.4,1503.0,16.8,162.0,126.0,1502.0,21.2,50.8,1.2631
2004-04-24 21:00:00,21,Saturday,2004-04,2.0,1169.0,6.8,88.0,79.0,873.0,15.6,73.5,1.2953
2004-04-24 22:00:00,22,Saturday,2004-04,1.1,1007.0,3.0,53.0,54.0,528.0,12.9,79.7,1.1774
2004-04-24 23:00:00,23,Saturday,2004-04,1.3,1004.0,3.2,68.0,69.0,492.0,11.5,76.9,1.0436
2004-04-25 00:00:00,0,Sunday,2004-04,1.2,967.0,3.1,61.0,67.0,463.0,12.2,66.8,0.9455
2004-04-25 01:00:00,1,Sunday,2004-04,1.3,984.0,3.9,71.0,73.0,494.0,12.4,64.1,0.9209
2004-04-25 02:00:00,2,Sunday,2004-04,1.0,931.0,3.6,63.0,73.0,503.0,12.7,58.7,0.8605
2004-04-25 03:00:00,3,Sunday,2004-04,1.3,966.0,4.5,,,581.0,12.6,58.6,0.8529
2004-04-25 04:00:00,4,Sunday,2004-04,,777.0,1.2,23.0,33.0,350.0,12.5,51.2,0.7374
2004-04-25 05:00:00,5,Sunday,2004-04,0.3,763.0,0.7,14.0,20.0,305.0,12.5,50.9,0.7346
2004-04-25 06:00:00,6,Sunday,2004-04,0.5,804.0,1.1,34.0,37.0,329.0,12.8,49.3,0.7285
2004-04-25 07:00:00,7,Sunday,2004-04,0.6,830.0,1.4,42.0,50.0,375.0,13.5,48.6,0.7487
2004-04-25 08:00:00,8,Sunday,2004-04,0.6,833.0,1.6,40.0,45.0,373.0,14.4,45.9,0.7476
2004-04-25 09:00:00,9,Sunday,2004-04,0.8,875.0,2.3,48.0,48.0,385.0,15.1,43.9,0.7487
2004-04-25 10:00:00,10,Sunday,2004-04,1.0,882.0,2.5,61.0,56.0,403.0,16.6,38.6,0.7236
2004-04-25 11:00:00,11,Sunday,2004-04,0.9,862.0,2.7,58.0,58.0,393.0,17.2,35.0,0.6789
2004-04-25 12:00:00,12,Sunday,2004-04,1.0,863.0,2.7,57.0,52.0,388.0,17.4,33.9,0.6683
2004-04-25 13:00:00,13,Sunday,2004-04,0.8,830.0,2.2,54.0,52.0,371.0,17.9,30.7,0.6234
2004-04-25 14:00:00,14,Sunday,2004-04,0.7,807.0,2.0,41.0,44.0,347.0,18.3,27.2,0.5675
2004-04-25 15:00:00,15,Sunday,2004-04,0.9,873.0,3.4,57.0,59.0,396.0,19.4,25.7,0.5738
2004-04-25 16:00:00,16,Sunday,2004-04,1.3,931.0,4.5,83.0,74.0,474.0,20.2,24.1,0.563
2004-04-25 17:00:00,17,Sunday,2004-04,1.4,918.0,4.7,81.0,76.0,505.0,19.6,24.9,0.5625
2004-04-25 18:00:00,18,Sunday,2004-04,1.5,1001.0,6.0,98.0,83.0,625.0,18.5,27.8,0.5843
2004-04-25 19:00:00,19,Sunday,2004-04,2.7,1169.0,11.7,124.0,100.0,941.0,17.8,30.3,0.6129
2004-04-25 20:00:00,20,Sunday,2004-04,2.5,1085.0,8.2,133.0,101.0,893.0,16.6,34.0,0.6353
2004-04-25 21:00:00,21,Sunday,2004-04,1.4,940.0,5.1,100.0,90.0,731.0,15.5,37.0,0.6447
2004-04-25 22:00:00,22,Sunday,2004-04,2.8,1126.0,13.0,116.0,93.0,955.0,14.8,39.5,0.6595
2004-04-25 23:00:00,23,Sunday,2004-04,2.1,978.0,7.0,102.0,79.0,761.0,14.5,42.0,0.6896
2004-04-26 00:00:00,0,Monday,2004-04,1.1,893.0,3.9,55.0,57.0,515.0,14.1,44.9,0.7206
2004-04-26 01:00:00,1,Monday,2004-04,0.7,838.0,2.2,33.0,43.0,434.0,14.2,45.5,0.7333
2004-04-26 02:00:00,2,Monday,2004-04,0.4,803.0,1.3,17.0,25.0,369.0,14.1,45.3,0.7247
2004-04-26 03:00:00,3,Monday,2004-04,0.3,775.0,0.8,,,335.0,14.0,44.3,0.7038
2004-04-26 04:00:00,4,Monday,2004-04,,767.0,0.6,10.0,17.0,319.0,14.1,43.0,0.689
2004-04-26 05:00:00,5,Monday,2004-04,0.4,809.0,1.2,35.0,44.0,378.0,13.9,43.9,0.6923
2004-04-26 06:00:00,6,Monday,2004-04,0.8,898.0,3.4,70.0,72.0,517.0,14.0,43.8,0.6959
2004-04-26 07:00:00,7,Monday,2004-04,1.9,1053.0,7.5,116.0,91.0,786.0,14.4,43.6,0.7113
2004-04-26 08:00:00,8,Monday,2004-04,2.1,1033.0,8.9,134.0,89.0,844.0,15.0,41.7,0.7093
2004-04-26 09:00:00,9,Monday,2004-04,1.4,941.0,5.3,113.0,84.0,720.0,16.3,38.4,0.7052
2004-04-26 10:00:00,10,Monday,2004-04,1.4,941.0,5.4,110.0,83.0,668.0,18.3,32.3,0.676
2004-04-26 11:00:00,11,Monday,2004-04,1.3,917.0,5.2,98.0,78.0,605.0,18.8,31.7,0.6821
2004-04-26 12:00:00,12,Monday,2004-04,1.5,977.0,6.6,96.0,80.0,646.0,19.6,30.9,0.6968
2004-04-26 13:00:00,13,Monday,2004-04,1.6,994.0,6.9,95.0,75.0,640.0,20.2,30.7,0.7176
2004-04-26 14:00:00,14,Monday,2004-04,1.3,942.0,5.4,86.0,77.0,571.0,19.7,32.5,0.7396
2004-04-26 15:00:00,15,Monday,2004-04,1.4,981.0,6.0,86.0,77.0,605.0,20.7,31.6,0.7602
2004-04-26 16:00:00,16,Monday,2004-04,1.5,984.0,6.4,91.0,81.0,636.0,20.0,32.7,0.7545
2004-04-26 17:00:00,17,Monday,2004-04,2.2,1116.0,10.7,119.0,101.0,886.0,18.6,35.4,0.7535
2004-04-26 18:00:00,18,Monday,2004-04,3.2,1181.0,13.9,147.0,119.0,1032.0,18.3,35.9,0.7501
2004-04-26 19:00:00,19,Monday,2004-04,3.0,1163.0,12.5,135.0,111.0,977.0,17.8,37.5,0.7568
2004-04-26 20:00:00,20,Monday,2004-04,2.6,1081.0,9.3,124.0,109.0,924.0,17.3,38.8,0.7584
2004-04-26 21:00:00,21,Monday,2004-04,1.6,1017.0,6.7,89.0,101.0,846.0,17.3,38.8,0.7596
2004-04-26 22:00:00,22,Monday,2004-04,1.5,966.0,5.3,79.0,89.0,755.0,16.4,40.8,0.7542
2004-04-26 23:00:00,23,Monday,2004-04,1.2,924.0,4.0,63.0,75.0,610.0,16.0,41.4,0.7487
2004-04-27 00:00:00,0,Tuesday,2004-04,0.8,861.0,2.2,39.0,51.0,439.0,15.4,43.0,0.7482
2004-04-27 01:00:00,1,Tuesday,2004-04,0.7,826.0,1.7,25.0,39.0,402.0,15.7,42.5,0.7539
2004-04-27 02:00:00,2,Tuesday,2004-04,0.5,846.0,1.6,19.0,32.0,406.0,15.6,43.4,0.7651
2004-04-27 03:00:00,3,Tuesday,2004-04,0.5,842.0,1.5,,,424.0,15.2,45.8,0.7864
2004-04-27 04:00:00,4,Tuesday,2004-04,,909.0,2.5,34.0,49.0,558.0,14.7,49.9,0.828
2004-04-27 05:00:00,5,Tuesday,2004-04,0.7,930.0,3.3,58.0,68.0,746.0,15.5,47.3,0.8282
2004-04-27 06:00:00,6,Tuesday,2004-04,1.4,1120.0,8.9,112.0,76.0,1126.0,14.4,53.1,0.8677
2004-04-27 07:00:00,7,Tuesday,2004-04,4.1,1518.0,23.4,314.0,122.0,1703.0,15.9,48.5,0.8704
2004-04-27 08:00:00,8,Tuesday,2004-04,4.6,1461.0,23.8,240.0,129.0,1628.0,18.1,40.3,0.8294
2004-04-27 09:00:00,9,Tuesday,2004-04,1.9,1075.0,7.9,128.0,94.0,936.0,19.6,35.9,0.81
2004-04-27 10:00:00,10,Tuesday,2004-04,1.9,1061.0,8.2,141.0,99.0,890.0,22.8,29.1,0.796
2004-04-27 11:00:00,11,Tuesday,2004-04,1.7,1066.0,8.8,118.0,81.0,757.0,24.8,25.3,0.7793
2004-04-27 12:00:00,12,Tuesday,2004-04,2.4,1179.0,14.6,132.0,87.0,949.0,27.2,22.0,0.7785
2004-04-27 13:00:00,13,Tuesday,2004-04,3.0,1251.0,18.0,150.0,107.0,1109.0,28.2,20.4,0.7677
2004-04-27 14:00:00,14,Tuesday,2004-04,2.0,1120.0,12.0,121.0,95.0,870.0,25.4,24.2,0.7733
2004-04-27 15:00:00,15,Tuesday,2004-04,2.7,1187.0,14.8,149.0,110.0,1011.0,25.7,23.8,0.7737
2004-04-27 16:00:00,16,Tuesday,2004-04,2.2,1145.0,12.5,120.0,99.0,885.0,27.2,22.1,0.7811
2004-04-27 17:00:00,17,Tuesday,2004-04,2.9,1215.0,15.5,155.0,113.0,1015.0,27.0,22.3,0.786
2004-04-27 18:00:00,18,Tuesday,2004-04,3.4,1317.0,17.7,172.0,127.0,1155.0,24.5,27.8,0.8433
2004-04-27 19:00:00,19,Tuesday,2004-04,3.9,1388.0,21.6,177.0,131.0,1315.0,23.7,30.2,0.8718
2004-04-27 20:00:00,20,Tuesday,2004-04,3.6,1295.0,18.9,181.0,137.0,1359.0,21.5,34.5,0.8746
2004-04-27 21:00:00,21,Tuesday,2004-04,2.5,1153.0,12.5,135.0,122.0,1194.0,19.9,37.8,0.8675
2004-04-27 22:00:00,22,Tuesday,2004-04,1.8,1078.0,8.8,99.0,100.0,951.0,18.9,40.6,0.8771
2004-04-27 23:00:00,23,Tuesday,2004-04,2.0,1133.0,10.9,111.0,108.0,1054.0,17.9,43.5,0.884
2004-04-28 00:00:00,0,Wednesday,2004-04,1.3,1055.0,8.0,72.0,83.0,980.0,17.4,46.3,0.9112
2004-04-28 01:00:00,1,Wednesday,2004-04,1.0,953.0,4.4,54.0,74.0,898.0,18.1,44.7,0.9186
2004-04-28 02:00:00,2,Wednesday,2004-04,0.6,892.0,2.8,41.0,64.0,803.0,16.5,50.1,0.9331
2004-04-28 03:00:00,3,Wednesday,2004-04,0.6,895.0,2.7,,,684.0,14.2,56.9,0.9141
2004-04-28 04:00:00,4,Wednesday,2004-04,,859.0,2.2,24.0,40.0,644.0,14.7,56.2,0.9341
2004-04-28 05:00:00,5,Wednesday,2004-04,0.5,856.0,2.5,29.0,39.0,677.0,16.3,52.8,0.9722
2004-04-28 06:00:00,6,Wednesday,2004-04,1.1,1030.0,7.5,76.0,69.0,996.0,13.9,60.7,0.9597
2004-04-28 07:00:00,7,Wednesday,2004-04,5.5,1689.0,30.4,321.0,104.0,1736.0,15.0,58.3,0.9876
2004-04-28 08:00:00,8,Wednesday,2004-04,4.2,1486.0,22.0,274.0,100.0,1692.0,16.1,54.8,0.996
2004-04-28 09:00:00,9,Wednesday,2004-04,4.6,1592.0,24.7,322.0,146.0,2108.0,19.3,46.4,1.0248
2004-04-28 10:00:00,10,Wednesday,2004-04,3.4,1469.0,18.4,255.0,155.0,1807.0,24.2,33.8,1.0097
2004-04-28 11:00:00,11,Wednesday,2004-04,2.8,1364.0,16.8,196.0,139.0,1566.0,26.7,28.7,0.9895
2004-04-28 12:00:00,12,Wednesday,2004-04,2.5,1285.0,14.2,136.0,121.0,1293.0,27.4,28.2,1.0098
2004-04-28 13:00:00,13,Wednesday,2004-04,2.4,1311.0,15.7,119.0,108.0,1219.0,28.1,26.9,1.0094
2004-04-28 14:00:00,14,Wednesday,2004-04,3.2,1416.0,21.9,169.0,126.0,1330.0,27.7,26.5,0.9693
2004-04-28 15:00:00,15,Wednesday,2004-04,3.5,1387.0,20.8,197.0,145.0,1299.0,28.4,23.4,0.8935
2004-04-28 16:00:00,16,Wednesday,2004-04,2.9,1329.0,16.2,140.0,121.0,1111.0,28.4,26.0,0.9922
2004-04-28 17:00:00,17,Wednesday,2004-04,3.6,1496.0,19.8,178.0,145.0,1300.0,27.3,30.0,1.0752
2004-04-28 18:00:00,18,Wednesday,2004-04,4.8,1676.0,28.9,223.0,160.0,1653.0,24.3,37.3,1.1199
2004-04-28 19:00:00,19,Wednesday,2004-04,5.4,1724.0,28.3,222.0,155.0,1716.0,23.1,42.2,1.1746
2004-04-28 20:00:00,20,Wednesday,2004-04,5.3,1642.0,24.9,265.0,162.0,1720.0,21.8,43.6,1.1226
2004-04-28 21:00:00,21,Wednesday,2004-04,2.7,1267.0,13.1,151.0,129.0,1339.0,19.8,46.8,1.0702
2004-04-28 22:00:00,22,Wednesday,2004-04,1.4,1146.0,8.6,79.0,96.0,1166.0,19.6,49.8,1.1221
2004-04-28 23:00:00,23,Wednesday,2004-04,1.6,1216.0,9.5,87.0,92.0,1256.0,17.9,56.2,1.142
2004-04-29 00:00:00,0,Thursday,2004-04,1.5,1128.0,7.8,88.0,89.0,1125.0,17.4,55.6,1.0963
2004-04-29 01:00:00,1,Thursday,2004-04,1.0,1042.0,5.2,51.0,61.0,968.0,16.8,59.5,1.1269
2004-04-29 02:00:00,2,Thursday,2004-04,0.6,926.0,2.8,34.0,54.0,814.0,15.9,60.1,1.0806
2004-04-29 03:00:00,3,Thursday,2004-04,0.4,898.0,2.3,,,743.0,15.6,61.2,1.0784
2004-04-29 04:00:00,4,Thursday,2004-04,,889.0,2.5,31.0,44.0,758.0,14.6,63.4,1.0446
2004-04-29 05:00:00,5,Thursday,2004-04,0.8,959.0,4.4,76.0,57.0,861.0,13.3,67.0,1.0203
2004-04-29 06:00:00,6,Thursday,2004-04,1.5,1097.0,9.4,139.0,68.0,1047.0,12.9,66.5,0.9846
2004-04-29 07:00:00,7,Thursday,2004-04,4.9,1674.0,29.8,293.0,95.0,1665.0,14.8,61.3,1.0237
2004-04-29 08:00:00,8,Thursday,2004-04,7.2,1771.0,36.2,368.0,125.0,1982.0,16.1,56.5,1.0274
2004-04-29 09:00:00,9,Thursday,2004-04,3.5,1408.0,18.0,250.0,135.0,1711.0,18.6,47.8,1.0143
2004-04-29 10:00:00,10,Thursday,2004-04,2.1,1156.0,10.9,145.0,118.0,1204.0,23.8,30.2,0.8771
2004-04-29 11:00:00,11,Thursday,2004-04,1.5,1042.0,9.0,110.0,91.0,871.0,25.4,25.0,0.7966
2004-04-29 12:00:00,12,Thursday,2004-04,2.0,1167.0,14.4,104.0,89.0,1040.0,25.6,25.5,0.8234
2004-04-29 13:00:00,13,Thursday,2004-04,3.8,1398.0,22.3,205.0,129.0,1439.0,24.9,29.9,0.9325
2004-04-29 14:00:00,14,Thursday,2004-04,3.4,1458.0,20.9,201.0,122.0,1516.0,22.4,37.9,1.016
2004-04-29 15:00:00,15,Thursday,2004-04,4.4,1554.0,23.1,266.0,138.0,1693.0,21.7,44.0,1.1242
2004-04-29 16:00:00,16,Thursday,2004-04,3.9,1495.0,21.2,246.0,136.0,1635.0,21.4,44.4,1.1176
2004-04-29 17:00:00,17,Thursday,2004-04,4.9,1560.0,24.8,247.0,143.0,1688.0,20.8,45.3,1.1016
2004-04-29 18:00:00,18,Thursday,2004-04,5.4,1664.0,28.6,271.0,145.0,1820.0,20.2,48.6,1.1354
2004-04-29 19:00:00,19,Thursday,2004-04,6.5,1761.0,32.6,332.0,146.0,2006.0,20.2,50.8,1.1924
2004-04-29 20:00:00,20,Thursday,2004-04,4.3,1524.0,19.2,245.0,122.0,1740.0,18.6,57.6,1.2233
2004-04-29 21:00:00,21,Thursday,2004-04,2.9,1398.0,16.3,180.0,112.0,1577.0,18.2,58.8,1.2173
2004-04-29 22:00:00,22,Thursday,2004-04,2.7,1342.0,13.7,156.0,102.0,1443.0,17.8,61.0,1.2352
2004-04-29 23:00:00,23,Thursday,2004-04,2.8,1433.0,13.6,172.0,97.0,1411.0,17.0,70.7,1.3554
2004-04-30 00:00:00,0,Friday,2004-04,2.3,1297.0,11.1,137.0,85.0,1217.0,16.2,76.9,1.4051
2004-04-30 01:00:00,1,Friday,2004-04,1.7,1179.0,7.6,91.0,76.0,1086.0,15.7,78.6,1.3943
2004-04-30 02:00:00,2,Friday,2004-04,1.2,1097.0,5.9,80.0,74.0,1050.0,15.7,78.4,1.3917
2004-04-30 03:00:00,3,Friday,2004-04,1.0,1054.0,5.0,,,965.0,15.7,77.4,1.3683
2004-04-30 04:00:00,4,Friday,2004-04,,1017.0,4.0,46.0,56.0,906.0,15.4,78.5,1.3635
2004-04-30 05:00:00,5,Friday,2004-04,0.8,1005.0,4.5,68.0,66.0,917.0,15.7,74.7,1.3194
2004-04-30 06:00:00,6,Friday,2004-04,1.7,1206.0,9.3,162.0,90.0,1116.0,15.9,73.1,1.3136
2004-04-30 07:00:00,7,Friday,2004-04,3.0,1458.0,18.3,213.0,111.0,1380.0,16.6,68.2,1.2737
2004-04-30 08:00:00,8,Friday,2004-04,3.4,1405.0,19.9,161.0,103.0,1378.0,18.7,57.6,1.2323
2004-04-30 09:00:00,9,Friday,2004-04,3.3,1381.0,16.6,209.0,117.0,1365.0,17.6,65.0,1.2945
2004-04-30 10:00:00,10,Friday,2004-04,2.7,1315.0,12.6,191.0,116.0,1273.0,16.3,73.2,1.3458
2004-04-30 11:00:00,11,Friday,2004-04,2.6,1332.0,12.9,215.0,109.0,1242.0,16.0,78.5,1.4209
2004-04-30 12:00:00,12,Friday,2004-04,3.2,1362.0,14.9,212.0,116.0,1294.0,17.3,72.4,1.4125
2004-04-30 13:00:00,13,Friday,2004-04,3.4,1399.0,17.4,202.0,115.0,1413.0,19.4,60.9,1.3545
2004-04-30 14:00:00,14,Friday,2004-04,2.6,1310.0,15.4,153.0,94.0,1224.0,21.4,50.9,1.2823
2004-04-30 15:00:00,15,Friday,2004-04,3.4,1399.0,16.7,185.0,121.0,1318.0,22.7,45.8,1.2465
2004-04-30 16:00:00,16,Friday,2004-04,4.0,1524.0,18.0,210.0,114.0,1404.0,20.9,60.8,1.4852
2004-04-30 17:00:00,17,Friday,2004-04,4.5,1487.0,19.2,215.0,110.0,1471.0,21.0,54.3,1.3353
2004-04-30 18:00:00,18,Friday,2004-04,4.2,1480.0,21.0,215.0,122.0,1623.0,20.8,54.4,1.3194
2004-04-30 19:00:00,19,Friday,2004-04,5.7,1626.0,26.9,281.0,135.0,1786.0,19.8,58.6,1.3392
2004-04-30 20:00:00,20,Friday,2004-04,4.4,1449.0,19.5,254.0,133.0,1569.0,19.1,61.1,1.3345
2004-04-30 21:00:00,21,Friday,2004-04,3.1,1363.0,15.1,189.0,110.0,1495.0,18.2,65.4,1.3529
2004-04-30 22:00:00,22,Friday,2004-04,3.0,1371.0,14.6,174.0,102.0,1471.0,18.1,66.1,1.3579
2004-04-30 23:00:00,23,Friday,2004-04,3.1,1406.0,13.7,167.0,108.0,1384.0,17.7,66.9,1.3422
2004-05-01 00:00:00,0,Saturday,2004-05,3.5,1425.0,15.2,185.0,110.0,1789.0,17.8,66.8,1.346
2004-05-01 01:00:00,1,Saturday,2004-05,2.4,1179.0,9.3,129.0,84.0,1323.0,17.3,68.3,1.3346
2004-05-01 02:00:00,2,Saturday,2004-05,1.6,1047.0,6.5,85.0,71.0,1081.0,16.5,70.2,1.3099
2004-05-01 03:00:00,3,Saturday,2004-05,1.3,1009.0,6.3,,,938.0,15.7,73.1,1.2902
2004-05-01 04:00:00,4,Saturday,2004-05,,882.0,3.5,35.0,42.0,673.0,16.2,69.9,1.2756
2004-05-01 05:00:00,5,Saturday,2004-05,0.6,858.0,2.6,24.0,32.0,543.0,16.7,67.1,1.2619
2004-05-01 06:00:00,6,Saturday,2004-05,0.7,875.0,3.1,30.0,35.0,561.0,16.7,66.9,1.2631
2004-05-01 07:00:00,7,Saturday,2004-05,1.2,1012.0,6.5,75.0,67.0,862.0,16.9,66.5,1.2688
2004-05-01 08:00:00,8,Saturday,2004-05,1.5,1049.0,6.5,79.0,73.0,901.0,17.7,62.0,1.2458
2004-05-01 09:00:00,9,Saturday,2004-05,1.8,1131.0,8.8,104.0,86.0,1048.0,19.4,54.6,1.2184
2004-05-01 10:00:00,10,Saturday,2004-05,2.1,1120.0,8.8,118.0,89.0,971.0,21.6,46.1,1.1725
2004-05-01 11:00:00,11,Saturday,2004-05,1.9,1117.0,9.2,105.0,86.0,915.0,24.6,36.7,1.1202
2004-05-01 12:00:00,12,Saturday,2004-05,2.0,1110.0,9.2,101.0,86.0,891.0,26.0,31.9,1.0566
2004-05-01 13:00:00,13,Saturday,2004-05,1.3,962.0,6.1,65.0,66.0,628.0,25.6,31.5,1.0184
2004-05-01 14:00:00,14,Saturday,2004-05,1.3,963.0,6.5,59.0,68.0,556.0,24.8,34.8,1.0716
2004-05-01 15:00:00,15,Saturday,2004-05,1.8,1050.0,9.2,80.0,82.0,652.0,26.1,30.3,1.0101
2004-05-01 16:00:00,16,Saturday,2004-05,2.0,1053.0,8.3,98.0,91.0,683.0,25.5,33.5,1.0767
2004-05-01 17:00:00,17,Saturday,2004-05,1.8,1045.0,8.3,89.0,95.0,624.0,23.7,37.2,1.0746
2004-05-01 18:00:00,18,Saturday,2004-05,2.4,1124.0,11.0,114.0,104.0,733.0,22.3,38.9,1.0324
2004-05-01 19:00:00,19,Saturday,2004-05,4.0,1330.0,14.7,195.0,131.0,1062.0,20.7,42.8,1.0298
2004-05-01 20:00:00,20,Saturday,2004-05,2.8,1171.0,10.8,156.0,112.0,988.0,19.0,51.7,1.1222
2004-05-01 21:00:00,21,Saturday,2004-05,2.0,1085.0,9.4,109.0,100.0,871.0,17.8,55.5,1.1174
2004-05-01 22:00:00,22,Saturday,2004-05,3.6,1358.0,14.8,184.0,115.0,1243.0,17.4,57.6,1.1342
2004-05-01 23:00:00,23,Saturday,2004-05,3.7,1385.0,13.3,190.0,129.0,1175.0,17.6,58.5,1.1645
2004-05-02 00:00:00,0,Sunday,2004-05,2.3,1167.0,8.4,105.0,99.0,1126.0,17.2,59.3,1.1551
2004-05-02 01:00:00,1,Sunday,2004-05,1.8,1072.0,7.9,76.0,74.0,1118.0,17.1,60.4,1.1633
2004-05-02 02:00:00,2,Sunday,2004-05,0.9,938.0,5.5,38.0,55.0,864.0,16.4,62.2,1.1507
2004-05-02 03:00:00,3,Sunday,2004-05,1.6,1000.0,6.6,,,942.0,14.8,67.6,1.1352
2004-05-02 04:00:00,4,Sunday,2004-05,,854.0,3.3,26.0,35.0,684.0,14.8,65.8,1.1028
2004-05-02 05:00:00,5,Sunday,2004-05,0.6,815.0,2.6,33.0,37.0,689.0,14.7,65.2,1.0811
2004-05-02 06:00:00,6,Sunday,2004-05,0.7,866.0,3.6,57.0,45.0,767.0,13.1,70.2,1.0554
2004-05-02 07:00:00,7,Sunday,2004-05,0.8,911.0,4.8,48.0,46.0,817.0,14.3,66.2,1.0728
2004-05-02 08:00:00,8,Sunday,2004-05,1.2,988.0,5.9,87.0,68.0,940.0,16.0,61.6,1.1083
2004-05-02 09:00:00,9,Sunday,2004-05,1.4,1046.0,6.9,94.0,77.0,908.0,17.7,56.4,1.1342
2004-05-02 10:00:00,10,Sunday,2004-05,1.6,1085.0,8.5,89.0,79.0,871.0,21.3,44.7,1.1157
2004-05-02 11:00:00,11,Sunday,2004-05,1.3,1008.0,6.1,78.0,72.0,689.0,23.6,36.4,1.0431
2004-05-02 12:00:00,12,Sunday,2004-05,1.3,1004.0,6.2,72.0,68.0,629.0,24.3,34.0,1.0149
2004-05-02 13:00:00,13,Sunday,2004-05,1.1,948.0,4.8,64.0,64.0,602.0,24.4,32.7,0.9863
2004-05-02 14:00:00,14,Sunday,2004-05,1.2,1026.0,6.8,70.0,73.0,617.0,24.6,31.7,0.9647
2004-05-02 15:00:00,15,Sunday,2004-05,1.5,1047.0,7.0,92.0,84.0,677.0,23.9,34.3,1.002
2004-05-02 16:00:00,16,Sunday,2004-05,1.1,1018.0,5.5,69.0,67.0,580.0,25.9,28.1,0.9258
2004-05-02 17:00:00,17,Sunday,2004-05,1.9,1160.0,9.5,131.0,106.0,861.0,24.5,32.3,0.9815
2004-05-02 18:00:00,18,Sunday,2004-05,2.3,1269.0,11.9,144.0,114.0,1080.0,22.6,39.3,1.06
2004-05-02 19:00:00,19,Sunday,2004-05,3.3,1394.0,13.8,209.0,123.0,1288.0,21.2,47.5,1.1828
2004-05-02 20:00:00,20,Sunday,2004-05,2.6,1292.0,10.7,170.0,108.0,1163.0,19.9,54.9,1.2632
2004-05-02 21:00:00,21,Sunday,2004-05,2.2,1212.0,9.7,152.0,100.0,1043.0,19.4,52.1,1.1642
2004-05-02 22:00:00,22,Sunday,2004-05,2.3,1137.0,10.2,171.0,118.0,1045.0,19.4,42.6,0.9485
2004-05-02 23:00:00,23,Sunday,2004-05,2.0,1080.0,8.3,153.0,121.0,929.0,19.1,44.1,0.966
2004-05-03 00:00:00,0,Monday,2004-05,1.6,1031.0,7.1,97.0,94.0,825.0,18.0,49.3,1.0086
2004-05-03 01:00:00,1,Monday,2004-05,0.8,917.0,3.0,37.0,52.0,545.0,17.6,54.6,1.0918
2004-05-03 02:00:00,2,Monday,2004-05,0.6,888.0,2.2,26.0,39.0,500.0,16.4,62.1,1.1493
2004-05-03 03:00:00,3,Monday,2004-05,0.4,872.0,1.7,,,494.0,15.6,65.3,1.1484
2004-05-03 04:00:00,4,Monday,2004-05,,876.0,1.5,25.0,33.0,505.0,16.0,61.4,1.1043
2004-05-03 05:00:00,5,Monday,2004-05,0.7,964.0,3.7,61.0,57.0,717.0,15.8,64.3,1.1416
2004-05-03 06:00:00,6,Monday,2004-05,1.3,1147.0,8.2,152.0,80.0,1126.0,16.0,65.8,1.1844
2004-05-03 07:00:00,7,Monday,2004-05,3.4,1493.0,21.1,283.0,101.0,1597.0,16.8,62.5,1.1869
2004-05-03 08:00:00,8,Monday,2004-05,4.7,1597.0,26.5,320.0,109.0,1687.0,16.9,66.1,1.2613
2004-05-03 09:00:00,9,Monday,2004-05,3.4,1483.0,17.4,318.0,109.0,1529.0,17.4,68.9,1.3557
2004-05-03 10:00:00,10,Monday,2004-05,2.5,1222.0,12.9,201.0,111.0,1366.0,21.4,45.0,1.1291
2004-05-03 11:00:00,11,Monday,2004-05,2.0,1060.0,10.9,135.0,102.0,1074.0,23.9,30.7,0.9002
2004-05-03 12:00:00,12,Monday,2004-05,1.9,1048.0,11.0,127.0,96.0,940.0,26.8,25.2,0.8721
2004-05-03 13:00:00,13,Monday,2004-05,1.7,1051.0,10.8,102.0,90.0,921.0,28.4,23.6,0.8983
2004-05-03 14:00:00,14,Monday,2004-05,1.4,998.0,10.0,74.0,69.0,695.0,30.3,20.1,0.8539
2004-05-03 15:00:00,15,Monday,2004-05,1.5,1058.0,11.2,81.0,74.0,795.0,30.9,19.7,0.8649
2004-05-03 16:00:00,16,Monday,2004-05,2.4,1203.0,16.8,129.0,102.0,1079.0,30.2,20.5,0.8672
2004-05-03 17:00:00,17,Monday,2004-05,3.9,1491.0,23.6,190.0,128.0,1473.0,26.4,34.6,1.1724
2004-05-03 18:00:00,18,Monday,2004-05,4.2,1467.0,23.3,192.0,130.0,1493.0,24.9,39.4,1.2268
2004-05-03 19:00:00,19,Monday,2004-05,3.7,1407.0,19.4,163.0,120.0,1308.0,23.5,43.7,1.2484
2004-05-03 20:00:00,20,Monday,2004-05,3.2,1324.0,13.1,149.0,113.0,1189.0,19.3,63.1,1.4028
2004-05-03 21:00:00,21,Monday,2004-05,2.0,1214.0,9.8,119.0,100.0,1076.0,18.7,64.6,1.3836
2004-05-03 22:00:00,22,Monday,2004-05,1.1,1016.0,5.3,61.0,70.0,806.0,19.5,57.1,1.2806
2004-05-03 23:00:00,23,Monday,2004-05,1.5,1135.0,6.7,84.0,83.0,973.0,18.9,62.5,1.3521
2004-05-04 00:00:00,0,Tuesday,2004-05,1.3,1065.0,5.5,79.0,81.0,929.0,18.4,65.8,1.3802
2004-05-04 01:00:00,1,Tuesday,2004-05,1.0,999.0,3.7,58.0,69.0,778.0,16.4,79.2,1.4681
2004-05-04 02:00:00,2,Tuesday,2004-05,0.6,911.0,2.2,32.0,48.0,633.0,16.1,80.0,1.4562
2004-05-04 03:00:00,3,Tuesday,2004-05,0.4,873.0,1.5,,,497.0,15.6,81.0,1.4302
2004-05-04 04:00:00,4,Tuesday,2004-05,,881.0,1.5,21.0,28.0,458.0,15.6,81.0,1.4216
2004-05-04 05:00:00,5,Tuesday,2004-05,0.6,967.0,2.9,49.0,47.0,579.0,15.7,80.5,1.4236
2004-05-04 06:00:00,6,Tuesday,2004-05,1.9,1280.0,9.9,180.0,88.0,1003.0,16.0,80.8,1.4602
2004-05-04 07:00:00,7,Tuesday,2004-05,4.5,1564.0,23.0,302.0,109.0,1393.0,16.6,78.0,1.4572
2004-05-04 08:00:00,8,Tuesday,2004-05,4.3,1505.0,22.3,258.0,113.0,1406.0,16.1,79.2,1.4398
2004-05-04 09:00:00,9,Tuesday,2004-05,3.2,1309.0,16.2,192.0,104.0,1308.0,17.7,70.8,1.4171
2004-05-04 10:00:00,10,Tuesday,2004-05,1.3,1035.0,7.9,84.0,65.0,863.0,20.3,54.8,1.2867
2004-05-04 11:00:00,11,Tuesday,2004-05,2.2,1148.0,12.4,128.0,87.0,1004.0,21.2,49.3,1.2271
2004-05-04 12:00:00,12,Tuesday,2004-05,2.6,1152.0,13.6,145.0,99.0,1023.0,21.5,47.9,1.2178
2004-05-04 13:00:00,13,Tuesday,2004-05,2.3,1131.0,12.3,132.0,100.0,978.0,21.4,47.7,1.2047
2004-05-04 14:00:00,14,Tuesday,2004-05,2.4,1142.0,12.1,136.0,105.0,979.0,20.4,54.0,1.2757
2004-05-04 15:00:00,15,Tuesday,2004-05,2.6,1197.0,12.9,140.0,97.0,971.0,19.9,57.1,1.3158
2004-05-04 16:00:00,16,Tuesday,2004-05,1.2,960.0,6.3,55.0,54.0,617.0,19.9,55.2,1.2701
2004-05-04 17:00:00,17,Tuesday,2004-05,1.6,1077.0,10.6,67.0,59.0,717.0,19.5,55.7,1.2512
2004-05-04 18:00:00,18,Tuesday,2004-05,3.9,1377.0,20.6,191.0,109.0,1220.0,18.3,62.8,1.3127
2004-05-04 19:00:00,19,Tuesday,2004-05,4.7,1405.0,22.1,227.0,125.0,1296.0,17.2,68.3,1.3289
2004-05-04 20:00:00,20,Tuesday,2004-05,5.4,1484.0,20.8,264.0,132.0,1413.0,16.1,75.2,1.3654
2004-05-04 21:00:00,21,Tuesday,2004-05,3.0,1187.0,11.8,196.0,110.0,1093.0,16.6,70.8,1.3253
2004-05-04 22:00:00,22,Tuesday,2004-05,0.9,870.0,4.3,43.0,53.0,586.0,18.5,56.0,1.181
2004-05-04 23:00:00,23,Tuesday,2004-05,1.1,932.0,5.0,58.0,61.0,575.0,17.3,59.5,1.1667
2004-05-05 00:00:00,0,Wednesday,2004-05,0.7,830.0,2.3,33.0,41.0,441.0,18.6,52.3,1.1121
2004-05-05 01:00:00,1,Wednesday,2004-05,0.5,778.0,1.4,14.0,22.0,358.0,19.0,49.8,1.0831
2004-05-05 02:00:00,2,Wednesday,2004-05,0.5,820.0,1.5,18.0,28.0,377.0,15.7,64.5,1.14
2004-05-05 03:00:00,3,Wednesday,2004-05,0.5,842.0,1.8,,,437.0,15.5,66.9,1.1691
2004-05-05 04:00:00,4,Wednesday,2004-05,,867.0,2.1,28.0,41.0,468.0,14.7,74.1,1.2302
2004-05-05 05:00:00,5,Wednesday,2004-05,0.8,927.0,3.5,56.0,54.0,580.0,14.6,77.1,1.2727
2004-05-05 06:00:00,6,Wednesday,2004-05,1.3,1060.0,6.9,108.0,81.0,805.0,14.5,78.3,1.2851
2004-05-05 07:00:00,7,Wednesday,2004-05,3.5,1440.0,19.1,251.0,107.0,1273.0,15.1,76.8,1.3061
2004-05-05 08:00:00,8,Wednesday,2004-05,,1449.0,22.0,,,1452.0,16.4,70.8,1.3088
2004-05-05 09:00:00,9,Wednesday,2004-05,3.9,1384.0,18.9,255.0,124.0,1307.0,16.4,72.4,1.3379
2004-05-05 10:00:00,10,Wednesday,2004-05,2.9,1172.0,13.0,214.0,123.0,1102.0,16.3,68.6,1.2657
2004-05-05 11:00:00,11,Wednesday,2004-05,2.6,1143.0,13.0,190.0,120.0,1083.0,17.2,62.9,1.2228
2004-05-05 12:00:00,12,Wednesday,2004-05,3.0,1167.0,14.5,182.0,113.0,1083.0,17.4,61.1,1.206
2004-05-05 13:00:00,13,Wednesday,2004-05,3.7,1303.0,19.7,202.0,114.0,1236.0,16.8,66.8,1.2691
2004-05-05 14:00:00,14,Wednesday,2004-05,3.9,1264.0,19.4,224.0,120.0,1223.0,17.3,62.6,1.226
2004-05-05 15:00:00,15,Wednesday,2004-05,3.5,1242.0,16.4,221.0,125.0,1175.0,17.5,60.8,1.2029
2004-05-05 16:00:00,16,Wednesday,2004-05,2.4,1070.0,11.2,126.0,88.0,933.0,17.5,59.2,1.1725
2004-05-05 17:00:00,17,Wednesday,2004-05,1.6,981.0,10.0,79.0,72.0,835.0,17.7,56.9,1.1392
2004-05-05 18:00:00,18,Wednesday,2004-05,3.0,1198.0,14.6,137.0,103.0,1291.0,17.1,61.5,1.1873
2004-05-05 19:00:00,19,Wednesday,2004-05,1.6,1000.0,8.5,68.0,67.0,802.0,17.5,63.9,1.2667
2004-05-05 20:00:00,20,Wednesday,2004-05,2.1,1110.0,9.2,96.0,79.0,842.0,15.9,70.7,1.2672
2004-05-05 21:00:00,21,Wednesday,2004-05,1.8,1023.0,6.9,111.0,89.0,744.0,15.1,75.1,1.2799
2004-05-05 22:00:00,22,Wednesday,2004-05,1.1,861.0,3.7,56.0,67.0,500.0,13.9,72.5,1.1502
2004-05-05 23:00:00,23,Wednesday,2004-05,1.5,969.0,4.9,81.0,83.0,560.0,12.0,79.8,1.1175
2004-05-06 00:00:00,0,Thursday,2004-05,1.4,898.0,4.6,79.0,76.0,589.0,12.5,75.8,1.0938
2004-05-06 01:00:00,1,Thursday,2004-05,0.9,835.0,3.4,46.0,58.0,488.0,12.0,75.0,1.0499
2004-05-06 02:00:00,2,Thursday,2004-05,0.5,766.0,1.2,19.0,30.0,387.0,12.6,72.2,1.0503
2004-05-06 03:00:00,3,Thursday,2004-05,0.4,743.0,1.0,,,355.0,12.7,71.6,1.0486
2004-05-06 04:00:00,4,Thursday,2004-05,,758.0,1.2,15.0,22.0,351.0,13.1,67.1,1.0079
2004-05-06 05:00:00,5,Thursday,2004-05,0.6,804.0,2.3,48.0,50.0,420.0,13.2,64.6,0.9774
2004-05-06 06:00:00,6,Thursday,2004-05,1.3,948.0,6.1,128.0,92.0,695.0,13.1,65.6,0.9815
2004-05-06 07:00:00,7,Thursday,2004-05,2.9,1204.0,16.8,193.0,101.0,1139.0,14.7,58.5,0.9688
2004-05-06 08:00:00,8,Thursday,2004-05,3.6,1231.0,20.3,203.0,121.0,1315.0,15.9,53.1,0.9529
2004-05-06 09:00:00,9,Thursday,2004-05,3.4,1176.0,16.4,220.0,130.0,1217.0,17.9,46.1,0.9388
2004-05-06 10:00:00,10,Thursday,2004-05,2.5,1043.0,12.5,161.0,114.0,1014.0,20.2,37.7,0.8833
2004-05-06 11:00:00,11,Thursday,2004-05,2.1,992.0,9.8,135.0,100.0,884.0,18.5,42.8,0.9026
2004-05-06 12:00:00,12,Thursday,2004-05,1.1,885.0,5.2,57.0,56.0,524.0,13.0,64.3,0.9586
2004-05-06 13:00:00,13,Thursday,2004-05,1.8,991.0,8.9,91.0,75.0,644.0,15.1,54.5,0.9309
2004-05-06 14:00:00,14,Thursday,2004-05,3.0,1182.0,14.1,219.0,121.0,1032.0,13.6,65.5,1.0184
2004-05-06 15:00:00,15,Thursday,2004-05,3.1,1191.0,12.7,239.0,128.0,1038.0,12.3,78.3,1.1154
2004-05-06 16:00:00,16,Thursday,2004-05,3.6,1272.0,14.6,209.0,139.0,1077.0,12.7,74.2,1.0863
2004-05-06 17:00:00,17,Thursday,2004-05,3.3,1138.0,12.4,169.0,122.0,983.0,14.4,64.2,1.049
2004-05-06 18:00:00,18,Thursday,2004-05,1.8,1008.0,9.4,92.0,92.0,834.0,15.6,58.3,1.0266
2004-05-06 19:00:00,19,Thursday,2004-05,2.1,1075.0,11.0,107.0,97.0,949.0,15.0,61.4,1.0385
2004-05-06 20:00:00,20,Thursday,2004-05,2.2,1034.0,8.9,122.0,98.0,941.0,13.7,65.8,1.0254
2004-05-06 21:00:00,21,Thursday,2004-05,1.6,934.0,6.6,100.0,93.0,756.0,12.3,66.4,0.944
2004-05-06 22:00:00,22,Thursday,2004-05,0.9,883.0,3.9,51.0,65.0,655.0,15.4,58.8,1.0215
2004-05-06 23:00:00,23,Thursday,2004-05,1.8,1021.0,7.3,93.0,81.0,805.0,14.1,64.9,1.0405
2004-05-07 00:00:00,0,Friday,2004-05,2.3,1059.0,8.2,145.0,102.0,970.0,13.8,64.7,1.0168
2004-05-07 01:00:00,1,Friday,2004-05,2.0,1023.0,7.5,106.0,91.0,969.0,13.5,67.8,1.042
2004-05-07 02:00:00,2,Friday,2004-05,0.9,855.0,3.3,46.0,56.0,671.0,13.7,69.4,1.0794
2004-05-07 03:00:00,3,Friday,2004-05,0.6,826.0,2.4,,,575.0,13.9,67.7,1.0712
2004-05-07 04:00:00,4,Friday,2004-05,,831.0,2.2,32.0,41.0,535.0,14.0,67.8,1.0787
2004-05-07 05:00:00,5,Friday,2004-05,0.7,817.0,2.8,51.0,48.0,489.0,14.6,61.1,1.0075
2004-05-07 06:00:00,6,Friday,2004-05,1.5,972.0,7.5,89.0,72.0,689.0,14.3,60.5,0.9847
2004-05-07 07:00:00,7,Friday,2004-05,3.7,1200.0,19.8,214.0,106.0,1196.0,14.9,56.9,0.9582
2004-05-07 08:00:00,8,Friday,2004-05,4.2,1234.0,22.1,196.0,107.0,1266.0,16.4,50.2,0.9286
2004-05-07 09:00:00,9,Friday,2004-05,3.4,1164.0,15.0,224.0,127.0,1130.0,16.0,50.9,0.9211
2004-05-07 10:00:00,10,Friday,2004-05,2.4,976.0,9.3,174.0,114.0,834.0,18.6,42.8,0.9091
2004-05-07 11:00:00,11,Friday,2004-05,1.3,844.0,6.3,90.0,101.0,536.0,19.7,33.7,0.7646
2004-05-07 12:00:00,12,Friday,2004-05,1.5,851.0,8.2,89.0,95.0,545.0,21.2,27.7,0.6864
2004-05-07 13:00:00,13,Friday,2004-05,2.2,926.0,10.9,132.0,110.0,720.0,19.7,28.5,0.6445
2004-05-07 14:00:00,14,Friday,2004-05,1.8,890.0,9.3,114.0,101.0,655.0,19.8,29.7,0.678
2004-05-07 15:00:00,15,Friday,2004-05,1.9,921.0,8.4,107.0,106.0,614.0,19.2,35.6,0.7856
2004-05-07 16:00:00,16,Friday,2004-05,2.3,1052.0,9.4,140.0,116.0,725.0,14.2,60.5,0.9765
2004-05-07 17:00:00,17,Friday,2004-05,3.6,1247.0,17.9,187.0,124.0,1036.0,12.9,69.1,1.0249
2004-05-07 18:00:00,18,Friday,2004-05,4.3,1205.0,17.4,222.0,133.0,1127.0,12.7,70.4,1.0294
2004-05-07 19:00:00,19,Friday,2004-05,2.2,1016.0,10.5,117.0,96.0,854.0,13.9,62.7,0.9905
2004-05-07 20:00:00,20,Friday,2004-05,1.5,984.0,7.5,89.0,85.0,792.0,13.9,62.9,0.9948
2004-05-07 21:00:00,21,Friday,2004-05,2.0,1041.0,8.0,130.0,97.0,891.0,13.4,65.2,0.9996
2004-05-07 22:00:00,22,Friday,2004-05,2.0,1027.0,7.7,133.0,97.0,876.0,13.4,64.6,0.9864
2004-05-07 23:00:00,23,Friday,2004-05,2.1,1025.0,7.3,144.0,101.0,851.0,13.3,63.6,0.9677
2004-05-08 00:00:00,0,Saturday,2004-05,1.5,984.0,6.4,99.0,85.0,787.0,13.3,61.8,0.9433
2004-05-08 01:00:00,1,Saturday,2004-05,2.2,969.0,5.6,102.0,80.0,711.0,13.6,59.7,0.9271
2004-05-08 02:00:00,2,Saturday,2004-05,0.5,758.0,1.5,27.0,33.0,396.0,14.6,53.3,0.8807
2004-05-08 03:00:00,3,Saturday,2004-05,,767.0,1.5,,,375.0,14.3,51.7,0.8412
2004-05-08 04:00:00,4,Saturday,2004-05,,772.0,1.2,,,343.0,10.9,67.5,0.8785
2004-05-08 05:00:00,5,Saturday,2004-05,,831.0,1.6,,,401.0,7.4,85.2,0.8808
2004-05-08 06:00:00,6,Saturday,2004-05,,871.0,2.6,,,518.0,8.7,81.5,0.919
2004-05-08 07:00:00,7,Saturday,2004-05,,995.0,5.9,,,685.0,10.3,75.6,0.9458
2004-05-08 08:00:00,8,Saturday,2004-05,,1093.0,8.5,,,939.0,11.0,75.0,0.9821
2004-05-08 09:00:00,9,Saturday,2004-05,,1079.0,7.7,,,974.0,13.6,66.1,1.0236
2004-05-08 10:00:00,10,Saturday,2004-05,,1084.0,6.9,,,959.0,14.7,63.1,1.0488
2004-05-08 11:00:00,11,Saturday,2004-05,,1204.0,10.1,,,1067.0,13.8,72.3,1.1361
2004-05-08 12:00:00,12,Saturday,2004-05,,1213.0,11.1,,,1061.0,13.3,76.8,1.1703
2004-05-08 13:00:00,13,Saturday,2004-05,,1124.0,9.2,,,1008.0,16.2,60.0,1.0937
2004-05-08 14:00:00,14,Saturday,2004-05,,945.0,4.3,,,637.0,16.3,55.3,1.0146
2004-05-08 15:00:00,15,Saturday,2004-05,,964.0,6.5,,,647.0,20.0,40.4,0.9354
2004-05-08 16:00:00,16,Saturday,2004-05,,903.0,5.4,,,523.0,19.8,35.4,0.8099
2004-05-08 17:00:00,17,Saturday,2004-05,,918.0,7.1,,,539.0,19.8,33.6,0.767
2004-05-08 18:00:00,18,Saturday,2004-05,,1028.0,9.5,,,649.0,17.8,38.5,0.7763
2004-05-08 19:00:00,19,Saturday,2004-05,,1175.0,17.0,,,1071.0,16.7,44.6,0.8393
2004-05-08 20:00:00,20,Saturday,2004-05,,1215.0,15.4,,,1237.0,15.1,51.8,0.8816
2004-05-08 21:00:00,21,Saturday,2004-05,,1072.0,9.9,,,1018.0,14.1,56.2,0.9028
2004-05-08 22:00:00,22,Saturday,2004-05,,1070.0,9.3,,,966.0,13.8,58.3,0.9147
2004-05-08 23:00:00,23,Saturday,2004-05,,1021.0,6.9,,,901.0,13.7,59.7,0.9285
2004-05-09 00:00:00,0,Sunday,2004-05,,1063.0,7.1,,,949.0,13.7,60.3,0.9405
2004-05-09 01:00:00,1,Sunday,2004-05,,1068.0,9.0,,,1057.0,12.7,64.9,0.9506
2004-05-09 02:00:00,2,Sunday,2004-05,,993.0,8.3,,,989.0,12.6,65.4,0.9529
2004-05-09 03:00:00,3,Sunday,2004-05,,1034.0,8.7,,,1005.0,12.1,68.6,0.964
2004-05-09 04:00:00,4,Sunday,2004-05,,1025.0,8.4,,,1003.0,12.3,68.0,0.9722
2004-05-09 05:00:00,5,Sunday,2004-05,,1036.0,8.1,,,1087.0,11.9,71.1,0.9899
2004-05-09 06:00:00,6,Sunday,2004-05,,924.0,5.2,,,909.0,11.3,73.8,0.9848
2004-05-09 07:00:00,7,Sunday,2004-05,,922.0,4.5,,,882.0,13.1,62.6,0.9419
2004-05-09 08:00:00,8,Sunday,2004-05,,830.0,2.6,,,568.0,16.8,46.8,0.8881
2004-05-09 09:00:00,9,Sunday,2004-05,,947.0,4.8,,,620.0,17.9,44.8,0.9104
2004-05-09 10:00:00,10,Sunday,2004-05,,977.0,4.5,,,686.0,17.8,49.5,0.9986
2004-05-09 11:00:00,11,Sunday,2004-05,,1025.0,4.9,,,700.0,18.8,46.4,0.9968
2004-05-09 12:00:00,12,Sunday,2004-05,,1040.0,5.8,,,780.0,19.3,44.0,0.9783
2004-05-09 13:00:00,13,Sunday,2004-05,,1013.0,4.1,,,558.0,14.7,68.4,1.1405
2004-05-09 14:00:00,14,Sunday,2004-05,,1035.0,4.8,,,608.0,15.6,65.8,1.1577
2004-05-09 15:00:00,15,Sunday,2004-05,,1086.0,7.0,,,754.0,17.7,54.0,1.0826
2004-05-09 16:00:00,16,Sunday,2004-05,,967.0,4.8,,,544.0,17.8,46.7,0.9466
2004-05-09 17:00:00,17,Sunday,2004-05,,968.0,5.4,,,550.0,17.8,44.4,0.8967
2004-05-09 18:00:00,18,Sunday,2004-05,,1004.0,6.3,,,627.0,17.8,44.3,0.8929
2004-05-09 19:00:00,19,Sunday,2004-05,,1132.0,10.1,,,877.0,16.4,47.8,0.8851
2004-05-09 20:00:00,20,Sunday,2004-05,,1121.0,10.2,,,981.0,15.6,51.6,0.9063
2004-05-09 21:00:00,21,Sunday,2004-05,,1068.0,8.4,,,832.0,14.9,55.0,0.9228
2004-05-09 22:00:00,22,Sunday,2004-05,,1123.0,8.9,,,941.0,13.8,59.8,0.9398
2004-05-09 23:00:00,23,Sunday,2004-05,,1101.0,8.8,,,1022.0,13.8,62.1,0.9721
2004-05-10 00:00:00,0,Monday,2004-05,,997.0,6.5,,,888.0,13.9,61.1,0.9656
2004-05-10 01:00:00,1,Monday,2004-05,,875.0,3.0,,,683.0,14.9,57.6,0.9684
2004-05-10 02:00:00,2,Monday,2004-05,,815.0,1.8,,,534.0,14.4,60.1,0.9797
2004-05-10 03:00:00,3,Monday,2004-05,,803.0,1.3,,,489.0,13.8,63.2,0.9952
2004-05-10 04:00:00,4,Monday,2004-05,,829.0,1.8,,,562.0,14.2,62.9,1.0136
2004-05-10 05:00:00,5,Monday,2004-05,,867.0,2.6,,,652.0,14.0,63.8,1.0167
2004-05-10 06:00:00,6,Monday,2004-05,,1118.0,9.8,,,1019.0,13.4,67.4,1.0292
2004-05-10 07:00:00,7,Monday,2004-05,,1632.0,31.5,,,1678.0,14.7,62.3,1.0351
2004-05-10 08:00:00,8,Monday,2004-05,,1598.0,35.2,,,1749.0,16.0,57.3,1.0342
2004-05-10 09:00:00,9,Monday,2004-05,4.4,1378.0,20.2,257.0,117.0,1494.0,17.8,51.1,1.0362
2004-05-10 10:00:00,10,Monday,2004-05,2.5,1132.0,13.4,178.0,107.0,1186.0,20.0,45.0,1.0379
2004-05-10 11:00:00,11,Monday,2004-05,2.1,1108.0,11.7,145.0,95.0,1051.0,20.3,44.1,1.0392
2004-05-10 12:00:00,12,Monday,2004-05,2.4,1131.0,13.4,137.0,93.0,1027.0,20.7,42.4,1.0248
2004-05-10 13:00:00,13,Monday,2004-05,2.2,1105.0,12.9,139.0,104.0,981.0,20.8,40.6,0.9888
2004-05-10 14:00:00,14,Monday,2004-05,2.2,1120.0,13.4,130.0,102.0,976.0,21.5,39.7,1.0042
2004-05-10 15:00:00,15,Monday,2004-05,2.3,1100.0,13.7,148.0,109.0,932.0,25.0,30.1,0.9394
2004-05-10 16:00:00,16,Monday,2004-05,2.1,1098.0,14.2,120.0,97.0,871.0,25.2,29.7,0.9371
2004-05-10 17:00:00,17,Monday,2004-05,2.5,1137.0,17.8,132.0,104.0,990.0,23.4,32.0,0.91
2004-05-10 18:00:00,18,Monday,2004-05,3.6,1267.0,22.0,188.0,124.0,1196.0,21.0,37.8,0.9298
2004-05-10 19:00:00,19,Monday,2004-05,4.0,1319.0,24.4,204.0,135.0,1329.0,19.2,45.7,1.0084
2004-05-10 20:00:00,20,Monday,2004-05,3.0,1160.0,16.3,167.0,122.0,1151.0,17.7,50.9,1.0232
2004-05-10 21:00:00,21,Monday,2004-05,2.1,1084.0,12.4,128.0,109.0,1031.0,16.8,53.6,1.0167
2004-05-10 22:00:00,22,Monday,2004-05,1.7,1025.0,9.6,106.0,95.0,917.0,15.8,56.2,1.0033
2004-05-10 23:00:00,23,Monday,2004-05,1.1,953.0,6.4,88.0,86.0,860.0,16.0,56.5,1.0166
2004-05-11 00:00:00,0,Tuesday,2004-05,0.9,959.0,6.0,77.0,78.0,910.0,14.2,64.1,1.0346
2004-05-11 01:00:00,1,Tuesday,2004-05,0.4,834.0,2.8,36.0,53.0,699.0,15.0,59.8,1.0142
2004-05-11 02:00:00,2,Tuesday,2004-05,0.2,787.0,1.6,28.0,43.0,596.0,14.3,61.9,1.0031
2004-05-11 03:00:00,3,Tuesday,2004-05,0.2,799.0,1.6,,,643.0,12.8,66.0,0.969
2004-05-11 04:00:00,4,Tuesday,2004-05,,807.0,1.8,46.0,53.0,704.0,11.4,70.5,0.9484
2004-05-11 05:00:00,5,Tuesday,2004-05,0.6,866.0,3.6,55.0,48.0,741.0,12.0,68.0,0.9547
2004-05-11 06:00:00,6,Tuesday,2004-05,1.4,1035.0,8.4,135.0,64.0,968.0,11.3,70.4,0.9443
2004-05-11 07:00:00,7,Tuesday,2004-05,4.6,1469.0,27.5,327.0,95.0,1561.0,12.7,65.6,0.962
2004-05-11 08:00:00,8,Tuesday,2004-05,5.5,1553.0,31.0,383.0,120.0,1779.0,14.5,59.8,0.9795
2004-05-11 09:00:00,9,Tuesday,2004-05,4.8,1513.0,26.0,366.0,153.0,1822.0,17.5,49.8,0.9877
2004-05-11 10:00:00,10,Tuesday,2004-05,4.5,1395.0,22.6,322.0,163.0,1675.0,21.9,35.2,0.9128
2004-05-11 11:00:00,11,Tuesday,2004-05,3.0,1209.0,18.3,188.0,119.0,1295.0,23.5,29.5,0.8435
2004-05-11 12:00:00,12,Tuesday,2004-05,2.5,1142.0,13.9,144.0,96.0,1091.0,24.3,29.8,0.8926
2004-05-11 13:00:00,13,Tuesday,2004-05,2.3,1140.0,14.4,132.0,94.0,1023.0,23.8,31.7,0.9212
2004-05-11 14:00:00,14,Tuesday,2004-05,2.0,1105.0,11.6,117.0,86.0,877.0,24.2,31.2,0.9257
2004-05-11 15:00:00,15,Tuesday,2004-05,1.9,1131.0,12.2,121.0,91.0,931.0,26.5,27.2,0.9282
2004-05-11 16:00:00,16,Tuesday,2004-05,1.9,1162.0,12.4,124.0,97.0,913.0,25.7,28.4,0.9248
2004-05-11 17:00:00,17,Tuesday,2004-05,3.5,1336.0,21.1,188.0,125.0,1255.0,26.3,27.5,0.9306
2004-05-11 18:00:00,18,Tuesday,2004-05,4.6,1533.0,29.9,226.0,140.0,1571.0,24.4,31.6,0.9545
2004-05-11 19:00:00,19,Tuesday,2004-05,6.3,1650.0,34.3,266.0,158.0,1779.0,23.1,35.3,0.9845
2004-05-11 20:00:00,20,Tuesday,2004-05,5.0,1535.0,26.1,269.0,159.0,1735.0,21.1,40.2,0.997
2004-05-11 21:00:00,21,Tuesday,2004-05,3.3,1382.0,18.1,183.0,128.0,1511.0,19.2,52.3,1.1516
2004-05-11 22:00:00,22,Tuesday,2004-05,2.7,1335.0,14.2,167.0,114.0,1424.0,18.1,58.7,1.2072
2004-05-11 23:00:00,23,Tuesday,2004-05,2.2,1267.0,12.4,138.0,100.0,1348.0,17.3,58.8,1.1494
2004-05-12 00:00:00,0,Wednesday,2004-05,1.7,1122.0,8.7,105.0,88.0,1174.0,16.9,58.8,1.125
2004-05-12 01:00:00,1,Wednesday,2004-05,0.8,986.0,5.2,54.0,67.0,947.0,17.6,57.6,1.1484
2004-05-12 02:00:00,2,Wednesday,2004-05,0.8,966.0,4.6,58.0,65.0,935.0,15.6,63.9,1.1287
2004-05-12 03:00:00,3,Wednesday,2004-05,0.6,919.0,3.1,,,838.0,14.9,65.7,1.1073
2004-05-12 04:00:00,4,Wednesday,2004-05,,872.0,2.7,37.0,47.0,768.0,15.6,62.2,1.0961
2004-05-12 05:00:00,5,Wednesday,2004-05,0.8,967.0,4.7,84.0,57.0,881.0,14.0,68.3,1.0884
2004-05-12 06:00:00,6,Wednesday,2004-05,1.5,1152.0,9.6,134.0,73.0,1096.0,14.5,65.7,1.0804
2004-05-12 07:00:00,7,Wednesday,2004-05,4.1,1500.0,23.6,279.0,95.0,1495.0,15.5,62.2,1.0875
2004-05-12 08:00:00,8,Wednesday,2004-05,5.9,1754.0,37.4,333.0,110.0,1895.0,17.0,56.8,1.0909
2004-05-12 09:00:00,9,Wednesday,2004-05,5.1,1558.0,26.6,336.0,121.0,1758.0,18.8,52.4,1.1285
2004-05-12 10:00:00,10,Wednesday,2004-05,3.9,1446.0,22.0,280.0,108.0,1630.0,19.7,51.9,1.1796
2004-05-12 11:00:00,11,Wednesday,2004-05,3.4,1349.0,17.9,275.0,125.0,1530.0,20.9,44.6,1.0872
2004-05-12 12:00:00,12,Wednesday,2004-05,3.3,1452.0,22.7,207.0,117.0,1622.0,21.9,43.3,1.1265
2004-05-12 13:00:00,13,Wednesday,2004-05,5.1,1676.0,29.3,305.0,131.0,1828.0,20.4,55.7,1.3205
2004-05-12 14:00:00,14,Wednesday,2004-05,3.1,1327.0,14.7,236.0,126.0,1323.0,17.4,67.0,1.325
2004-05-12 15:00:00,15,Wednesday,2004-05,2.5,1248.0,12.6,183.0,114.0,1188.0,17.1,64.0,1.2413
2004-05-12 16:00:00,16,Wednesday,2004-05,2.4,1250.0,12.7,162.0,123.0,1166.0,17.3,61.1,1.1957
2004-05-12 17:00:00,17,Wednesday,2004-05,2.8,1222.0,13.0,157.0,116.0,1108.0,17.7,56.3,1.13
2004-05-12 18:00:00,18,Wednesday,2004-05,2.9,1159.0,13.4,136.0,107.0,995.0,17.4,48.6,0.9559
2004-05-12 19:00:00,19,Wednesday,2004-05,3.4,1192.0,14.8,166.0,123.0,1108.0,17.6,43.7,0.8698
2004-05-12 20:00:00,20,Wednesday,2004-05,2.2,1074.0,9.4,136.0,112.0,956.0,16.7,47.2,0.892
2004-05-12 21:00:00,21,Wednesday,2004-05,1.6,984.0,6.9,112.0,101.0,817.0,16.8,45.6,0.8636
2004-05-12 22:00:00,22,Wednesday,2004-05,1.3,970.0,5.2,87.0,91.0,658.0,16.1,52.0,0.946
2004-05-12 23:00:00,23,Wednesday,2004-05,1.3,987.0,5.7,86.0,88.0,658.0,15.5,57.1,0.996
2004-05-13 00:00:00,0,Thursday,2004-05,1.6,1003.0,6.5,98.0,96.0,748.0,16.2,50.2,0.9156
2004-05-13 01:00:00,1,Thursday,2004-05,1.2,933.0,4.7,62.0,75.0,569.0,16.4,50.5,0.938
2004-05-13 02:00:00,2,Thursday,2004-05,0.6,859.0,2.5,32.0,47.0,445.0,16.2,52.8,0.9626
2004-05-13 03:00:00,3,Thursday,2004-05,0.4,815.0,1.4,,,379.0,16.0,53.7,0.9723
2004-05-13 04:00:00,4,Thursday,2004-05,,792.0,1.0,21.0,25.0,354.0,16.2,53.0,0.9672
2004-05-13 05:00:00,5,Thursday,2004-05,0.4,835.0,1.7,41.0,49.0,407.0,16.2,53.7,0.9799
2004-05-13 06:00:00,6,Thursday,2004-05,1.0,975.0,4.5,86.0,85.0,611.0,15.9,55.3,0.991
2004-05-13 07:00:00,7,Thursday,2004-05,2.0,1133.0,9.4,174.0,106.0,944.0,16.2,55.6,1.0151
2004-05-13 08:00:00,8,Thursday,2004-05,3.6,1347.0,17.9,264.0,136.0,1328.0,16.0,59.3,1.0711
2004-05-13 09:00:00,9,Thursday,2004-05,2.4,1122.0,10.6,211.0,119.0,1085.0,16.6,55.6,1.042
2004-05-13 10:00:00,10,Thursday,2004-05,2.4,1152.0,11.0,208.0,122.0,1139.0,17.4,51.8,1.022
2004-05-13 11:00:00,11,Thursday,2004-05,1.6,1020.0,7.2,139.0,90.0,799.0,17.6,49.7,0.9944
2004-05-13 12:00:00,12,Thursday,2004-05,1.9,1066.0,8.7,138.0,97.0,804.0,17.2,52.8,1.0236
2004-05-13 13:00:00,13,Thursday,2004-05,2.4,1105.0,11.1,142.0,98.0,930.0,18.2,49.6,1.0268
2004-05-13 14:00:00,14,Thursday,2004-05,1.7,1056.0,7.9,131.0,93.0,771.0,19.5,45.0,1.0114
2004-05-13 15:00:00,15,Thursday,2004-05,2.1,1084.0,9.8,132.0,98.0,845.0,19.5,45.5,1.0189
2004-05-13 16:00:00,16,Thursday,2004-05,3.1,1288.0,16.4,178.0,123.0,1192.0,19.8,44.3,1.0104
2004-05-13 17:00:00,17,Thursday,2004-05,4.6,1390.0,22.6,228.0,148.0,1494.0,20.3,43.1,1.0114
2004-05-13 18:00:00,18,Thursday,2004-05,4.5,1374.0,20.2,232.0,148.0,1457.0,20.3,44.4,1.0457
2004-05-13 19:00:00,19,Thursday,2004-05,3.9,1378.0,21.7,204.0,133.0,1489.0,19.8,47.9,1.092
2004-05-13 20:00:00,20,Thursday,2004-05,4.6,1428.0,21.2,250.0,141.0,1602.0,19.1,52.3,1.1486
2004-05-13 21:00:00,21,Thursday,2004-05,3.3,1336.0,15.9,208.0,131.0,1468.0,18.2,54.7,1.1336
2004-05-13 22:00:00,22,Thursday,2004-05,2.7,1234.0,12.0,158.0,121.0,1274.0,17.8,55.0,1.1097
2004-05-13 23:00:00,23,Thursday,2004-05,3.3,1300.0,17.4,197.0,123.0,1401.0,17.5,56.4,1.1175
2004-05-14 00:00:00,0,Friday,2004-05,2.5,1246.0,15.0,152.0,107.0,1354.0,17.3,57.8,1.1298
2004-05-14 01:00:00,1,Friday,2004-05,2.1,1141.0,11.1,112.0,104.0,1188.0,16.8,57.5,1.0912
2004-05-14 02:00:00,2,Friday,2004-05,1.3,1014.0,6.9,75.0,91.0,975.0,16.3,57.0,1.0484
2004-05-14 03:00:00,3,Friday,2004-05,1.0,938.0,5.1,,,816.0,16.2,56.3,1.0262
2004-05-14 04:00:00,4,Friday,2004-05,,988.0,6.1,74.0,87.0,921.0,15.5,59.9,1.0498
2004-05-14 05:00:00,5,Friday,2004-05,1.2,983.0,6.5,116.0,102.0,1012.0,16.0,58.3,1.0481
2004-05-14 06:00:00,6,Friday,2004-05,1.5,1033.0,8.4,118.0,95.0,905.0,17.2,52.3,1.0169
2004-05-14 07:00:00,7,Friday,2004-05,3.7,1388.0,22.8,272.0,140.0,1449.0,18.5,49.4,1.0397
2004-05-14 08:00:00,8,Friday,2004-05,,1512.0,29.1,,,1725.0,20.0,45.6,1.0524
2004-05-14 09:00:00,9,Friday,2004-05,3.3,1148.0,13.6,258.0,138.0,1301.0,21.0,37.9,0.9313
2004-05-14 10:00:00,10,Friday,2004-05,2.5,1095.0,11.1,186.0,113.0,1181.0,22.8,32.4,0.887
2004-05-14 11:00:00,11,Friday,2004-05,1.9,987.0,10.0,130.0,101.0,962.0,25.5,25.6,0.8218
2004-05-14 12:00:00,12,Friday,2004-05,2.0,984.0,10.5,134.0,97.0,862.0,25.9,23.6,0.7771
2004-05-14 13:00:00,13,Friday,2004-05,2.5,1072.0,13.0,148.0,114.0,1017.0,27.7,20.8,0.7599
2004-05-14 14:00:00,14,Friday,2004-05,2.1,1048.0,12.5,147.0,110.0,993.0,27.1,21.6,0.7618
2004-05-14 15:00:00,15,Friday,2004-05,2.1,1042.0,11.4,123.0,103.0,879.0,28.4,20.2,0.7697
2004-05-14 16:00:00,16,Friday,2004-05,2.3,1113.0,13.1,138.0,119.0,926.0,28.1,21.9,0.8184
2004-05-14 17:00:00,17,Friday,2004-05,3.0,1146.0,14.9,162.0,126.0,1011.0,27.6,22.3,0.8116
2004-05-14 18:00:00,18,Friday,2004-05,4.1,1239.0,19.1,214.0,144.0,1380.0,25.2,24.3,0.7671
2004-05-14 19:00:00,19,Friday,2004-05,4.5,1302.0,21.8,230.0,164.0,1698.0,24.6,25.1,0.7636
2004-05-14 20:00:00,20,Friday,2004-05,3.5,1181.0,16.1,191.0,148.0,1432.0,23.1,27.2,0.7575
2004-05-14 21:00:00,21,Friday,2004-05,2.1,1068.0,11.6,128.0,119.0,1217.0,22.0,28.6,0.7483
2004-05-14 22:00:00,22,Friday,2004-05,2.3,1135.0,12.4,138.0,111.0,1317.0,20.8,34.5,0.8365
2004-05-14 23:00:00,23,Friday,2004-05,1.9,1121.0,10.4,126.0,115.0,1255.0,20.4,35.3,0.8352
2004-05-15 00:00:00,0,Saturday,2004-05,1.9,1131.0,9.7,107.0,103.0,1223.0,19.1,38.3,0.8381
2004-05-15 01:00:00,1,Saturday,2004-05,1.2,947.0,5.7,67.0,81.0,930.0,18.0,40.5,0.8271
2004-05-15 02:00:00,2,Saturday,2004-05,1.0,935.0,5.4,55.0,71.0,954.0,17.4,43.4,0.8553
2004-05-15 03:00:00,3,Saturday,2004-05,1.1,941.0,5.6,,,889.0,14.8,50.6,0.8489
2004-05-15 04:00:00,4,Saturday,2004-05,,867.0,4.4,48.0,58.0,808.0,14.6,51.4,0.8489
2004-05-15 05:00:00,5,Saturday,2004-05,0.5,839.0,2.8,33.0,44.0,643.0,15.7,46.9,0.8329
2004-05-15 06:00:00,6,Saturday,2004-05,0.6,873.0,3.9,41.0,49.0,756.0,15.3,49.7,0.8552
2004-05-15 07:00:00,7,Saturday,2004-05,1.4,1065.0,9.1,106.0,68.0,1067.0,16.0,47.4,0.8564
2004-05-15 08:00:00,8,Saturday,2004-05,2.6,1187.0,13.6,208.0,108.0,1391.0,17.6,43.3,0.8647
2004-05-15 09:00:00,9,Saturday,2004-05,2.8,1249.0,15.8,193.0,117.0,1486.0,20.3,37.4,0.8807
2004-05-15 10:00:00,10,Saturday,2004-05,2.6,1157.0,12.7,191.0,127.0,1327.0,23.1,30.3,0.8425
2004-05-15 11:00:00,11,Saturday,2004-05,1.6,988.0,8.6,113.0,93.0,835.0,25.0,24.2,0.7568
2004-05-15 12:00:00,12,Saturday,2004-05,1.7,1025.0,9.4,111.0,94.0,834.0,25.6,23.5,0.7611
2004-05-15 13:00:00,13,Saturday,2004-05,1.7,997.0,9.2,106.0,87.0,815.0,25.5,22.6,0.7288
2004-05-15 14:00:00,14,Saturday,2004-05,1.3,916.0,6.4,82.0,75.0,621.0,26.1,21.1,0.7023
2004-05-15 15:00:00,15,Saturday,2004-05,1.4,965.0,8.3,79.0,81.0,643.0,28.2,19.4,0.7303
2004-05-15 16:00:00,16,Saturday,2004-05,1.4,985.0,8.1,90.0,86.0,712.0,27.4,20.5,0.7379
2004-05-15 17:00:00,17,Saturday,2004-05,1.7,1026.0,8.5,104.0,97.0,746.0,26.0,22.7,0.7532
2004-05-15 18:00:00,18,Saturday,2004-05,2.3,1125.0,11.0,148.0,117.0,991.0,23.8,27.1,0.7858
2004-05-15 19:00:00,19,Saturday,2004-05,2.5,1159.0,12.1,158.0,120.0,1046.0,23.0,28.7,0.7976
2004-05-15 20:00:00,20,Saturday,2004-05,3.3,1284.0,15.0,234.0,149.0,1304.0,21.7,31.8,0.8191
2004-05-15 21:00:00,21,Saturday,2004-05,2.2,1101.0,10.2,163.0,124.0,1100.0,20.9,33.2,0.8098
2004-05-15 22:00:00,22,Saturday,2004-05,1.6,1101.0,9.9,95.0,97.0,1001.0,20.2,34.3,0.8017
2004-05-15 23:00:00,23,Saturday,2004-05,2.6,1183.0,12.0,146.0,112.0,1290.0,19.6,37.0,0.8325
2004-05-16 00:00:00,0,Sunday,2004-05,2.3,1132.0,10.5,102.0,95.0,1205.0,18.1,40.9,0.8441
2004-05-16 01:00:00,1,Sunday,2004-05,1.5,998.0,7.1,90.0,88.0,1045.0,17.0,43.3,0.8341
2004-05-16 02:00:00,2,Sunday,2004-05,0.9,911.0,4.6,41.0,54.0,739.0,16.7,43.4,0.8193
2004-05-16 03:00:00,3,Sunday,2004-05,0.8,875.0,4.2,,,683.0,15.9,44.7,0.8009
2004-05-16 04:00:00,4,Sunday,2004-05,,808.0,2.6,30.0,43.0,573.0,15.2,45.5,0.783
2004-05-16 05:00:00,5,Sunday,2004-05,0.4,792.0,2.2,32.0,45.0,564.0,13.5,50.1,0.7706
2004-05-16 06:00:00,6,Sunday,2004-05,0.4,822.0,2.0,34.0,47.0,602.0,14.2,49.9,0.8025
2004-05-16 07:00:00,7,Sunday,2004-05,0.8,918.0,4.2,57.0,58.0,785.0,13.8,51.4,0.8059
2004-05-16 08:00:00,8,Sunday,2004-05,0.9,975.0,5.2,73.0,69.0,878.0,16.3,45.1,0.8286
2004-05-16 09:00:00,9,Sunday,2004-05,1.6,1047.0,8.2,119.0,89.0,981.0,19.2,35.4,0.7812
2004-05-16 10:00:00,10,Sunday,2004-05,2.0,1053.0,9.8,138.0,105.0,991.0,25.5,21.1,0.677
2004-05-16 11:00:00,11,Sunday,2004-05,1.6,1017.0,7.9,96.0,92.0,780.0,28.2,19.0,0.7164
2004-05-16 12:00:00,12,Sunday,2004-05,1.4,1021.0,7.7,80.0,82.0,684.0,29.5,19.8,0.8013
2004-05-16 13:00:00,13,Sunday,2004-05,0.9,941.0,4.8,45.0,56.0,468.0,30.6,19.4,0.8348
2004-05-16 14:00:00,14,Sunday,2004-05,0.9,991.0,5.3,45.0,60.0,468.0,29.9,22.0,0.9181
2004-05-16 15:00:00,15,Sunday,2004-05,1.2,1117.0,7.1,54.0,64.0,530.0,31.5,21.9,0.997
2004-05-16 16:00:00,16,Sunday,2004-05,1.4,1217.0,9.2,66.0,85.0,648.0,31.2,24.6,1.0987
2004-05-16 17:00:00,17,Sunday,2004-05,1.9,1248.0,10.1,95.0,107.0,746.0,30.4,26.5,1.1347
2004-05-16 18:00:00,18,Sunday,2004-05,1.8,1242.0,9.9,99.0,106.0,819.0,26.8,33.5,1.1602
2004-05-16 19:00:00,19,Sunday,2004-05,2.7,1403.0,15.1,147.0,125.0,1125.0,25.5,37.4,1.1995
2004-05-16 20:00:00,20,Sunday,2004-05,2.4,1238.0,10.6,129.0,118.0,1013.0,23.7,39.4,1.1381
2004-05-16 21:00:00,21,Sunday,2004-05,1.6,1093.0,7.0,96.0,95.0,816.0,22.9,37.0,1.0197
2004-05-16 22:00:00,22,Sunday,2004-05,1.4,1034.0,5.9,92.0,97.0,750.0,20.8,36.3,0.8775
2004-05-16 23:00:00,23,Sunday,2004-05,1.4,934.0,5.6,88.0,93.0,673.0,20.3,28.5,0.6686
2004-05-17 00:00:00,0,Monday,2004-05,1.4,913.0,5.4,89.0,85.0,692.0,19.6,26.5,0.5974
2004-05-17 01:00:00,1,Monday,2004-05,0.9,835.0,3.7,52.0,67.0,517.0,19.1,25.9,0.5673
2004-05-17 02:00:00,2,Monday,2004-05,0.5,773.0,1.8,25.0,37.0,392.0,18.4,27.6,0.5799
2004-05-17 03:00:00,3,Monday,2004-05,0.4,771.0,1.4,,,360.0,17.4,30.2,0.5945
2004-05-17 04:00:00,4,Monday,2004-05,,805.0,1.4,28.0,40.0,409.0,16.3,34.1,0.6257
2004-05-17 05:00:00,5,Monday,2004-05,0.5,930.0,3.5,65.0,75.0,779.0,15.8,36.5,0.6535
2004-05-17 06:00:00,6,Monday,2004-05,1.3,1009.0,7.0,132.0,102.0,1016.0,16.0,38.1,0.6879
2004-05-17 07:00:00,7,Monday,2004-05,2.6,1196.0,14.4,216.0,113.0,1243.0,17.6,35.0,0.6965
2004-05-17 08:00:00,8,Monday,2004-05,2.0,1010.0,8.9,180.0,142.0,949.0,18.5,31.2,0.6611
2004-05-17 09:00:00,9,Monday,2004-05,1.8,990.0,8.6,140.0,90.0,861.0,19.8,28.5,0.652
2004-05-17 10:00:00,10,Monday,2004-05,1.7,988.0,8.5,141.0,94.0,850.0,22.3,24.1,0.6394
2004-05-17 11:00:00,11,Monday,2004-05,1.5,979.0,8.3,123.0,92.0,788.0,24.2,21.7,0.6451
2004-05-17 12:00:00,12,Monday,2004-05,1.9,1029.0,10.1,129.0,97.0,879.0,25.1,20.8,0.6516
2004-05-17 13:00:00,13,Monday,2004-05,1.7,984.0,9.1,115.0,88.0,747.0,25.8,19.5,0.6392
2004-05-17 14:00:00,14,Monday,2004-05,1.5,985.0,8.5,104.0,86.0,700.0,26.3,18.9,0.6344
2004-05-17 15:00:00,15,Monday,2004-05,1.7,981.0,7.7,129.0,99.0,695.0,25.8,18.6,0.608
2004-05-17 16:00:00,16,Monday,2004-05,1.7,1020.0,9.0,138.0,95.0,756.0,25.7,19.4,0.6304
2004-05-17 17:00:00,17,Monday,2004-05,2.4,1106.0,13.4,135.0,105.0,941.0,26.7,17.1,0.5909
2004-05-17 18:00:00,18,Monday,2004-05,3.1,1153.0,15.6,163.0,121.0,1021.0,24.3,19.8,0.5933
2004-05-17 19:00:00,19,Monday,2004-05,3.4,1215.0,17.8,180.0,125.0,1167.0,23.5,20.8,0.5937
2004-05-17 20:00:00,20,Monday,2004-05,3.0,1094.0,12.7,170.0,122.0,1105.0,22.0,24.0,0.6263
2004-05-17 21:00:00,21,Monday,2004-05,1.2,944.0,6.4,72.0,81.0,712.0,21.1,26.2,0.6481
2004-05-17 22:00:00,22,Monday,2004-05,1.2,964.0,7.1,69.0,73.0,735.0,20.9,28.8,0.7014
2004-05-17 23:00:00,23,Monday,2004-05,1.3,1003.0,7.4,79.0,80.0,851.0,20.2,31.2,0.7304
2004-05-18 00:00:00,0,Tuesday,2004-05,1.0,914.0,5.2,53.0,65.0,706.0,20.0,31.5,0.7262
2004-05-18 01:00:00,1,Tuesday,2004-05,0.4,839.0,2.4,36.0,59.0,643.0,20.8,32.3,0.7813
2004-05-18 02:00:00,2,Tuesday,2004-05,0.3,830.0,2.0,30.0,50.0,608.0,20.0,34.5,0.7954
2004-05-18 03:00:00,3,Tuesday,2004-05,0.2,812.0,1.2,,,469.0,21.2,32.9,0.8178
2004-05-18 04:00:00,4,Tuesday,2004-05,,832.0,1.5,15.0,23.0,469.0,18.3,40.0,0.8345
2004-05-18 05:00:00,5,Tuesday,2004-05,0.5,903.0,3.1,38.0,37.0,618.0,17.0,44.6,0.8593
2004-05-18 06:00:00,6,Tuesday,2004-05,0.9,1022.0,6.3,68.0,54.0,931.0,17.1,45.3,0.8784
2004-05-18 07:00:00,7,Tuesday,2004-05,2.7,1378.0,19.3,192.0,94.0,1519.0,17.1,46.5,0.901
2004-05-18 08:00:00,8,Tuesday,2004-05,6.5,1745.0,38.9,346.0,139.0,2054.0,18.8,39.7,0.8547
2004-05-18 09:00:00,9,Tuesday,2004-05,3.2,1326.0,14.6,225.0,115.0,1550.0,20.3,38.1,0.8946
2004-05-18 10:00:00,10,Tuesday,2004-05,2.4,1215.0,12.3,199.0,119.0,1381.0,25.3,27.0,0.8565
2004-05-18 11:00:00,11,Tuesday,2004-05,1.9,1138.0,11.0,140.0,103.0,1115.0,27.4,22.8,0.8219
2004-05-18 12:00:00,12,Tuesday,2004-05,2.7,1244.0,15.4,162.0,123.0,1189.0,30.0,20.0,0.8338
2004-05-18 13:00:00,13,Tuesday,2004-05,2.9,1261.0,17.0,173.0,126.0,1200.0,30.9,19.1,0.8394
2004-05-18 14:00:00,14,Tuesday,2004-05,2.0,1182.0,12.5,121.0,106.0,965.0,30.6,20.2,0.8719
2004-05-18 15:00:00,15,Tuesday,2004-05,2.3,1208.0,13.8,133.0,127.0,1018.0,32.2,18.9,0.8964
2004-05-18 16:00:00,16,Tuesday,2004-05,1.9,1158.0,10.1,96.0,105.0,775.0,31.7,19.5,0.8981
2004-05-18 17:00:00,17,Tuesday,2004-05,3.0,1346.0,19.3,141.0,130.0,1193.0,30.9,20.5,0.8996
2004-05-18 18:00:00,18,Tuesday,2004-05,4.4,1443.0,22.7,221.0,160.0,1425.0,27.5,24.7,0.8899
2004-05-18 19:00:00,19,Tuesday,2004-05,4.7,1440.0,25.5,232.0,162.0,1594.0,25.8,27.0,0.8821
2004-05-18 20:00:00,20,Tuesday,2004-05,3.4,1232.0,15.8,174.0,135.0,1284.0,23.7,30.0,0.8633
2004-05-18 21:00:00,21,Tuesday,2004-05,2.4,1159.0,12.3,138.0,122.0,1174.0,22.2,33.4,0.8806
2004-05-18 22:00:00,22,Tuesday,2004-05,1.2,1081.0,8.7,65.0,75.0,937.0,21.1,36.5,0.9019
2004-05-18 23:00:00,23,Tuesday,2004-05,1.7,1083.0,8.3,107.0,96.0,985.0,20.2,38.6,0.9016
2004-05-19 00:00:00,0,Wednesday,2004-05,1.2,1069.0,7.7,70.0,84.0,1041.0,19.3,43.0,0.9535
2004-05-19 01:00:00,1,Wednesday,2004-05,0.7,940.0,4.2,44.0,68.0,867.0,19.2,43.6,0.9591
2004-05-19 02:00:00,2,Wednesday,2004-05,0.5,901.0,3.0,41.0,65.0,822.0,18.4,45.7,0.9599
2004-05-19 03:00:00,3,Wednesday,2004-05,0.3,848.0,1.8,,,624.0,18.7,44.3,0.9453
2004-05-19 04:00:00,4,Wednesday,2004-05,,846.0,2.2,33.0,52.0,669.0,16.3,51.4,0.9468
2004-05-19 05:00:00,5,Wednesday,2004-05,0.3,848.0,2.2,32.0,46.0,628.0,17.0,49.2,0.9459
2004-05-19 06:00:00,6,Wednesday,2004-05,0.7,980.0,5.7,46.0,54.0,810.0,16.4,52.1,0.9612
2004-05-19 07:00:00,7,Wednesday,2004-05,3.1,1408.0,20.9,173.0,94.0,1495.0,16.4,53.4,0.9863
2004-05-19 08:00:00,8,Wednesday,2004-05,6.2,1716.0,36.7,320.0,155.0,2018.0,18.6,46.8,0.99
2004-05-19 09:00:00,9,Wednesday,2004-05,4.6,1475.0,22.0,294.0,165.0,1696.0,21.0,41.1,1.0104
2004-05-19 10:00:00,10,Wednesday,2004-05,2.6,1262.0,13.4,182.0,134.0,1340.0,26.4,28.9,0.9785
2004-05-19 11:00:00,11,Wednesday,2004-05,2.1,1156.0,11.5,154.0,122.0,1123.0,27.7,26.3,0.9652
2004-05-19 12:00:00,12,Wednesday,2004-05,2.0,1192.0,13.4,118.0,113.0,971.0,30.1,22.1,0.9281
2004-05-19 13:00:00,13,Wednesday,2004-05,2.2,1233.0,15.2,116.0,115.0,1000.0,31.0,22.9,1.0144
2004-05-19 14:00:00,14,Wednesday,2004-05,2.1,1208.0,13.0,121.0,118.0,891.0,31.0,22.6,1.0012
2004-05-19 15:00:00,15,Wednesday,2004-05,2.3,1215.0,14.0,116.0,125.0,852.0,31.6,21.0,0.959
2004-05-19 16:00:00,16,Wednesday,2004-05,2.5,1251.0,15.5,144.0,135.0,975.0,30.4,24.7,1.0526
2004-05-19 17:00:00,17,Wednesday,2004-05,3.4,1358.0,19.3,176.0,149.0,1192.0,28.8,26.3,1.0271
2004-05-19 18:00:00,18,Wednesday,2004-05,4.3,1379.0,21.9,214.0,162.0,1373.0,26.4,30.1,1.0204
2004-05-19 19:00:00,19,Wednesday,2004-05,3.8,1379.0,21.1,191.0,151.0,1307.0,24.7,31.5,0.9672
2004-05-19 20:00:00,20,Wednesday,2004-05,3.8,1373.0,18.4,205.0,154.0,1325.0,22.9,36.5,1.0083
2004-05-19 21:00:00,21,Wednesday,2004-05,2.0,1197.0,9.3,110.0,118.0,918.0,20.8,41.8,1.0155
2004-05-19 22:00:00,22,Wednesday,2004-05,1.7,1238.0,9.0,95.0,103.0,877.0,19.7,47.1,1.0666
2004-05-19 23:00:00,23,Wednesday,2004-05,2.0,1255.0,9.6,126.0,122.0,1024.0,18.9,52.2,1.1313
2004-05-20 00:00:00,0,Thursday,2004-05,1.5,1164.0,8.2,90.0,102.0,1019.0,18.5,50.1,1.0539
2004-05-20 01:00:00,1,Thursday,2004-05,0.8,1046.0,5.8,48.0,73.0,823.0,18.0,53.0,1.0832
2004-05-20 02:00:00,2,Thursday,2004-05,0.5,956.0,3.1,38.0,59.0,701.0,18.4,51.7,1.0819
2004-05-20 03:00:00,3,Thursday,2004-05,0.3,885.0,1.7,,,542.0,19.8,46.2,1.056
2004-05-20 04:00:00,4,Thursday,2004-05,,877.0,1.6,14.0,26.0,463.0,19.6,47.7,1.0736
2004-05-20 05:00:00,5,Thursday,2004-05,0.3,925.0,2.3,26.0,35.0,533.0,17.3,54.1,1.0582
2004-05-20 06:00:00,6,Thursday,2004-05,0.9,1086.0,6.6,83.0,68.0,906.0,15.8,59.0,1.0495
2004-05-20 07:00:00,7,Thursday,2004-05,2.8,1490.0,19.6,188.0,97.0,1447.0,16.6,55.9,1.0486
2004-05-20 08:00:00,8,Thursday,2004-05,5.4,1763.0,32.9,253.0,146.0,1835.0,18.7,52.8,1.1279
2004-05-20 09:00:00,9,Thursday,2004-05,4.0,1462.0,18.1,149.0,83.0,1552.0,20.7,46.4,1.1227
2004-05-20 10:00:00,10,Thursday,2004-05,2.2,1232.0,12.4,155.0,117.0,1092.0,26.1,30.0,0.9972
2004-05-20 11:00:00,11,Thursday,2004-05,2.2,1239.0,12.5,146.0,117.0,1071.0,28.6,25.8,0.9989
2004-05-20 12:00:00,12,Thursday,2004-05,2.0,1218.0,12.0,121.0,108.0,881.0,30.3,23.3,0.9869
2004-05-20 13:00:00,13,Thursday,2004-05,2.0,1235.0,13.3,111.0,107.0,907.0,31.3,22.3,1.0043
2004-05-20 14:00:00,14,Thursday,2004-05,1.9,1196.0,12.3,116.0,120.0,899.0,31.1,22.3,0.9888
2004-05-20 15:00:00,15,Thursday,2004-05,2.7,1288.0,16.0,167.0,150.0,1074.0,32.4,20.4,0.9732
2004-05-20 16:00:00,16,Thursday,2004-05,2.2,1248.0,13.7,145.0,138.0,969.0,32.6,19.3,0.935
2004-05-20 17:00:00,17,Thursday,2004-05,3.5,1401.0,21.7,192.0,148.0,1267.0,31.2,20.3,0.9064
2004-05-20 18:00:00,18,Thursday,2004-05,4.1,1401.0,23.7,231.0,168.0,1402.0,27.7,24.8,0.9106
2004-05-20 19:00:00,19,Thursday,2004-05,4.4,1444.0,22.1,248.0,172.0,1437.0,25.7,27.9,0.908
2004-05-20 20:00:00,20,Thursday,2004-05,4.5,1379.0,20.6,267.0,179.0,1382.0,24.1,29.9,0.8879
2004-05-20 21:00:00,21,Thursday,2004-05,2.9,1251.0,13.4,181.0,143.0,1280.0,22.2,34.4,0.9072
2004-05-20 22:00:00,22,Thursday,2004-05,2.6,1269.0,12.8,163.0,137.0,1250.0,20.7,38.0,0.9149
2004-05-20 23:00:00,23,Thursday,2004-05,2.1,1242.0,12.3,141.0,117.0,1359.0,20.2,42.8,0.9983
2004-05-21 00:00:00,0,Friday,2004-05,1.2,1045.0,6.8,78.0,93.0,1102.0,20.5,42.0,1.0004
2004-05-21 01:00:00,1,Friday,2004-05,0.6,937.0,3.8,42.0,64.0,768.0,20.1,42.0,0.9763
2004-05-21 02:00:00,2,Friday,2004-05,0.3,875.0,2.5,35.0,58.0,656.0,20.0,41.5,0.9571
2004-05-21 03:00:00,3,Friday,2004-05,0.3,889.0,2.7,,,683.0,16.3,51.6,0.9461
2004-05-21 04:00:00,4,Friday,2004-05,,888.0,2.8,33.0,47.0,670.0,16.5,50.2,0.932
2004-05-21 05:00:00,5,Friday,2004-05,0.3,881.0,2.6,38.0,47.0,656.0,16.4,50.2,0.931
2004-05-21 06:00:00,6,Friday,2004-05,0.7,998.0,7.0,65.0,62.0,926.0,14.9,54.7,0.9203
2004-05-21 07:00:00,7,Friday,2004-05,4.2,1517.0,26.2,296.0,113.0,1677.0,16.4,51.3,0.9474
2004-05-21 08:00:00,8,Friday,2004-05,4.8,1522.0,28.2,303.0,126.0,1828.0,18.2,46.2,0.9575
2004-05-21 09:00:00,9,Friday,2004-05,3.4,1417.0,20.2,244.0,139.0,1752.0,20.7,40.0,0.9639
2004-05-21 10:00:00,10,Friday,2004-05,2.8,1329.0,17.1,216.0,148.0,1581.0,26.5,27.0,0.9217
2004-05-21 11:00:00,11,Friday,2004-05,1.8,1203.0,11.2,137.0,117.0,1132.0,28.5,23.8,0.915
2004-05-21 12:00:00,12,Friday,2004-05,1.9,1234.0,11.6,120.0,106.0,1037.0,29.7,23.7,0.9714
2004-05-21 13:00:00,13,Friday,2004-05,2.0,1286.0,13.2,100.0,98.0,1023.0,31.7,21.7,0.9966
2004-05-21 14:00:00,14,Friday,2004-05,1.9,1298.0,12.7,103.0,98.0,1022.0,31.7,21.5,0.9902
2004-05-21 15:00:00,15,Friday,2004-05,2.0,1308.0,13.0,123.0,110.0,989.0,32.8,19.5,0.9515
2004-05-21 16:00:00,16,Friday,2004-05,2.3,1276.0,13.5,136.0,114.0,925.0,32.5,18.6,0.8948
2004-05-21 17:00:00,17,Friday,2004-05,2.7,1234.0,10.2,158.0,122.0,795.0,30.2,22.6,0.9524
2004-05-21 18:00:00,18,Friday,2004-05,3.6,1419.0,20.1,216.0,155.0,1263.0,27.6,25.7,0.9382
2004-05-21 19:00:00,19,Friday,2004-05,3.8,1325.0,19.1,211.0,145.0,1184.0,25.9,24.9,0.8195
2004-05-21 20:00:00,20,Friday,2004-05,3.5,1346.0,17.5,202.0,146.0,1272.0,23.9,29.4,0.8589
2004-05-21 21:00:00,21,Friday,2004-05,2.5,1241.0,13.8,147.0,130.0,1177.0,22.3,32.1,0.8515
2004-05-21 22:00:00,22,Friday,2004-05,2.5,1274.0,13.3,160.0,126.0,1231.0,20.5,35.9,0.8565
2004-05-21 23:00:00,23,Friday,2004-05,3.0,1321.0,14.8,162.0,127.0,1243.0,19.8,37.2,0.8509
2004-05-22 00:00:00,0,Saturday,2004-05,3.7,1424.0,18.0,194.0,126.0,1427.0,19.1,41.9,0.9158
2004-05-22 01:00:00,1,Saturday,2004-05,3.3,1357.0,16.0,167.0,124.0,1454.0,17.8,46.1,0.9344
2004-05-22 02:00:00,2,Saturday,2004-05,1.5,1123.0,9.7,91.0,93.0,1183.0,17.6,47.6,0.9465
2004-05-22 03:00:00,3,Saturday,2004-05,0.7,1003.0,6.2,,,908.0,17.9,46.3,0.9394
2004-05-22 04:00:00,4,Saturday,2004-05,,951.0,4.0,42.0,58.0,821.0,16.9,49.8,0.9544
2004-05-22 05:00:00,5,Saturday,2004-05,0.5,941.0,3.6,50.0,59.0,777.0,15.8,53.8,0.9615
2004-05-22 06:00:00,6,Saturday,2004-05,0.5,986.0,4.6,61.0,66.0,888.0,16.5,53.5,0.9928
2004-05-22 07:00:00,7,Saturday,2004-05,1.2,1153.0,9.2,107.0,80.0,1076.0,17.2,52.9,1.0276
2004-05-22 08:00:00,8,Saturday,2004-05,2.2,1323.0,14.6,139.0,94.0,1285.0,19.3,48.3,1.0723
2004-05-22 09:00:00,9,Saturday,2004-05,2.2,1315.0,11.7,165.0,102.0,1315.0,20.6,47.1,1.1287
2004-05-22 10:00:00,10,Saturday,2004-05,2.1,1303.0,11.0,139.0,96.0,1250.0,23.7,40.0,1.153
2004-05-22 11:00:00,11,Saturday,2004-05,1.8,1238.0,11.6,113.0,91.0,978.0,25.6,32.5,1.053
2004-05-22 12:00:00,12,Saturday,2004-05,2.2,1259.0,12.9,138.0,104.0,1072.0,27.2,28.1,0.9989
2004-05-22 13:00:00,13,Saturday,2004-05,2.0,1246.0,12.6,104.0,84.0,1064.0,27.9,28.1,1.0394
2004-05-22 14:00:00,14,Saturday,2004-05,1.4,1154.0,8.3,78.0,76.0,825.0,28.3,27.8,1.0539
2004-05-22 15:00:00,15,Saturday,2004-05,1.8,1237.0,10.5,97.0,87.0,924.0,29.2,27.0,1.081
2004-05-22 16:00:00,16,Saturday,2004-05,2.1,1315.0,11.7,115.0,101.0,966.0,28.9,29.3,1.1503
2004-05-22 17:00:00,17,Saturday,2004-05,2.8,1466.0,15.8,152.0,115.0,1302.0,25.4,39.8,1.2771
2004-05-22 18:00:00,18,Saturday,2004-05,2.8,1409.0,13.9,157.0,110.0,1256.0,25.2,40.1,1.2642
2004-05-22 19:00:00,19,Saturday,2004-05,2.7,1366.0,15.7,132.0,103.0,1068.0,24.5,39.4,1.1963
2004-05-22 20:00:00,20,Saturday,2004-05,1.8,1241.0,10.9,98.0,90.0,1070.0,22.3,45.4,1.2088
2004-05-22 21:00:00,21,Saturday,2004-05,1.2,1123.0,6.4,65.0,68.0,792.0,21.2,48.3,1.2034
2004-05-22 22:00:00,22,Saturday,2004-05,2.6,1321.0,12.7,101.0,85.0,1017.0,20.6,50.5,1.2082
2004-05-22 23:00:00,23,Saturday,2004-05,3.1,1397.0,15.3,134.0,100.0,1207.0,20.2,52.9,1.234
2004-05-23 00:00:00,0,Sunday,2004-05,4.1,1507.0,20.5,177.0,114.0,1499.0,19.8,54.5,1.2488
2004-05-23 01:00:00,1,Sunday,2004-05,3.6,1405.0,15.9,179.0,108.0,1474.0,19.5,56.2,1.2624
2004-05-23 02:00:00,2,Sunday,2004-05,1.9,1192.0,10.4,105.0,78.0,1163.0,19.0,58.0,1.2581
2004-05-23 03:00:00,3,Sunday,2004-05,1.9,1199.0,12.6,,,1189.0,18.1,61.6,1.2679
2004-05-23 04:00:00,4,Sunday,2004-05,,973.0,4.9,49.0,55.0,815.0,18.0,57.6,1.1788
2004-05-23 05:00:00,5,Sunday,2004-05,0.3,864.0,2.1,27.0,37.0,507.0,17.7,56.0,1.1215
2004-05-23 06:00:00,6,Sunday,2004-05,0.4,886.0,2.2,41.0,53.0,506.0,17.9,52.4,1.0655
2004-05-23 07:00:00,7,Sunday,2004-05,0.8,988.0,4.0,78.0,79.0,716.0,18.9,49.3,1.0668
2004-05-23 08:00:00,8,Sunday,2004-05,0.8,1008.0,4.3,68.0,65.0,795.0,20.0,48.6,1.1199
2004-05-23 09:00:00,9,Sunday,2004-05,0.8,976.0,3.8,64.0,64.0,594.0,20.6,41.2,0.9841
2004-05-23 10:00:00,10,Sunday,2004-05,0.8,978.0,4.1,67.0,66.0,565.0,23.6,34.0,0.9749
2004-05-23 11:00:00,11,Sunday,2004-05,0.9,987.0,4.5,54.0,53.0,523.0,26.7,28.1,0.9688
2004-05-23 12:00:00,12,Sunday,2004-05,1.2,1030.0,5.3,67.0,69.0,591.0,26.8,28.1,0.9785
2004-05-23 13:00:00,13,Sunday,2004-05,1.0,955.0,4.2,51.0,57.0,559.0,27.7,25.8,0.9467
2004-05-23 14:00:00,14,Sunday,2004-05,0.8,924.0,3.3,28.0,36.0,430.0,28.8,22.7,0.8864
2004-05-23 15:00:00,15,Sunday,2004-05,1.1,1005.0,4.9,51.0,57.0,522.0,26.8,27.3,0.9462
2004-05-23 16:00:00,16,Sunday,2004-05,1.5,1059.0,6.1,77.0,73.0,641.0,25.9,28.7,0.9423
2004-05-23 17:00:00,17,Sunday,2004-05,1.5,1079.0,6.9,93.0,81.0,738.0,25.8,27.7,0.9076
2004-05-23 18:00:00,18,Sunday,2004-05,1.4,1070.0,6.8,94.0,91.0,778.0,24.8,29.5,0.9077
2004-05-23 19:00:00,19,Sunday,2004-05,1.1,1085.0,5.8,69.0,65.0,718.0,25.3,36.3,1.1513
2004-05-23 20:00:00,20,Sunday,2004-05,0.9,1066.0,5.5,57.0,56.0,689.0,23.9,40.4,1.1787
2004-05-23 21:00:00,21,Sunday,2004-05,1.0,1094.0,6.1,74.0,69.0,852.0,21.4,46.6,1.1764
2004-05-23 22:00:00,22,Sunday,2004-05,1.1,1110.0,6.0,75.0,73.0,854.0,20.5,49.3,1.173
2004-05-23 23:00:00,23,Sunday,2004-05,1.0,968.0,4.2,73.0,76.0,664.0,19.2,42.3,0.9339
2004-05-24 00:00:00,0,Monday,2004-05,0.7,906.0,4.1,56.0,67.0,544.0,19.2,37.9,0.8352
2004-05-24 01:00:00,1,Monday,2004-05,0.5,849.0,2.4,31.0,44.0,461.0,17.2,43.1,0.8394
2004-05-24 02:00:00,2,Monday,2004-05,0.2,774.0,1.0,13.0,21.0,352.0,15.8,45.2,0.8052
2004-05-24 03:00:00,3,Monday,2004-05,,746.0,0.6,,,308.0,15.7,42.3,0.7464
2004-05-24 04:00:00,4,Monday,2004-05,,753.0,0.5,14.0,19.0,301.0,16.3,41.0,0.7513
2004-05-24 05:00:00,5,Monday,2004-05,0.1,749.0,0.7,23.0,29.0,307.0,16.1,36.5,0.664
2004-05-24 06:00:00,6,Monday,2004-05,0.5,864.0,2.8,72.0,69.0,441.0,16.5,36.2,0.6752
2004-05-24 07:00:00,7,Monday,2004-05,1.6,1002.0,7.8,165.0,111.0,775.0,17.5,30.9,0.6111
2004-05-24 08:00:00,8,Monday,2004-05,2.0,970.0,9.7,118.0,81.0,907.0,18.4,24.0,0.5046
2004-05-24 09:00:00,9,Monday,2004-05,1.3,898.0,6.9,85.0,56.0,763.0,19.2,23.8,0.5235
2004-05-24 10:00:00,10,Monday,2004-05,1.0,847.0,5.8,116.0,90.0,649.0,21.7,18.1,0.4642
2004-05-24 11:00:00,11,Monday,2004-05,0.9,847.0,5.5,112.0,85.0,598.0,22.3,17.0,0.4513
2004-05-24 12:00:00,12,Monday,2004-05,1.2,871.0,6.8,100.0,83.0,579.0,22.8,16.1,0.4404
2004-05-24 13:00:00,13,Monday,2004-05,1.3,869.0,7.2,109.0,85.0,596.0,23.8,14.5,0.4222
2004-05-24 14:00:00,14,Monday,2004-05,1.1,875.0,6.9,111.0,85.0,595.0,25.1,13.1,0.4129
2004-05-24 15:00:00,15,Monday,2004-05,1.2,895.0,7.5,109.0,81.0,607.0,25.8,12.9,0.4219
2004-05-24 16:00:00,16,Monday,2004-05,1.4,926.0,7.7,114.0,92.0,662.0,25.5,14.0,0.4495
2004-05-24 17:00:00,17,Monday,2004-05,2.0,996.0,12.0,139.0,108.0,822.0,24.5,15.4,0.4663
2004-05-24 18:00:00,18,Monday,2004-05,2.4,997.0,13.5,157.0,106.0,987.0,22.6,17.2,0.4656
2004-05-24 19:00:00,19,Monday,2004-05,2.1,1006.0,12.0,147.0,114.0,966.0,21.2,18.9,0.471
2004-05-24 20:00:00,20,Monday,2004-05,1.2,895.0,6.7,102.0,96.0,763.0,19.1,22.8,0.501
2004-05-24 21:00:00,21,Monday,2004-05,0.7,862.0,4.8,73.0,77.0,617.0,18.4,24.6,0.5169
2004-05-24 22:00:00,22,Monday,2004-05,0.7,858.0,4.8,65.0,73.0,564.0,17.3,25.6,0.5032
2004-05-24 23:00:00,23,Monday,2004-05,0.8,853.0,5.0,76.0,86.0,646.0,16.5,24.9,0.4642
2004-05-25 00:00:00,0,Tuesday,2004-05,0.5,859.0,4.3,65.0,84.0,753.0,16.7,28.3,0.5316
2004-05-25 01:00:00,1,Tuesday,2004-05,0.2,837.0,2.7,41.0,56.0,669.0,15.5,32.2,0.5641
2004-05-25 02:00:00,2,Tuesday,2004-05,,746.0,0.9,17.0,31.0,435.0,17.5,29.1,0.5773
2004-05-25 03:00:00,3,Tuesday,2004-05,,752.0,1.2,,,436.0,13.3,35.6,0.5393
2004-05-25 04:00:00,4,Tuesday,2004-05,,742.0,0.9,19.0,30.0,403.0,14.0,33.7,0.5355
2004-05-25 05:00:00,5,Tuesday,2004-05,0.1,774.0,1.7,45.0,51.0,532.0,11.6,40.0,0.5462
2004-05-25 06:00:00,6,Tuesday,2004-05,0.2,798.0,2.6,40.0,45.0,536.0,13.4,34.5,0.5272
2004-05-25 07:00:00,7,Tuesday,2004-05,1.1,1002.0,8.8,101.0,82.0,917.0,15.2,31.0,0.5329
2004-05-25 08:00:00,8,Tuesday,2004-05,3.0,1210.0,22.2,183.0,100.0,1481.0,16.3,27.5,0.5066
2004-05-25 09:00:00,9,Tuesday,2004-05,2.1,1058.0,15.3,149.0,91.0,1187.0,19.2,20.0,0.439
2004-05-25 10:00:00,10,Tuesday,2004-05,2.6,1106.0,14.0,207.0,130.0,1220.0,24.9,13.0,0.4038
2004-05-25 11:00:00,11,Tuesday,2004-05,3.2,1153.0,18.5,289.0,155.0,1381.0,28.3,9.9,0.3754
2004-05-25 12:00:00,12,Tuesday,2004-05,2.1,1047.0,13.5,159.0,114.0,1103.0,29.2,9.8,0.3914
2004-05-25 13:00:00,13,Tuesday,2004-05,2.2,1091.0,15.8,162.0,127.0,1105.0,31.6,9.2,0.419
2004-05-25 14:00:00,14,Tuesday,2004-05,2.4,1162.0,18.5,173.0,138.0,1248.0,32.6,9.3,0.4499
2004-05-25 15:00:00,15,Tuesday,2004-05,,1059.0,12.6,,,976.0,32.6,9.2,0.4463
2004-05-25 16:00:00,16,Tuesday,2004-05,,1083.0,12.0,,,898.0,32.3,10.0,0.4747
2004-05-25 17:00:00,17,Tuesday,2004-05,,1150.0,15.4,,,1038.0,32.1,10.7,0.4996
2004-05-25 18:00:00,18,Tuesday,2004-05,,1321.0,24.9,,,1395.0,29.7,12.2,0.5007
2004-05-25 19:00:00,19,Tuesday,2004-05,,,,,,,,,
2004-05-25 20:00:00,20,Tuesday,2004-05,,,,,,,,,
2004-05-25 21:00:00,21,Tuesday,2004-05,,,,,,,,,
2004-05-25 22:00:00,22,Tuesday,2004-05,,,,,,,,,
2004-05-25 23:00:00,23,Tuesday,2004-05,,,,,,,,,
2004-05-26 00:00:00,0,Wednesday,2004-05,,,,,,,,,
2004-05-26 01:00:00,1,Wednesday,2004-05,,,,,,,,,
2004-05-26 02:00:00,2,Wednesday,2004-05,,,,,,,,,
2004-05-26 03:00:00,3,Wednesday,2004-05,,,,,,,,,
2004-05-26 04:00:00,4,Wednesday,2004-05,,,,,,,,,
2004-05-26 05:00:00,5,Wednesday,2004-05,,,,,,,,,
2004-05-26 06:00:00,6,Wednesday,2004-05,,,,,,,,,
2004-05-26 07:00:00,7,Wednesday,2004-05,,,,,,,,,
2004-05-26 08:00:00,8,Wednesday,2004-05,,,,,,,,,
2004-05-26 09:00:00,9,Wednesday,2004-05,4.0,1303.0,40.2,,,1608.0,20.4,35.7,0.844
2004-05-26 10:00:00,10,Wednesday,2004-05,2.2,1137.0,14.9,188.0,136.0,1327.0,26.1,23.8,0.7938
2004-05-26 11:00:00,11,Wednesday,2004-05,1.8,1139.0,13.8,159.0,135.0,1292.0,28.8,21.1,0.8193
2004-05-26 12:00:00,12,Wednesday,2004-05,1.6,1099.0,12.3,146.0,115.0,1114.0,29.6,19.4,0.7897
2004-05-26 13:00:00,13,Wednesday,2004-05,1.8,1088.0,14.0,127.0,112.0,1060.0,31.6,16.4,0.7489
2004-05-26 14:00:00,14,Wednesday,2004-05,1.6,1027.0,11.8,128.0,112.0,915.0,32.3,13.3,0.6303
2004-05-26 15:00:00,15,Wednesday,2004-05,1.6,1014.0,12.0,120.0,109.0,893.0,31.8,13.5,0.6249
2004-05-26 16:00:00,16,Wednesday,2004-05,1.3,969.0,9.7,115.0,112.0,768.0,31.8,13.8,0.6394
2004-05-26 17:00:00,17,Wednesday,2004-05,,1120.0,18.0,,,1126.0,31.0,15.9,0.7039
2004-05-26 18:00:00,18,Wednesday,2004-05,,1131.0,22.6,,,1284.0,28.6,18.7,0.7216
2004-05-26 19:00:00,19,Wednesday,2004-05,,1130.0,22.7,,,1269.0,26.7,19.5,0.6754
2004-05-26 20:00:00,20,Wednesday,2004-05,,1123.0,20.3,,,1290.0,25.0,24.4,0.7616
2004-05-26 21:00:00,21,Wednesday,2004-05,,1069.0,13.1,,,1119.0,22.8,28.4,0.7804
2004-05-26 22:00:00,22,Wednesday,2004-05,,1021.0,10.9,,,1027.0,21.7,29.2,0.7458
2004-05-26 23:00:00,23,Wednesday,2004-05,,1101.0,13.3,,,1155.0,21.1,30.9,0.7617
2004-05-27 00:00:00,0,Thursday,2004-05,,1026.0,9.5,,,1078.0,19.9,36.3,0.8349
2004-05-27 01:00:00,1,Thursday,2004-05,,949.0,6.6,,,954.0,18.6,39.3,0.8355
2004-05-27 02:00:00,2,Thursday,2004-05,,846.0,3.6,,,726.0,18.6,38.8,0.8228
2004-05-27 03:00:00,3,Thursday,2004-05,,811.0,2.3,,,656.0,19.0,38.9,0.8468
2004-05-27 04:00:00,4,Thursday,2004-05,,803.0,2.0,,,573.0,18.0,40.9,0.8394
2004-05-27 05:00:00,5,Thursday,2004-05,,882.0,4.1,,,780.0,15.5,48.6,0.8505
2004-05-27 06:00:00,6,Thursday,2004-05,,963.0,6.5,,,920.0,16.0,47.9,0.8659
2004-05-27 07:00:00,7,Thursday,2004-05,,1413.0,24.8,,,1544.0,17.0,46.0,0.883
2004-05-27 08:00:00,8,Thursday,2004-05,,1485.0,34.4,,,1789.0,19.0,41.6,0.9039
2004-05-27 09:00:00,9,Thursday,2004-05,,1354.0,24.5,,,1629.0,21.8,35.0,0.9002
2004-05-27 10:00:00,10,Thursday,2004-05,,1074.0,9.0,,,997.0,25.6,28.0,0.9088
2004-05-27 11:00:00,11,Thursday,2004-05,,1022.0,8.4,,,847.0,26.4,23.1,0.7853
2004-05-27 12:00:00,12,Thursday,2004-05,,1100.0,11.5,,,958.0,27.1,24.2,0.856
2004-05-27 13:00:00,13,Thursday,2004-05,,1073.0,12.1,,,854.0,27.5,20.9,0.7565
2004-05-27 14:00:00,14,Thursday,2004-05,,1049.0,10.1,,,782.0,29.5,19.7,0.8015
2004-05-27 15:00:00,15,Thursday,2004-05,,1086.0,11.9,,,888.0,30.6,18.6,0.8014
2004-05-27 16:00:00,16,Thursday,2004-05,,1059.0,11.3,,,764.0,31.3,15.8,0.7106
2004-05-27 17:00:00,17,Thursday,2004-05,,1244.0,20.2,,,1170.0,29.4,21.0,0.8452
2004-05-27 18:00:00,18,Thursday,2004-05,,1320.0,24.8,,,1385.0,27.0,23.5,0.8256
2004-05-27 19:00:00,19,Thursday,2004-05,,1236.0,20.3,,,1237.0,25.8,26.7,0.8758
2004-05-27 20:00:00,20,Thursday,2004-05,,1136.0,16.2,,,1127.0,23.7,28.4,0.8225
2004-05-27 21:00:00,21,Thursday,2004-05,,1110.0,13.3,,,1091.0,21.3,33.0,0.8284
2004-05-27 22:00:00,22,Thursday,2004-05,,1026.0,10.3,,,972.0,20.5,35.3,0.8435
2004-05-27 23:00:00,23,Thursday,2004-05,,1038.0,9.6,,,949.0,19.4,38.1,0.8511
2004-05-28 00:00:00,0,Friday,2004-05,,975.0,7.8,,,890.0,19.4,40.7,0.9045
2004-05-28 01:00:00,1,Friday,2004-05,,908.0,6.1,,,763.0,17.8,44.9,0.903
2004-05-28 02:00:00,2,Friday,2004-05,,896.0,6.2,,,833.0,16.6,49.7,0.9295
2004-05-28 03:00:00,3,Friday,2004-05,,810.0,3.8,,,675.0,16.5,48.6,0.9028
2004-05-28 04:00:00,4,Friday,2004-05,,789.0,2.8,,,672.0,15.2,53.6,0.919
2004-05-28 05:00:00,5,Friday,2004-05,,814.0,3.4,,,626.0,15.5,51.7,0.9019
2004-05-28 06:00:00,6,Friday,2004-05,,958.0,8.2,,,882.0,14.9,54.8,0.9247
2004-05-28 07:00:00,7,Friday,2004-05,,1213.0,19.2,,,1264.0,16.3,51.3,0.9416
2004-05-28 08:00:00,8,Friday,2004-05,,1221.0,22.6,,,1330.0,18.4,45.7,0.9559
2004-05-28 09:00:00,9,Friday,2004-05,,1245.0,19.4,,,1324.0,20.8,43.6,1.0614
2004-05-28 10:00:00,10,Friday,2004-05,,1050.0,9.6,,,901.0,24.3,35.1,1.0477
2004-05-28 11:00:00,11,Friday,2004-05,,1048.0,9.8,,,852.0,26.4,29.3,0.9889
2004-05-28 12:00:00,12,Friday,2004-05,,1141.0,14.4,,,1009.0,28.3,25.0,0.9495
2004-05-28 13:00:00,13,Friday,2004-05,,1052.0,12.1,,,831.0,28.9,23.7,0.9285
2004-05-28 14:00:00,14,Friday,2004-05,,1152.0,13.5,,,954.0,28.5,25.8,0.9931
2004-05-28 15:00:00,15,Friday,2004-05,1.7,1026.0,12.3,133.0,115.0,814.0,29.6,18.9,0.7692
2004-05-28 16:00:00,16,Friday,2004-05,1.7,1039.0,12.2,131.0,117.0,845.0,28.0,23.2,0.8613
2004-05-28 17:00:00,17,Friday,2004-05,2.1,1148.0,12.5,133.0,105.0,956.0,23.6,41.0,1.1786
2004-05-28 18:00:00,18,Friday,2004-05,2.2,1176.0,13.9,141.0,114.0,1102.0,21.5,48.1,1.2148
2004-05-28 19:00:00,19,Friday,2004-05,1.8,1100.0,11.4,112.0,103.0,994.0,22.1,44.1,1.1573
2004-05-28 20:00:00,20,Friday,2004-05,1.8,1081.0,10.4,147.0,119.0,935.0,20.2,47.2,1.1043
2004-05-28 21:00:00,21,Friday,2004-05,0.9,976.0,7.0,104.0,102.0,839.0,20.0,47.6,1.103
2004-05-28 22:00:00,22,Friday,2004-05,1.0,979.0,7.0,97.0,96.0,797.0,19.8,46.8,1.0697
2004-05-28 23:00:00,23,Friday,2004-05,2.0,1092.0,11.3,128.0,109.0,968.0,19.6,47.0,1.0606
2004-05-29 00:00:00,0,Saturday,2004-05,1.8,1044.0,9.2,138.0,119.0,886.0,19.3,46.3,1.0279
2004-05-29 01:00:00,1,Saturday,2004-05,1.1,940.0,6.8,93.0,103.0,764.0,18.5,48.7,1.0286
2004-05-29 02:00:00,2,Saturday,2004-05,0.6,892.0,5.1,71.0,84.0,657.0,18.0,51.4,1.0504
2004-05-29 03:00:00,3,Saturday,2004-05,0.3,838.0,3.4,,,540.0,17.9,50.8,1.0355
2004-05-29 04:00:00,4,Saturday,2004-05,,853.0,4.3,44.0,59.0,621.0,17.7,51.9,1.0379
2004-05-29 05:00:00,5,Saturday,2004-05,,738.0,1.5,18.0,29.0,450.0,17.7,49.7,0.997
2004-05-29 06:00:00,6,Saturday,2004-05,0.1,762.0,2.0,41.0,45.0,434.0,17.9,46.1,0.9383
2004-05-29 07:00:00,7,Saturday,2004-05,0.5,841.0,4.0,84.0,80.0,559.0,18.4,43.9,0.9192
2004-05-29 08:00:00,8,Saturday,2004-05,0.6,843.0,4.0,77.0,77.0,548.0,18.9,42.1,0.9081
2004-05-29 09:00:00,9,Saturday,2004-05,0.5,841.0,4.0,73.0,68.0,525.0,19.2,39.7,0.8728
2004-05-29 10:00:00,10,Saturday,2004-05,0.7,862.0,4.2,72.0,66.0,522.0,20.8,36.6,0.8878
2004-05-29 11:00:00,11,Saturday,2004-05,0.7,869.0,4.5,77.0,70.0,535.0,21.3,35.8,0.8975
2004-05-29 12:00:00,12,Saturday,2004-05,0.9,894.0,6.0,82.0,74.0,585.0,21.8,34.9,0.9004
2004-05-29 13:00:00,13,Saturday,2004-05,0.7,844.0,4.8,67.0,64.0,521.0,22.8,31.4,0.8615
2004-05-29 14:00:00,14,Saturday,2004-05,0.4,823.0,3.8,59.0,60.0,493.0,22.9,31.3,0.862
2004-05-29 15:00:00,15,Saturday,2004-05,0.5,843.0,4.2,61.0,63.0,501.0,22.9,30.7,0.8461
2004-05-29 16:00:00,16,Saturday,2004-05,0.6,865.0,5.1,76.0,75.0,559.0,23.8,29.2,0.8499
2004-05-29 17:00:00,17,Saturday,2004-05,0.6,873.0,5.6,73.0,79.0,589.0,23.2,30.2,0.8442
2004-05-29 18:00:00,18,Saturday,2004-05,0.8,899.0,5.8,87.0,83.0,596.0,22.4,31.3,0.8365
2004-05-29 19:00:00,19,Saturday,2004-05,1.0,921.0,7.0,98.0,93.0,681.0,21.7,32.2,0.825
2004-05-29 20:00:00,20,Saturday,2004-05,1.2,937.0,7.9,123.0,112.0,783.0,20.8,33.2,0.8061
2004-05-29 21:00:00,21,Saturday,2004-05,1.0,901.0,6.5,102.0,103.0,738.0,20.1,35.0,0.8149
2004-05-29 22:00:00,22,Saturday,2004-05,1.3,955.0,8.5,102.0,93.0,762.0,19.5,36.9,0.8258
2004-05-29 23:00:00,23,Saturday,2004-05,2.7,1065.0,13.7,142.0,112.0,929.0,19.0,38.2,0.8327
2004-05-30 00:00:00,0,Sunday,2004-05,2.7,1035.0,13.8,148.0,125.0,1044.0,18.5,39.4,0.832
2004-05-30 01:00:00,1,Sunday,2004-05,1.6,956.0,9.1,107.0,107.0,892.0,17.8,41.7,0.844
2004-05-30 02:00:00,2,Sunday,2004-05,0.6,869.0,6.5,61.0,76.0,807.0,19.2,42.0,0.9248
2004-05-30 03:00:00,3,Sunday,2004-05,0.3,831.0,6.2,,,710.0,17.8,44.8,0.9048
2004-05-30 04:00:00,4,Sunday,2004-05,,815.0,5.2,43.0,55.0,712.0,17.0,47.7,0.9185
2004-05-30 05:00:00,5,Sunday,2004-05,0.1,781.0,3.1,25.0,37.0,568.0,17.2,47.2,0.9178
2004-05-30 06:00:00,6,Sunday,2004-05,0.1,781.0,2.9,32.0,45.0,575.0,17.3,47.6,0.9295
2004-05-30 07:00:00,7,Sunday,2004-05,0.2,828.0,3.6,48.0,61.0,658.0,18.6,44.2,0.9385
2004-05-30 08:00:00,8,Sunday,2004-05,0.3,803.0,2.7,60.0,67.0,537.0,20.2,37.8,0.8837
2004-05-30 09:00:00,9,Sunday,2004-05,0.3,811.0,3.0,52.0,60.0,486.0,22.0,31.9,0.8335
2004-05-30 10:00:00,10,Sunday,2004-05,0.4,844.0,3.7,58.0,64.0,507.0,25.5,25.9,0.8339
2004-05-30 11:00:00,11,Sunday,2004-05,0.3,833.0,3.8,54.0,64.0,496.0,27.5,22.8,0.8249
2004-05-30 12:00:00,12,Sunday,2004-05,0.3,832.0,4.2,52.0,59.0,502.0,28.7,20.7,0.8024
2004-05-30 13:00:00,13,Sunday,2004-05,0.1,771.0,2.6,34.0,41.0,430.0,29.1,19.6,0.7771
2004-05-30 14:00:00,14,Sunday,2004-05,0.1,783.0,2.8,41.0,46.0,439.0,29.8,18.4,0.7595
2004-05-30 15:00:00,15,Sunday,2004-05,0.2,815.0,4.2,41.0,46.0,471.0,32.0,15.0,0.7028
2004-05-30 16:00:00,16,Sunday,2004-05,0.6,912.0,6.2,65.0,77.0,589.0,30.3,17.0,0.7232
2004-05-30 17:00:00,17,Sunday,2004-05,0.5,894.0,5.2,65.0,83.0,598.0,31.7,16.2,0.745
2004-05-30 18:00:00,18,Sunday,2004-05,0.9,963.0,7.7,84.0,90.0,695.0,29.2,19.6,0.7817
2004-05-30 19:00:00,19,Sunday,2004-05,1.1,990.0,8.8,89.0,95.0,739.0,27.4,23.8,0.858
2004-05-30 20:00:00,20,Sunday,2004-05,1.3,1025.0,10.1,114.0,113.0,891.0,25.0,26.9,0.8408
2004-05-30 21:00:00,21,Sunday,2004-05,1.5,997.0,9.8,127.0,128.0,930.0,23.6,30.1,0.8663
2004-05-30 22:00:00,22,Sunday,2004-05,1.2,976.0,8.4,117.0,117.0,880.0,22.3,33.6,0.8913
2004-05-30 23:00:00,23,Sunday,2004-05,0.4,878.0,5.4,46.0,64.0,610.0,21.4,36.9,0.9271
2004-05-31 00:00:00,0,Monday,2004-05,0.2,836.0,4.3,16.0,28.0,518.0,20.6,39.9,0.9597
2004-05-31 01:00:00,1,Monday,2004-05,0.3,855.0,4.8,27.0,46.0,664.0,19.7,43.2,0.9812
2004-05-31 02:00:00,2,Monday,2004-05,,759.0,2.1,4.0,8.0,515.0,19.7,42.4,0.9636
2004-05-31 03:00:00,3,Monday,2004-05,,738.0,1.4,,,477.0,18.9,45.0,0.9703
2004-05-31 04:00:00,4,Monday,2004-05,,736.0,1.3,19.0,32.0,477.0,18.7,45.4,0.9694
2004-05-31 05:00:00,5,Monday,2004-05,,765.0,2.3,48.0,57.0,581.0,16.4,52.4,0.9709
2004-05-31 06:00:00,6,Monday,2004-05,0.5,909.0,6.5,82.0,60.0,763.0,16.6,52.1,0.9785
2004-05-31 07:00:00,7,Monday,2004-05,1.6,1108.0,14.2,167.0,83.0,1111.0,17.4,50.9,1.0017
2004-05-31 08:00:00,8,Monday,2004-05,3.6,1252.0,22.7,248.0,129.0,1390.0,19.3,46.0,1.0185
2004-05-31 09:00:00,9,Monday,2004-05,2.2,1175.0,16.3,213.0,137.0,1251.0,20.9,43.6,1.0683
2004-05-31 10:00:00,10,Monday,2004-05,1.6,1111.0,14.1,161.0,121.0,1141.0,25.6,33.3,1.0773
2004-05-31 11:00:00,11,Monday,2004-05,1.4,1044.0,12.6,144.0,123.0,942.0,28.9,26.0,1.0188
2004-05-31 12:00:00,12,Monday,2004-05,1.4,1018.0,13.1,127.0,120.0,795.0,30.3,22.8,0.9695
2004-05-31 13:00:00,13,Monday,2004-05,1.5,1060.0,14.2,116.0,119.0,836.0,30.9,24.4,1.0724
2004-05-31 14:00:00,14,Monday,2004-05,1.3,1071.0,13.8,124.0,121.0,847.0,30.5,26.2,1.1278
2004-05-31 15:00:00,15,Monday,2004-05,1.2,1006.0,12.1,115.0,111.0,769.0,30.7,23.4,1.015
2004-05-31 16:00:00,16,Monday,2004-05,1.8,1104.0,15.7,150.0,128.0,968.0,28.1,29.8,1.1132
2004-05-31 17:00:00,17,Monday,2004-05,3.0,1196.0,21.4,221.0,159.0,1157.0,26.9,32.2,1.1267
2004-05-31 18:00:00,18,Monday,2004-05,3.5,1243.0,25.0,227.0,161.0,1367.0,26.0,34.6,1.1485
2004-05-31 19:00:00,19,Monday,2004-05,2.4,1124.0,16.6,156.0,116.0,1101.0,24.5,37.7,1.1454
2004-05-31 20:00:00,20,Monday,2004-05,1.1,1020.0,10.7,97.0,96.0,916.0,21.7,46.9,1.2044
2004-05-31 21:00:00,21,Monday,2004-05,0.8,1035.0,7.5,78.0,69.0,825.0,19.3,68.8,1.519
2004-05-31 22:00:00,22,Monday,2004-05,0.4,986.0,5.3,60.0,58.0,693.0,17.6,81.6,1.6296
2004-05-31 23:00:00,23,Monday,2004-05,0.6,1017.0,6.5,61.0,59.0,734.0,17.8,80.3,1.6212
2004-06-01 00:00:00,0,Tuesday,2004-06,0.3,922.0,4.7,46.0,45.0,685.0,18.6,75.7,1.6074
2004-06-01 01:00:00,1,Tuesday,2004-06,,830.0,2.9,17.0,23.0,524.0,19.6,68.4,1.5443
2004-06-01 02:00:00,2,Tuesday,2004-06,,805.0,2.0,18.0,26.0,527.0,18.0,76.4,1.5608
2004-06-01 03:00:00,3,Tuesday,2004-06,,760.0,1.1,,,452.0,17.3,77.2,1.5104
2004-06-01 04:00:00,4,Tuesday,2004-06,,783.0,1.3,16.0,24.0,466.0,16.5,82.3,1.5318
2004-06-01 05:00:00,5,Tuesday,2004-06,0.1,854.0,2.4,39.0,41.0,565.0,16.8,81.3,1.5452
2004-06-01 06:00:00,6,Tuesday,2004-06,0.3,985.0,6.1,107.0,65.0,799.0,17.3,78.6,1.5412
2004-06-01 07:00:00,7,Tuesday,2004-06,1.4,1225.0,12.5,190.0,94.0,1102.0,16.9,80.9,1.5472
2004-06-01 08:00:00,8,Tuesday,2004-06,2.7,1313.0,19.5,236.0,100.0,1299.0,17.1,79.8,1.542
2004-06-01 09:00:00,9,Tuesday,2004-06,2.3,1199.0,15.2,227.0,103.0,1272.0,18.5,70.3,1.4826
2004-06-01 10:00:00,10,Tuesday,2004-06,1.8,1182.0,12.0,211.0,89.0,1206.0,19.6,66.7,1.5023
2004-06-01 11:00:00,11,Tuesday,2004-06,1.6,1173.0,12.4,201.0,86.0,1218.0,20.4,63.1,1.4969
2004-06-01 12:00:00,12,Tuesday,2004-06,1.9,1259.0,15.9,191.0,89.0,1367.0,21.6,61.8,1.5775
2004-06-01 13:00:00,13,Tuesday,2004-06,2.5,1263.0,15.7,192.0,88.0,1290.0,24.0,49.3,1.4509
2004-06-01 14:00:00,14,Tuesday,2004-06,1.6,1156.0,13.5,143.0,73.0,1175.0,25.7,43.8,1.4262
2004-06-01 15:00:00,15,Tuesday,2004-06,1.5,1167.0,12.4,148.0,78.0,1139.0,24.6,47.5,1.4487
2004-06-01 16:00:00,16,Tuesday,2004-06,2.5,1278.0,17.1,183.0,95.0,1293.0,24.8,47.4,1.4628
2004-06-01 17:00:00,17,Tuesday,2004-06,3.6,1342.0,22.0,216.0,109.0,1419.0,23.7,50.5,1.4636
2004-06-01 18:00:00,18,Tuesday,2004-06,3.5,1353.0,19.9,184.0,95.0,1326.0,23.0,53.8,1.4968
2004-06-01 19:00:00,19,Tuesday,2004-06,4.8,1501.0,27.9,248.0,101.0,1517.0,21.5,65.8,1.6688
2004-06-01 20:00:00,20,Tuesday,2004-06,3.7,1355.0,19.7,221.0,88.0,1391.0,21.0,66.9,1.6436
2004-06-01 21:00:00,21,Tuesday,2004-06,2.1,1230.0,15.7,159.0,77.0,1275.0,20.6,68.1,1.6329
2004-06-01 22:00:00,22,Tuesday,2004-06,1.6,1148.0,12.0,136.0,75.0,1168.0,20.5,66.9,1.5914
2004-06-01 23:00:00,23,Tuesday,2004-06,2.2,1171.0,13.1,168.0,81.0,1132.0,20.2,65.2,1.5251
2004-06-02 00:00:00,0,Wednesday,2004-06,0.8,1021.0,9.2,95.0,57.0,977.0,19.5,68.0,1.5269
2004-06-02 01:00:00,1,Wednesday,2004-06,,964.0,7.5,70.0,49.0,942.0,19.9,66.4,1.5203
2004-06-02 02:00:00,2,Wednesday,2004-06,,887.0,4.9,43.0,38.0,804.0,19.1,69.0,1.5043
2004-06-02 03:00:00,3,Wednesday,2004-06,,885.0,5.2,,,805.0,18.5,70.7,1.4962
2004-06-02 04:00:00,4,Wednesday,2004-06,,830.0,3.2,30.0,31.0,704.0,18.9,67.8,1.4689
2004-06-02 05:00:00,5,Wednesday,2004-06,,792.0,2.4,22.0,23.0,657.0,20.0,63.7,1.4742
2004-06-02 06:00:00,6,Wednesday,2004-06,,813.0,2.8,25.0,22.0,655.0,19.8,64.7,1.4769
2004-06-02 07:00:00,7,Wednesday,2004-06,,890.0,3.9,48.0,33.0,751.0,19.7,65.3,1.4843
2004-06-02 08:00:00,8,Wednesday,2004-06,,984.0,6.9,73.0,43.0,885.0,20.8,62.0,1.5002
2004-06-02 09:00:00,9,Wednesday,2004-06,,1043.0,8.5,95.0,53.0,955.0,22.2,56.6,1.4973
2004-06-02 10:00:00,10,Wednesday,2004-06,,1054.0,8.9,86.0,54.0,962.0,24.3,49.0,1.4724
2004-06-02 11:00:00,11,Wednesday,2004-06,,1063.0,8.8,102.0,62.0,957.0,25.0,46.5,1.4492
2004-06-02 12:00:00,12,Wednesday,2004-06,,978.0,7.4,80.0,53.0,788.0,28.9,34.8,1.3603
2004-06-02 13:00:00,13,Wednesday,2004-06,,887.0,4.7,36.0,34.0,596.0,29.6,33.4,1.3581
2004-06-02 14:00:00,14,Wednesday,2004-06,,887.0,4.8,32.0,30.0,560.0,30.9,30.7,1.3493
2004-06-02 15:00:00,15,Wednesday,2004-06,,977.0,6.8,46.0,37.0,701.0,31.8,31.0,1.4286
2004-06-02 16:00:00,16,Wednesday,2004-06,,1043.0,8.9,61.0,47.0,811.0,31.4,31.2,1.4127
2004-06-02 17:00:00,17,Wednesday,2004-06,,1010.0,8.1,59.0,44.0,724.0,28.9,35.7,1.3985
2004-06-02 18:00:00,18,Wednesday,2004-06,,1094.0,10.5,76.0,53.0,864.0,27.2,42.5,1.5135
2004-06-02 19:00:00,19,Wednesday,2004-06,,1223.0,14.8,145.0,88.0,1084.0,26.2,46.4,1.5573
2004-06-02 20:00:00,20,Wednesday,2004-06,,1109.0,11.8,140.0,95.0,998.0,24.5,51.0,1.5454
2004-06-02 21:00:00,21,Wednesday,2004-06,,1026.0,8.7,102.0,82.0,878.0,22.8,56.1,1.5353
2004-06-02 22:00:00,22,Wednesday,2004-06,,1036.0,8.7,89.0,59.0,909.0,21.9,60.9,1.5799
2004-06-02 23:00:00,23,Wednesday,2004-06,,963.0,6.9,62.0,43.0,789.0,21.7,61.0,1.5617
2004-06-03 00:00:00,0,Thursday,2004-06,,996.0,7.3,69.0,51.0,857.0,20.8,64.8,1.568
2004-06-03 01:00:00,1,Thursday,2004-06,,999.0,6.9,63.0,49.0,885.0,20.3,70.9,1.6699
2004-06-03 02:00:00,2,Thursday,2004-06,,893.0,4.6,31.0,36.0,743.0,18.9,79.0,1.704
2004-06-03 03:00:00,3,Thursday,2004-06,,730.0,1.3,,,445.0,18.1,64.6,1.3276
2004-06-03 04:00:00,4,Thursday,2004-06,,753.0,1.7,17.0,24.0,454.0,18.6,64.5,1.3655
2004-06-03 05:00:00,5,Thursday,2004-06,,825.0,3.2,61.0,58.0,610.0,17.6,67.4,1.346
2004-06-03 06:00:00,6,Thursday,2004-06,,1012.0,10.1,184.0,73.0,1024.0,17.6,67.6,1.3479
2004-06-03 07:00:00,7,Thursday,2004-06,,1221.0,19.9,248.0,74.0,1316.0,19.0,61.7,1.3393
2004-06-03 08:00:00,8,Thursday,2004-06,,1215.0,20.2,220.0,97.0,1358.0,20.0,57.4,1.3268
2004-06-03 09:00:00,9,Thursday,2004-06,,1234.0,20.8,243.0,108.0,2202.0,22.6,45.9,1.2418
2004-06-03 10:00:00,10,Thursday,2004-06,,1138.0,15.1,164.0,93.0,1947.0,27.3,34.3,1.2284
2004-06-03 11:00:00,11,Thursday,2004-06,,987.0,10.9,,,1227.0,27.4,31.0,1.1184
2004-06-03 12:00:00,12,Thursday,2004-06,,980.0,11.1,,,950.0,26.2,33.6,1.1244
2004-06-03 13:00:00,13,Thursday,2004-06,,966.0,12.1,,,917.0,26.8,32.4,1.1263
2004-06-03 14:00:00,14,Thursday,2004-06,,905.0,8.6,,,707.0,28.7,27.7,1.071
2004-06-03 15:00:00,15,Thursday,2004-06,,903.0,9.7,,,740.0,28.7,25.0,0.9684
2004-06-03 16:00:00,16,Thursday,2004-06,,914.0,11.0,,,775.0,29.1,22.3,0.8811
2004-06-03 17:00:00,17,Thursday,2004-06,,1050.0,16.6,,,1035.0,29.0,24.5,0.9655
2004-06-03 18:00:00,18,Thursday,2004-06,,1043.0,14.7,,,1001.0,27.2,28.3,1.0016
2004-06-03 19:00:00,19,Thursday,2004-06,,1125.0,19.5,,,1101.0,25.3,30.0,0.952
2004-06-03 20:00:00,20,Thursday,2004-06,,1058.0,14.5,,,1034.0,24.1,34.8,1.0333
2004-06-03 21:00:00,21,Thursday,2004-06,,951.0,7.8,,,786.0,23.0,43.1,1.1993
2004-06-03 22:00:00,22,Thursday,2004-06,,944.0,7.8,,,844.0,22.1,43.9,1.1521
2004-06-03 23:00:00,23,Thursday,2004-06,,959.0,7.8,,,866.0,21.0,48.1,1.178
2004-06-04 00:00:00,0,Friday,2004-06,,974.0,8.5,,,909.0,20.6,49.2,1.1754
2004-06-04 01:00:00,1,Friday,2004-06,,880.0,5.7,,,724.0,21.2,47.6,1.1799
2004-06-04 02:00:00,2,Friday,2004-06,,853.0,4.5,,,715.0,21.0,50.1,1.2338
2004-06-04 03:00:00,3,Friday,2004-06,,912.0,5.6,,,827.0,20.1,53.1,1.2342
2004-06-04 04:00:00,4,Friday,2004-06,,863.0,4.6,,,786.0,19.0,54.0,1.1745
2004-06-04 05:00:00,5,Friday,2004-06,,729.0,1.2,,,445.0,19.2,51.1,1.124
2004-06-04 06:00:00,6,Friday,2004-06,,830.0,3.4,,,607.0,19.2,53.1,1.1662
2004-06-04 07:00:00,7,Friday,2004-06,,1198.0,17.0,,,1213.0,20.6,49.0,1.1748
2004-06-04 08:00:00,8,Friday,2004-06,,971.0,10.0,,,910.0,21.8,41.9,1.077
2004-06-04 09:00:00,9,Friday,2004-06,,885.0,6.0,,,675.0,22.8,37.6,1.0315
2004-06-04 10:00:00,10,Friday,2004-06,,862.0,5.7,,,582.0,24.8,31.3,0.9646
2004-06-04 11:00:00,11,Friday,2004-06,,892.0,6.9,,,666.0,26.0,29.4,0.976
2004-06-04 12:00:00,12,Friday,2004-06,,933.0,9.5,,,726.0,27.0,27.8,0.9731
2004-06-04 13:00:00,13,Friday,2004-06,,975.0,11.1,,,801.0,27.0,29.3,1.0277
2004-06-04 14:00:00,14,Friday,2004-06,,927.0,8.1,,,711.0,27.0,29.6,1.0419
2004-06-04 15:00:00,15,Friday,2004-06,,993.0,10.2,,,790.0,25.8,32.6,1.072
2004-06-04 16:00:00,16,Friday,2004-06,2.7,1053.0,13.3,,,924.0,26.2,32.6,1.0892
2004-06-04 17:00:00,17,Friday,2004-06,3.6,1116.0,16.6,,,1045.0,28.3,27.5,1.0418
2004-06-04 18:00:00,18,Friday,2004-06,3.3,1097.0,16.9,,,1088.0,26.5,29.7,1.0123
2004-06-04 19:00:00,19,Friday,2004-06,3.6,1116.0,17.5,,,1038.0,25.7,31.8,1.0317
2004-06-04 20:00:00,20,Friday,2004-06,2.9,1057.0,13.1,,,981.0,24.4,35.2,1.0632
2004-06-04 21:00:00,21,Friday,2004-06,1.9,973.0,9.2,,,820.0,23.5,36.9,1.0518
2004-06-04 22:00:00,22,Friday,2004-06,2.0,1016.0,10.0,,,948.0,22.4,41.0,1.1006
2004-06-04 23:00:00,23,Friday,2004-06,2.9,1120.0,13.1,,,1067.0,21.7,44.7,1.1451
2004-06-05 00:00:00,0,Saturday,2004-06,2.7,1076.0,12.9,,,1070.0,21.1,48.1,1.1864
2004-06-05 01:00:00,1,Saturday,2004-06,1.5,937.0,7.8,,,877.0,20.7,50.0,1.203
2004-06-05 02:00:00,2,Saturday,2004-06,1.6,980.0,9.2,,,1028.0,19.8,53.1,1.2093
2004-06-05 03:00:00,3,Saturday,2004-06,1.3,937.0,6.9,,,969.0,19.8,53.6,1.2214
2004-06-05 04:00:00,4,Saturday,2004-06,0.7,852.0,4.5,37.0,63.0,837.0,19.6,54.8,1.236
2004-06-05 05:00:00,5,Saturday,2004-06,0.7,858.0,4.9,57.0,71.0,904.0,19.3,57.3,1.265
2004-06-05 06:00:00,6,Saturday,2004-06,1.2,963.0,7.9,131.0,91.0,1065.0,19.7,58.4,1.3254
2004-06-05 07:00:00,7,Saturday,2004-06,1.5,966.0,7.4,171.0,95.0,999.0,19.8,59.4,1.3554
2004-06-05 08:00:00,8,Saturday,2004-06,1.5,983.0,8.0,187.0,96.0,986.0,20.9,54.8,1.3387
2004-06-05 09:00:00,9,Saturday,2004-06,1.6,990.0,7.6,133.0,81.0,874.0,22.4,47.9,1.2817
2004-06-05 10:00:00,10,Saturday,2004-06,1.1,891.0,5.3,87.0,68.0,689.0,24.1,41.3,1.2202
2004-06-05 11:00:00,11,Saturday,2004-06,1.1,883.0,5.3,61.0,57.0,608.0,25.9,36.9,1.2133
2004-06-05 12:00:00,12,Saturday,2004-06,1.4,914.0,8.0,86.0,68.0,706.0,30.7,26.0,1.1287
2004-06-05 13:00:00,13,Saturday,2004-06,1.4,896.0,8.4,83.0,72.0,704.0,30.3,25.2,1.0652
2004-06-05 14:00:00,14,Saturday,2004-06,1.0,841.0,6.0,61.0,62.0,609.0,30.1,25.4,1.0641
2004-06-05 15:00:00,15,Saturday,2004-06,1.3,926.0,7.3,80.0,75.0,687.0,27.6,35.1,1.2764
2004-06-05 16:00:00,16,Saturday,2004-06,1.9,1133.0,10.2,110.0,92.0,976.0,26.6,47.6,1.6315
2004-06-05 17:00:00,17,Saturday,2004-06,1.7,1042.0,9.0,108.0,89.0,860.0,30.4,31.3,1.3331
2004-06-05 18:00:00,18,Saturday,2004-06,2.3,1124.0,14.0,134.0,105.0,1021.0,27.8,35.0,1.282
2004-06-05 19:00:00,19,Saturday,2004-06,2.4,1157.0,16.1,133.0,111.0,1079.0,26.6,37.9,1.2994
2004-06-05 20:00:00,20,Saturday,2004-06,1.8,989.0,8.2,118.0,102.0,826.0,23.4,44.4,1.2646
2004-06-05 21:00:00,21,Saturday,2004-06,0.6,841.0,3.8,17.0,30.0,558.0,23.0,51.1,1.4175
2004-06-05 22:00:00,22,Saturday,2004-06,0.8,916.0,5.6,26.0,43.0,679.0,22.1,53.5,1.4087
2004-06-05 23:00:00,23,Saturday,2004-06,1.7,1008.0,8.0,55.0,67.0,850.0,21.6,53.6,1.3674
2004-06-06 00:00:00,0,Sunday,2004-06,1.1,895.0,5.6,39.0,58.0,733.0,21.9,52.7,1.365
2004-06-06 01:00:00,1,Sunday,2004-06,0.6,810.0,3.8,15.0,24.0,612.0,21.3,54.9,1.3707
2004-06-06 02:00:00,2,Sunday,2004-06,1.1,968.0,6.6,47.0,58.0,788.0,17.5,79.1,1.5709
2004-06-06 03:00:00,3,Sunday,2004-06,1.1,922.0,7.0,,,728.0,17.6,78.6,1.5722
2004-06-06 04:00:00,4,Sunday,2004-06,1.0,892.0,5.2,49.0,62.0,724.0,17.1,81.8,1.5816
2004-06-06 05:00:00,5,Sunday,2004-06,0.5,806.0,2.4,21.0,34.0,543.0,16.6,80.2,1.5002
2004-06-06 06:00:00,6,Sunday,2004-06,0.7,827.0,3.1,33.0,46.0,616.0,16.8,77.4,1.4739
2004-06-06 07:00:00,7,Sunday,2004-06,1.0,881.0,5.2,63.0,62.0,677.0,18.3,66.5,1.381
2004-06-06 08:00:00,8,Sunday,2004-06,1.2,877.0,5.9,73.0,70.0,723.0,20.4,55.8,1.3196
2004-06-06 09:00:00,9,Sunday,2004-06,0.7,784.0,2.8,51.0,54.0,529.0,21.6,45.3,1.1533
2004-06-06 10:00:00,10,Sunday,2004-06,0.9,806.0,3.4,61.0,61.0,528.0,23.1,39.4,1.0983
2004-06-06 11:00:00,11,Sunday,2004-06,0.8,775.0,3.0,52.0,53.0,491.0,25.4,31.6,1.0058
2004-06-06 12:00:00,12,Sunday,2004-06,0.8,773.0,3.4,49.0,49.0,489.0,26.6,29.0,0.9928
2004-06-06 13:00:00,13,Sunday,2004-06,0.5,734.0,2.3,40.0,48.0,450.0,25.9,28.8,0.9475
2004-06-06 14:00:00,14,Sunday,2004-06,0.5,757.0,2.7,36.0,45.0,451.0,27.0,28.0,0.981
2004-06-06 15:00:00,15,Sunday,2004-06,0.7,817.0,3.6,51.0,60.0,512.0,23.6,38.1,1.0917
2004-06-06 16:00:00,16,Sunday,2004-06,0.9,815.0,4.2,56.0,59.0,525.0,25.9,32.0,1.0529
2004-06-06 17:00:00,17,Sunday,2004-06,1.0,844.0,4.9,71.0,67.0,556.0,26.3,31.5,1.0643
2004-06-06 18:00:00,18,Sunday,2004-06,1.2,880.0,5.9,79.0,72.0,599.0,23.9,36.8,1.0774
2004-06-06 19:00:00,19,Sunday,2004-06,1.3,906.0,6.6,117.0,88.0,694.0,23.7,36.8,1.0609
2004-06-06 20:00:00,20,Sunday,2004-06,1.6,904.0,7.6,127.0,94.0,744.0,22.5,37.8,1.0157
2004-06-06 21:00:00,21,Sunday,2004-06,1.4,877.0,7.0,118.0,89.0,724.0,21.8,39.2,1.0115
2004-06-06 22:00:00,22,Sunday,2004-06,1.7,918.0,7.5,130.0,96.0,804.0,20.9,42.6,1.04
2004-06-06 23:00:00,23,Sunday,2004-06,1.7,930.0,8.4,131.0,98.0,862.0,20.0,45.6,1.0555
2004-06-07 00:00:00,0,Monday,2004-06,1.4,870.0,7.0,102.0,95.0,811.0,19.3,47.9,1.059
2004-06-07 01:00:00,1,Monday,2004-06,0.8,793.0,3.9,48.0,64.0,627.0,18.7,49.0,1.0462
2004-06-07 02:00:00,2,Monday,2004-06,0.4,760.0,2.6,22.0,38.0,575.0,17.8,54.1,1.0938
2004-06-07 03:00:00,3,Monday,2004-06,0.3,733.0,2.0,,,589.0,18.6,52.7,1.1206
2004-06-07 04:00:00,4,Monday,2004-06,,726.0,2.1,22.0,34.0,579.0,17.2,57.9,1.127
2004-06-07 05:00:00,5,Monday,2004-06,0.5,732.0,2.4,44.0,40.0,605.0,18.2,54.1,1.1155
2004-06-07 06:00:00,6,Monday,2004-06,1.5,933.0,9.6,167.0,76.0,974.0,17.3,57.6,1.1289
2004-06-07 07:00:00,7,Monday,2004-06,2.6,1061.0,15.4,220.0,90.0,1132.0,19.9,49.4,1.1354
2004-06-07 08:00:00,8,Monday,2004-06,4.3,1201.0,25.0,285.0,118.0,1378.0,21.7,44.2,1.1321
2004-06-07 09:00:00,9,Monday,2004-06,3.1,1065.0,15.1,272.0,118.0,1160.0,23.5,40.0,1.1386
2004-06-07 10:00:00,10,Monday,2004-06,2.9,1075.0,17.4,238.0,122.0,1213.0,28.4,29.7,1.1345
2004-06-07 11:00:00,11,Monday,2004-06,2.5,998.0,14.1,207.0,120.0,1057.0,31.6,24.1,1.0994
2004-06-07 12:00:00,12,Monday,2004-06,1.9,922.0,11.8,152.0,132.0,832.0,31.3,24.1,1.0816
2004-06-07 13:00:00,13,Monday,2004-06,2.5,1023.0,14.9,185.0,115.0,983.0,34.4,20.4,1.0857
2004-06-07 14:00:00,14,Monday,2004-06,2.5,1039.0,16.0,184.0,127.0,1047.0,33.7,21.3,1.0988
2004-06-07 15:00:00,15,Monday,2004-06,2.8,1054.0,16.5,205.0,126.0,1078.0,35.9,18.9,1.0999
2004-06-07 16:00:00,16,Monday,2004-06,2.3,1022.0,15.2,172.0,113.0,979.0,34.3,19.4,1.0279
2004-06-07 17:00:00,17,Monday,2004-06,3.3,1082.0,18.9,227.0,124.0,1139.0,33.5,19.9,1.0112
2004-06-07 18:00:00,18,Monday,2004-06,2.8,1056.0,19.0,187.0,108.0,1111.0,30.5,24.2,1.0386
2004-06-07 19:00:00,19,Monday,2004-06,4.8,1243.0,28.9,290.0,142.0,1470.0,30.3,26.2,1.1161
2004-06-07 20:00:00,20,Monday,2004-06,2.5,1029.0,13.4,155.0,125.0,980.0,27.0,36.7,1.2898
2004-06-07 21:00:00,21,Monday,2004-06,2.0,1004.0,10.9,108.0,116.0,893.0,24.6,41.9,1.2752
2004-06-07 22:00:00,22,Monday,2004-06,1.8,979.0,8.9,94.0,101.0,858.0,23.3,44.5,1.2566
2004-06-07 23:00:00,23,Monday,2004-06,1.7,972.0,8.5,103.0,101.0,904.0,22.4,46.9,1.2544
2004-06-08 00:00:00,0,Tuesday,2004-06,1.3,942.0,6.7,78.0,92.0,905.0,21.7,50.8,1.3019
2004-06-08 01:00:00,1,Tuesday,2004-06,0.7,825.0,4.2,38.0,55.0,678.0,21.0,51.9,1.2794
2004-06-08 02:00:00,2,Tuesday,2004-06,0.5,780.0,2.5,26.0,42.0,586.0,20.5,54.3,1.2926
2004-06-08 03:00:00,3,Tuesday,2004-06,0.4,746.0,1.7,,,608.0,20.9,52.5,1.2852
2004-06-08 04:00:00,4,Tuesday,2004-06,0.3,734.0,1.4,19.0,30.0,514.0,21.0,53.1,1.3031
2004-06-08 05:00:00,5,Tuesday,2004-06,0.5,785.0,2.8,35.0,40.0,588.0,19.6,57.1,1.2851
2004-06-08 06:00:00,6,Tuesday,2004-06,1.4,946.0,8.8,126.0,69.0,884.0,18.2,62.3,1.2903
2004-06-08 07:00:00,7,Tuesday,2004-06,3.3,1201.0,19.4,309.0,100.0,1338.0,19.5,57.7,1.2966
2004-06-08 08:00:00,8,Tuesday,2004-06,5.8,1377.0,36.1,376.0,125.0,1708.0,21.6,51.7,1.313
2004-06-08 09:00:00,9,Tuesday,2004-06,5.0,1346.0,27.1,441.0,174.0,1681.0,23.9,44.4,1.3029
2004-06-08 10:00:00,10,Tuesday,2004-06,3.5,1230.0,19.0,309.0,171.0,1509.0,28.1,35.2,1.312
2004-06-08 11:00:00,11,Tuesday,2004-06,2.9,1160.0,16.9,220.0,149.0,1330.0,31.4,28.6,1.298
2004-06-08 12:00:00,12,Tuesday,2004-06,2.5,1146.0,15.7,168.0,124.0,1138.0,33.7,25.5,1.3095
2004-06-08 13:00:00,13,Tuesday,2004-06,2.3,1078.0,14.1,149.0,119.0,963.0,35.9,20.8,1.2103
2004-06-08 14:00:00,14,Tuesday,2004-06,2.4,1111.0,16.5,160.0,130.0,1015.0,37.5,18.1,1.1529
2004-06-08 15:00:00,15,Tuesday,2004-06,2.6,1083.0,14.8,177.0,143.0,1008.0,37.7,17.7,1.1383
2004-06-08 16:00:00,16,Tuesday,2004-06,2.2,1056.0,13.0,,,898.0,37.8,17.4,1.1219
2004-06-08 17:00:00,17,Tuesday,2004-06,3.5,1220.0,21.4,176.0,183.0,1215.0,36.6,20.6,1.2445
2004-06-08 18:00:00,18,Tuesday,2004-06,3.9,1268.0,23.6,202.0,161.0,1334.0,32.5,26.0,1.2502
2004-06-08 19:00:00,19,Tuesday,2004-06,4.5,1256.0,25.0,255.0,170.0,1380.0,30.8,27.2,1.1832
2004-06-08 20:00:00,20,Tuesday,2004-06,3.8,1213.0,21.6,210.0,143.0,1601.0,28.8,30.2,1.1761
2004-06-08 21:00:00,21,Tuesday,2004-06,2.8,1145.0,15.7,157.0,123.0,1376.0,26.7,35.4,1.2233
2004-06-08 22:00:00,22,Tuesday,2004-06,1.7,1050.0,10.9,96.0,89.0,1161.0,25.3,40.7,1.291
2004-06-08 23:00:00,23,Tuesday,2004-06,1.2,972.0,8.1,59.0,67.0,878.0,24.9,41.2,1.2809
2004-06-09 00:00:00,0,Wednesday,2004-06,1.6,1020.0,10.2,81.0,81.0,1031.0,23.7,45.1,1.3033
2004-06-09 01:00:00,1,Wednesday,2004-06,1.0,934.0,7.5,40.0,54.0,847.0,22.5,49.0,1.3151
2004-06-09 02:00:00,2,Wednesday,2004-06,0.9,914.0,5.8,42.0,57.0,908.0,22.3,50.6,1.3486
2004-06-09 03:00:00,3,Wednesday,2004-06,0.5,824.0,3.8,,,733.0,22.0,50.5,1.3199
2004-06-09 04:00:00,4,Wednesday,2004-06,0.5,817.0,3.3,31.0,51.0,751.0,20.8,54.4,1.3229
2004-06-09 05:00:00,5,Wednesday,2004-06,0.5,833.0,4.0,54.0,58.0,799.0,20.3,56.0,1.3204
2004-06-09 06:00:00,6,Wednesday,2004-06,1.0,935.0,8.1,88.0,69.0,954.0,20.5,54.8,1.3073
2004-06-09 07:00:00,7,Wednesday,2004-06,3.5,1297.0,22.3,261.0,107.0,1425.0,21.7,50.6,1.2981
2004-06-09 08:00:00,8,Wednesday,2004-06,6.4,1496.0,36.9,357.0,151.0,2147.0,23.4,46.1,1.3091
2004-06-09 09:00:00,9,Wednesday,2004-06,2.9,1201.0,17.5,265.0,146.0,1532.0,25.1,43.0,1.3488
2004-06-09 10:00:00,10,Wednesday,2004-06,3.4,1267.0,19.3,247.0,165.0,1570.0,30.1,32.8,1.3795
2004-06-09 11:00:00,11,Wednesday,2004-06,2.8,1224.0,17.6,189.0,159.0,1380.0,34.7,25.9,1.4069
2004-06-09 12:00:00,12,Wednesday,2004-06,2.8,1247.0,18.6,168.0,174.0,1337.0,37.2,23.2,1.4478
2004-06-09 13:00:00,13,Wednesday,2004-06,2.8,1183.0,18.0,183.0,167.0,1308.0,39.5,18.3,1.2917
2004-06-09 14:00:00,14,Wednesday,2004-06,2.3,1078.0,14.0,157.0,137.0,1013.0,40.6,15.3,1.1485
2004-06-09 15:00:00,15,Wednesday,2004-06,1.8,1076.0,10.9,113.0,116.0,816.0,40.3,16.1,1.1896
2004-06-09 16:00:00,16,Wednesday,2004-06,2.0,1052.0,11.1,140.0,125.0,836.0,40.3,14.2,1.0494
2004-06-09 17:00:00,17,Wednesday,2004-06,3.5,1287.0,21.6,230.0,194.0,1267.0,39.6,16.7,1.1867
2004-06-09 18:00:00,18,Wednesday,2004-06,4.9,1460.0,27.6,277.0,222.0,1649.0,37.3,23.4,1.4672
2004-06-09 19:00:00,19,Wednesday,2004-06,4.6,1357.0,25.6,295.0,206.0,1622.0,33.7,27.7,1.4213
2004-06-09 20:00:00,20,Wednesday,2004-06,3.4,1234.0,18.6,212.0,162.0,1349.0,30.7,32.2,1.3983
2004-06-09 21:00:00,21,Wednesday,2004-06,2.7,1151.0,15.2,151.0,132.0,1186.0,28.4,35.7,1.3549
2004-06-09 22:00:00,22,Wednesday,2004-06,1.9,1065.0,11.7,110.0,107.0,1026.0,26.5,38.6,1.3154
2004-06-09 23:00:00,23,Wednesday,2004-06,1.5,984.0,8.7,83.0,84.0,817.0,25.4,40.1,1.2822
2004-06-10 00:00:00,0,Thursday,2004-06,1.0,938.0,7.6,48.0,61.0,662.0,24.1,43.3,1.2839
2004-06-10 01:00:00,1,Thursday,2004-06,0.7,878.0,5.2,27.0,42.0,552.0,23.9,45.6,1.3328
2004-06-10 02:00:00,2,Thursday,2004-06,1.0,919.0,5.9,48.0,66.0,775.0,22.0,52.8,1.3752
2004-06-10 03:00:00,3,Thursday,2004-06,0.6,836.0,4.0,,,646.0,20.7,56.1,1.3565
2004-06-10 04:00:00,4,Thursday,2004-06,,814.0,3.3,33.0,50.0,647.0,20.1,57.3,1.3352
2004-06-10 05:00:00,5,Thursday,2004-06,0.9,872.0,5.4,75.0,76.0,874.0,19.5,59.4,1.3328
2004-06-10 06:00:00,6,Thursday,2004-06,1.2,949.0,8.7,101.0,78.0,973.0,20.0,56.6,1.3095
2004-06-10 07:00:00,7,Thursday,2004-06,2.9,1227.0,19.9,214.0,104.0,1327.0,21.7,53.9,1.3848
2004-06-10 08:00:00,8,Thursday,2004-06,4.8,1360.0,30.4,290.0,139.0,1626.0,23.7,49.0,1.4152
2004-06-10 09:00:00,9,Thursday,2004-06,4.3,1318.0,24.6,311.0,166.0,1640.0,25.9,44.3,1.4544
2004-06-10 10:00:00,10,Thursday,2004-06,3.1,1196.0,16.9,234.0,151.0,1341.0,30.1,34.3,1.4414
2004-06-10 11:00:00,11,Thursday,2004-06,2.4,1152.0,13.6,157.0,134.0,1113.0,33.5,27.2,1.3859
2004-06-10 12:00:00,12,Thursday,2004-06,2.8,1220.0,15.3,165.0,148.0,1224.0,35.4,26.1,1.4806
2004-06-10 13:00:00,13,Thursday,2004-06,2.5,1182.0,14.1,137.0,126.0,1095.0,37.9,23.2,1.502
2004-06-10 14:00:00,14,Thursday,2004-06,2.6,1167.0,17.0,149.0,144.0,1152.0,39.7,18.7,1.3306
2004-06-10 15:00:00,15,Thursday,2004-06,2.3,1142.0,13.8,140.0,133.0,1047.0,40.4,17.2,1.2774
2004-06-10 16:00:00,16,Thursday,2004-06,2.4,1157.0,13.6,139.0,139.0,982.0,40.0,18.8,1.363
2004-06-10 17:00:00,17,Thursday,2004-06,3.5,1274.0,21.2,221.0,178.0,1320.0,38.9,18.8,1.29
2004-06-10 18:00:00,18,Thursday,2004-06,4.8,1372.0,25.9,318.0,206.0,1541.0,35.8,22.1,1.2792
2004-06-10 19:00:00,19,Thursday,2004-06,5.1,1373.0,25.4,363.0,211.0,1510.0,33.1,25.9,1.2923
2004-06-10 20:00:00,20,Thursday,2004-06,4.7,1290.0,23.6,341.0,180.0,1511.0,30.9,28.2,1.2388
2004-06-10 21:00:00,21,Thursday,2004-06,2.4,1056.0,12.0,163.0,116.0,1078.0,27.5,32.6,1.176
2004-06-10 22:00:00,22,Thursday,2004-06,2.5,1116.0,14.2,157.0,118.0,1235.0,26.3,34.3,1.1605
2004-06-10 23:00:00,23,Thursday,2004-06,2.7,1106.0,14.2,202.0,115.0,1202.0,25.5,34.1,1.0968
2004-06-11 00:00:00,0,Friday,2004-06,1.5,1018.0,10.4,102.0,96.0,1103.0,24.7,39.3,1.2065
2004-06-11 01:00:00,1,Friday,2004-06,1.1,919.0,7.5,70.0,86.0,1013.0,24.2,39.5,1.1764
2004-06-11 02:00:00,2,Friday,2004-06,0.6,807.0,3.5,41.0,65.0,765.0,24.8,37.8,1.1639
2004-06-11 03:00:00,3,Friday,2004-06,0.5,787.0,2.5,,,618.0,22.7,43.8,1.1952
2004-06-11 04:00:00,4,Friday,2004-06,0.4,789.0,2.6,36.0,53.0,663.0,22.0,44.3,1.1553
2004-06-11 05:00:00,5,Friday,2004-06,0.6,825.0,4.0,68.0,74.0,813.0,19.3,51.4,1.1364
2004-06-11 06:00:00,6,Friday,2004-06,1.0,912.0,7.0,92.0,69.0,894.0,19.8,50.4,1.1525
2004-06-11 07:00:00,7,Friday,2004-06,4.6,1339.0,24.8,332.0,131.0,1495.0,20.5,48.2,1.1474
2004-06-11 08:00:00,8,Friday,2004-06,4.8,1355.0,28.9,333.0,134.0,1658.0,22.8,42.7,1.1667
2004-06-11 09:00:00,9,Friday,2004-06,4.0,1250.0,21.5,298.0,148.0,1506.0,25.6,35.8,1.1548
2004-06-11 10:00:00,10,Friday,2004-06,,1105.0,12.9,,,1168.0,30.0,27.5,1.1509
2004-06-11 11:00:00,11,Friday,2004-06,2.0,1076.0,12.2,146.0,,993.0,34.4,21.0,1.1248
2004-06-11 12:00:00,12,Friday,2004-06,2.0,1096.0,13.1,120.0,111.0,910.0,35.9,19.6,1.1422
2004-06-11 13:00:00,13,Friday,2004-06,2.0,1093.0,13.3,108.0,110.0,912.0,37.2,18.2,1.1389
2004-06-11 14:00:00,14,Friday,2004-06,1.9,1027.0,12.5,109.0,110.0,814.0,37.3,16.6,1.0435
2004-06-11 15:00:00,15,Friday,2004-06,1.9,1026.0,13.0,124.0,116.0,1341.0,37.4,14.9,0.9413
2004-06-11 16:00:00,16,Friday,2004-06,1.9,1015.0,12.3,127.0,120.0,847.0,36.4,15.1,0.9005
2004-06-11 17:00:00,17,Friday,2004-06,2.6,1028.0,15.2,185.0,142.0,925.0,35.4,14.7,0.8323
2004-06-11 18:00:00,18,Friday,2004-06,3.2,1074.0,19.1,230.0,146.0,1087.0,34.2,14.2,0.7502
2004-06-11 19:00:00,19,Friday,2004-06,3.4,1124.0,19.7,265.0,153.0,1132.0,31.1,18.7,0.8302
2004-06-11 20:00:00,20,Friday,2004-06,3.4,1111.0,18.6,261.0,158.0,1197.0,29.1,22.0,0.8702
2004-06-11 21:00:00,21,Friday,2004-06,2.9,1062.0,16.1,219.0,140.0,1229.0,27.2,22.5,0.7962
2004-06-11 22:00:00,22,Friday,2004-06,2.7,1072.0,15.0,180.0,127.0,1171.0,25.3,24.6,0.7796
2004-06-11 23:00:00,23,Friday,2004-06,1.3,936.0,7.3,108.0,97.0,921.0,24.9,27.2,0.8429
2004-06-12 00:00:00,0,Saturday,2004-06,1.3,988.0,8.9,98.0,91.0,1008.0,23.5,32.2,0.922
2004-06-12 01:00:00,1,Saturday,2004-06,0.9,924.0,6.6,57.0,68.0,849.0,23.5,32.7,0.9349
2004-06-12 02:00:00,2,Saturday,2004-06,0.6,839.0,4.3,36.0,52.0,668.0,24.1,32.0,0.9467
2004-06-12 03:00:00,3,Saturday,2004-06,0.5,826.0,3.2,,,641.0,22.6,34.8,0.9441
2004-06-12 04:00:00,4,Saturday,2004-06,0.5,853.0,4.1,45.0,58.0,707.0,20.8,40.2,0.9725
2004-06-12 05:00:00,5,Saturday,2004-06,0.9,918.0,6.0,87.0,78.0,939.0,18.8,46.6,1.0027
2004-06-12 06:00:00,6,Saturday,2004-06,0.7,890.0,5.6,62.0,61.0,886.0,19.8,46.0,1.0524
2004-06-12 07:00:00,7,Saturday,2004-06,0.6,865.0,4.8,65.0,64.0,837.0,21.3,42.3,1.0625
2004-06-12 08:00:00,8,Saturday,2004-06,1.3,1003.0,8.9,125.0,81.0,1005.0,21.3,41.8,1.0449
2004-06-12 09:00:00,9,Saturday,2004-06,1.9,1123.0,13.1,157.0,92.0,1191.0,24.0,36.6,1.0772
2004-06-12 10:00:00,10,Saturday,2004-06,2.1,1146.0,14.1,171.0,101.0,1200.0,27.2,30.7,1.0884
2004-06-12 11:00:00,11,Saturday,2004-06,1.8,1110.0,11.2,119.0,96.0,971.0,32.3,23.6,1.1271
2004-06-12 12:00:00,12,Saturday,2004-06,1.8,1126.0,10.0,110.0,101.0,907.0,31.9,25.8,1.2023
2004-06-12 13:00:00,13,Saturday,2004-06,1.6,1067.0,9.6,95.0,91.0,802.0,35.1,21.8,1.2093
2004-06-12 14:00:00,14,Saturday,2004-06,1.2,1008.0,7.2,58.0,68.0,695.0,36.0,20.5,1.1995
2004-06-12 15:00:00,15,Saturday,2004-06,1.2,1062.0,8.6,69.0,76.0,777.0,37.0,20.1,1.2423
2004-06-12 16:00:00,16,Saturday,2004-06,1.4,1082.0,9.0,76.0,84.0,818.0,36.4,21.0,1.2515
2004-06-12 17:00:00,17,Saturday,2004-06,1.3,1042.0,7.9,63.0,76.0,681.0,35.2,22.6,1.267
2004-06-12 18:00:00,18,Saturday,2004-06,1.1,1022.0,6.2,51.0,61.0,631.0,32.5,27.6,1.3229
2004-06-12 19:00:00,19,Saturday,2004-06,1.1,1024.0,6.3,46.0,52.0,641.0,29.1,35.1,1.3919
2004-06-12 20:00:00,20,Saturday,2004-06,1.1,1048.0,6.3,52.0,59.0,683.0,26.9,39.7,1.3898
2004-06-12 21:00:00,21,Saturday,2004-06,1.8,1153.0,11.2,84.0,89.0,1013.0,26.1,42.2,1.4039
2004-06-12 22:00:00,22,Saturday,2004-06,2.3,1195.0,12.8,130.0,113.0,1151.0,25.5,43.8,1.4095
2004-06-12 23:00:00,23,Saturday,2004-06,2.6,1245.0,13.2,147.0,112.0,1134.0,24.9,45.6,1.4135
2004-06-13 00:00:00,0,Sunday,2004-06,2.0,1086.0,9.2,126.0,89.0,945.0,25.2,45.2,1.4262
2004-06-13 01:00:00,1,Sunday,2004-06,1.0,972.0,5.8,47.0,53.0,734.0,25.4,45.5,1.457
2004-06-13 02:00:00,2,Sunday,2004-06,0.6,880.0,3.4,24.0,36.0,554.0,26.2,43.6,1.4599
2004-06-13 03:00:00,3,Sunday,2004-06,0.6,906.0,4.1,,,612.0,24.3,48.2,1.4476
2004-06-13 04:00:00,4,Sunday,2004-06,0.5,879.0,3.1,25.0,39.0,564.0,24.4,48.3,1.4499
2004-06-13 05:00:00,5,Sunday,2004-06,0.4,842.0,2.2,21.0,33.0,512.0,23.3,51.0,1.4346
2004-06-13 06:00:00,6,Sunday,2004-06,0.4,797.0,1.5,25.0,37.0,410.0,21.6,48.1,1.2259
2004-06-13 07:00:00,7,Sunday,2004-06,0.4,796.0,1.3,25.0,36.0,392.0,21.4,47.8,1.2005
2004-06-13 08:00:00,8,Sunday,2004-06,0.4,767.0,1.2,30.0,42.0,377.0,20.5,46.8,1.1152
2004-06-13 09:00:00,9,Sunday,2004-06,0.5,784.0,1.7,42.0,52.0,389.0,20.8,40.7,0.9882
2004-06-13 10:00:00,10,Sunday,2004-06,0.6,811.0,2.5,52.0,60.0,432.0,22.3,35.3,0.9371
2004-06-13 11:00:00,11,Sunday,2004-06,0.7,838.0,2.5,62.0,74.0,502.0,21.7,38.3,0.9842
2004-06-13 12:00:00,12,Sunday,2004-06,0.7,821.0,2.7,67.0,65.0,469.0,24.4,29.6,0.8921
2004-06-13 13:00:00,13,Sunday,2004-06,0.6,793.0,1.9,47.0,52.0,427.0,23.4,34.9,0.991
2004-06-13 14:00:00,14,Sunday,2004-06,0.5,794.0,1.8,35.0,40.0,406.0,23.5,35.2,1.0019
2004-06-13 15:00:00,15,Sunday,2004-06,0.6,821.0,2.4,45.0,49.0,430.0,22.4,39.0,1.04
2004-06-13 16:00:00,16,Sunday,2004-06,0.8,849.0,2.6,53.0,56.0,453.0,22.0,41.7,1.0865
2004-06-13 17:00:00,17,Sunday,2004-06,0.8,852.0,3.0,57.0,59.0,470.0,21.7,42.7,1.0949
2004-06-13 18:00:00,18,Sunday,2004-06,1.0,847.0,2.9,71.0,68.0,480.0,20.7,43.4,1.047
2004-06-13 19:00:00,19,Sunday,2004-06,1.0,849.0,3.5,67.0,72.0,472.0,20.3,42.6,1.0045
2004-06-13 20:00:00,20,Sunday,2004-06,1.0,865.0,3.6,75.0,78.0,521.0,20.3,44.1,1.0392
2004-06-13 21:00:00,21,Sunday,2004-06,0.9,848.0,3.6,65.0,71.0,520.0,20.1,45.2,1.0538
2004-06-13 22:00:00,22,Sunday,2004-06,0.7,807.0,2.3,45.0,54.0,440.0,19.8,45.7,1.0424
2004-06-13 23:00:00,23,Sunday,2004-06,0.8,814.0,2.6,46.0,57.0,446.0,19.6,45.3,1.0244
2004-06-14 00:00:00,0,Monday,2004-06,0.7,785.0,2.0,33.0,45.0,417.0,19.4,45.9,1.0242
2004-06-14 01:00:00,1,Monday,2004-06,0.5,748.0,1.2,19.0,30.0,381.0,19.7,44.8,1.0172
2004-06-14 02:00:00,2,Monday,2004-06,0.3,716.0,0.7,9.0,16.0,350.0,19.5,46.3,1.0363
2004-06-14 03:00:00,3,Monday,2004-06,0.3,708.0,0.5,,,334.0,19.0,49.0,1.063
2004-06-14 04:00:00,4,Monday,2004-06,,724.0,0.5,12.0,18.0,346.0,19.1,50.7,1.109
2004-06-14 05:00:00,5,Monday,2004-06,0.3,748.0,0.8,21.0,28.0,380.0,19.1,52.7,1.1545
2004-06-14 06:00:00,6,Monday,2004-06,0.7,888.0,3.5,66.0,62.0,563.0,20.3,49.3,1.1596
2004-06-14 07:00:00,7,Monday,2004-06,1.5,973.0,7.0,137.0,92.0,779.0,21.1,46.2,1.1389
2004-06-14 08:00:00,8,Monday,2004-06,1.8,993.0,8.7,151.0,96.0,842.0,21.5,44.5,1.129
2004-06-14 09:00:00,9,Monday,2004-06,1.4,929.0,6.3,115.0,87.0,692.0,22.4,43.6,1.1637
2004-06-14 10:00:00,10,Monday,2004-06,1.5,962.0,7.0,118.0,84.0,779.0,24.8,39.1,1.2039
2004-06-14 11:00:00,11,Monday,2004-06,1.2,906.0,5.5,95.0,73.0,633.0,23.9,42.1,1.2335
2004-06-14 12:00:00,12,Monday,2004-06,1.2,915.0,5.3,86.0,72.0,616.0,25.5,38.3,1.2328
2004-06-14 13:00:00,13,Monday,2004-06,1.3,928.0,5.5,85.0,68.0,606.0,25.4,39.2,1.2534
2004-06-14 14:00:00,14,Monday,2004-06,1.0,855.0,3.8,66.0,62.0,526.0,25.6,37.0,1.2006
2004-06-14 15:00:00,15,Monday,2004-06,1.4,920.0,5.4,74.0,70.0,588.0,24.5,38.4,1.1669
2004-06-14 16:00:00,16,Monday,2004-06,1.6,917.0,6.7,108.0,83.0,674.0,23.9,39.9,1.1639
2004-06-14 17:00:00,17,Monday,2004-06,2.7,1072.0,12.2,150.0,92.0,885.0,24.2,39.2,1.1665
2004-06-14 18:00:00,18,Monday,2004-06,2.3,1000.0,10.2,157.0,103.0,879.0,23.5,41.2,1.1759
2004-06-14 19:00:00,19,Monday,2004-06,1.5,914.0,6.7,93.0,82.0,703.0,22.3,44.9,1.1973
2004-06-14 20:00:00,20,Monday,2004-06,1.4,888.0,5.7,76.0,74.0,637.0,21.7,46.5,1.1917
2004-06-14 21:00:00,21,Monday,2004-06,1.0,851.0,4.1,57.0,67.0,561.0,22.0,44.9,1.1699
2004-06-14 22:00:00,22,Monday,2004-06,1.1,870.0,4.7,64.0,74.0,612.0,22.2,44.1,1.1654
2004-06-14 23:00:00,23,Monday,2004-06,1.2,883.0,5.2,59.0,72.0,621.0,21.8,45.6,1.1763
2004-06-15 00:00:00,0,Tuesday,2004-06,1.2,886.0,5.1,68.0,79.0,702.0,21.6,46.0,1.1742
2004-06-15 01:00:00,1,Tuesday,2004-06,0.7,792.0,2.8,31.0,43.0,559.0,21.6,45.8,1.1715
2004-06-15 02:00:00,2,Tuesday,2004-06,0.5,754.0,1.4,21.0,33.0,435.0,20.7,48.3,1.168
2004-06-15 03:00:00,3,Tuesday,2004-06,0.4,732.0,1.0,,,441.0,21.0,47.1,1.1546
2004-06-15 04:00:00,4,Tuesday,2004-06,0.4,770.0,2.0,24.0,38.0,527.0,20.8,48.5,1.18
2004-06-15 05:00:00,5,Tuesday,2004-06,0.5,797.0,3.0,38.0,51.0,720.0,20.8,49.4,1.1994
2004-06-15 06:00:00,6,Tuesday,2004-06,1.0,915.0,7.5,92.0,69.0,937.0,19.9,51.8,1.1911
2004-06-15 07:00:00,7,Tuesday,2004-06,4.4,1287.0,24.7,311.0,116.0,1482.0,20.9,49.3,1.2049
2004-06-15 08:00:00,8,Tuesday,2004-06,4.0,1195.0,24.8,260.0,119.0,1489.0,23.7,39.9,1.1508
2004-06-15 09:00:00,9,Tuesday,2004-06,2.4,1003.0,10.9,181.0,96.0,1015.0,25.3,35.8,1.1421
2004-06-15 10:00:00,10,Tuesday,2004-06,2.1,1037.0,11.9,177.0,109.0,1004.0,28.8,29.1,1.1349
2004-06-15 11:00:00,11,Tuesday,2004-06,2.7,1114.0,16.0,180.0,115.0,1129.0,30.3,26.9,1.1399
2004-06-15 12:00:00,12,Tuesday,2004-06,2.8,1085.0,15.7,174.0,118.0,1068.0,32.8,23.3,1.138
2004-06-15 13:00:00,13,Tuesday,2004-06,2.3,1024.0,13.1,140.0,118.0,924.0,33.9,21.4,1.1135
2004-06-15 14:00:00,14,Tuesday,2004-06,2.0,1017.0,12.2,122.0,112.0,861.0,35.3,19.6,1.1036
2004-06-15 15:00:00,15,Tuesday,2004-06,2.6,1053.0,15.8,189.0,140.0,981.0,34.0,20.8,1.0898
2004-06-15 16:00:00,16,Tuesday,2004-06,2.7,1065.0,16.6,169.0,137.0,1043.0,35.3,18.8,1.0572
2004-06-15 17:00:00,17,Tuesday,2004-06,3.1,1136.0,18.4,172.0,143.0,1124.0,32.6,24.1,1.1688
2004-06-15 18:00:00,18,Tuesday,2004-06,3.1,1100.0,16.7,154.0,148.0,1004.0,30.8,28.7,1.2507
2004-06-15 19:00:00,19,Tuesday,2004-06,3.6,1143.0,20.8,192.0,158.0,1190.0,28.7,31.2,1.2099
2004-06-15 20:00:00,20,Tuesday,2004-06,2.9,1083.0,15.3,160.0,127.0,1072.0,26.8,35.1,1.2201
2004-06-15 21:00:00,21,Tuesday,2004-06,2.2,1009.0,11.5,110.0,109.0,925.0,25.3,39.4,1.2524
2004-06-15 22:00:00,22,Tuesday,2004-06,2.0,969.0,10.1,97.0,101.0,862.0,23.9,40.9,1.1966
2004-06-15 23:00:00,23,Tuesday,2004-06,2.1,1029.0,10.4,124.0,114.0,969.0,23.0,44.4,1.2354
2004-06-16 00:00:00,0,Wednesday,2004-06,1.9,1064.0,9.4,108.0,104.0,932.0,22.2,53.9,1.4237
2004-06-16 01:00:00,1,Wednesday,2004-06,1.4,986.0,6.9,61.0,81.0,794.0,20.9,59.8,1.4659
2004-06-16 02:00:00,2,Wednesday,2004-06,0.8,872.0,4.0,34.0,51.0,599.0,21.3,58.1,1.457
2004-06-16 03:00:00,3,Wednesday,2004-06,0.6,840.0,3.0,,,614.0,20.8,58.4,1.4189
2004-06-16 04:00:00,4,Wednesday,2004-06,0.6,812.0,2.6,24.0,40.0,625.0,20.3,58.9,1.3878
2004-06-16 05:00:00,5,Wednesday,2004-06,0.5,810.0,2.4,27.0,34.0,595.0,21.3,54.5,1.3682
2004-06-16 06:00:00,6,Wednesday,2004-06,1.0,936.0,6.8,70.0,61.0,886.0,20.6,57.4,1.3753
2004-06-16 07:00:00,7,Wednesday,2004-06,2.7,1244.0,18.9,176.0,95.0,1257.0,21.3,56.9,1.4226
2004-06-16 08:00:00,8,Wednesday,2004-06,5.0,1440.0,30.2,310.0,142.0,1561.0,22.9,52.4,1.4442
2004-06-16 09:00:00,9,Wednesday,2004-06,3.3,1180.0,14.9,221.0,128.0,1191.0,24.1,46.5,1.3802
2004-06-16 10:00:00,10,Wednesday,2004-06,2.4,1126.0,12.2,168.0,115.0,1061.0,27.1,38.8,1.3705
2004-06-16 11:00:00,11,Wednesday,2004-06,1.7,1005.0,8.3,109.0,84.0,751.0,28.4,34.4,1.314
2004-06-16 12:00:00,12,Wednesday,2004-06,1.7,1032.0,9.0,102.0,85.0,733.0,30.1,30.9,1.2958
2004-06-16 13:00:00,13,Wednesday,2004-06,2.4,1087.0,13.7,129.0,110.0,906.0,32.7,25.8,1.2547
2004-06-16 14:00:00,14,Wednesday,2004-06,2.2,1090.0,14.1,117.0,107.0,902.0,32.4,25.7,1.2271
2004-06-16 15:00:00,15,Wednesday,2004-06,2.2,1072.0,12.0,112.0,107.0,836.0,33.6,24.4,1.2472
2004-06-16 16:00:00,16,Wednesday,2004-06,2.3,1101.0,12.2,122.0,113.0,863.0,33.0,26.0,1.2877
2004-06-16 17:00:00,17,Wednesday,2004-06,2.6,1111.0,13.1,114.0,107.0,824.0,33.2,23.7,1.1855
2004-06-16 18:00:00,18,Wednesday,2004-06,2.3,1048.0,12.6,111.0,106.0,842.0,31.3,25.4,1.1415
2004-06-16 19:00:00,19,Wednesday,2004-06,3.3,1197.0,18.3,158.0,125.0,1132.0,28.3,31.7,1.1968
2004-06-16 20:00:00,20,Wednesday,2004-06,3.5,1173.0,17.2,202.0,139.0,1175.0,26.5,35.0,1.1981
2004-06-16 21:00:00,21,Wednesday,2004-06,2.5,1075.0,12.9,166.0,117.0,1111.0,24.4,40.0,1.2079
2004-06-16 22:00:00,22,Wednesday,2004-06,2.5,1067.0,13.7,143.0,107.0,1125.0,23.3,43.4,1.2251
2004-06-16 23:00:00,23,Wednesday,2004-06,2.4,1060.0,13.4,122.0,98.0,1077.0,22.5,45.3,1.2226
2004-06-17 00:00:00,0,Thursday,2004-06,2.5,1081.0,13.5,113.0,97.0,1087.0,21.8,47.8,1.2325
2004-06-17 01:00:00,1,Thursday,2004-06,2.1,1017.0,9.9,109.0,95.0,1014.0,20.9,51.0,1.2446
2004-06-17 02:00:00,2,Thursday,2004-06,1.0,836.0,4.4,53.0,68.0,801.0,20.8,51.7,1.2572
2004-06-17 03:00:00,3,Thursday,2004-06,0.8,831.0,4.3,,,802.0,19.3,57.1,1.2661
2004-06-17 04:00:00,4,Thursday,2004-06,,804.0,3.3,32.0,51.0,753.0,18.8,58.6,1.2581
2004-06-17 05:00:00,5,Thursday,2004-06,0.5,798.0,3.4,35.0,44.0,696.0,20.2,53.8,1.2569
2004-06-17 06:00:00,6,Thursday,2004-06,1.3,966.0,9.3,123.0,77.0,996.0,18.3,60.8,1.2635
2004-06-17 07:00:00,7,Thursday,2004-06,3.6,1277.0,23.4,254.0,100.0,1513.0,20.2,54.5,1.2777
2004-06-17 08:00:00,8,Thursday,2004-06,4.8,1335.0,27.7,300.0,125.0,1598.0,21.9,49.9,1.2957
2004-06-17 09:00:00,9,Thursday,2004-06,3.7,1297.0,22.1,281.0,154.0,1690.0,25.2,43.0,1.3548
2004-06-17 10:00:00,10,Thursday,2004-06,1.9,1041.0,10.0,169.0,125.0,1053.0,28.0,36.6,1.3603
2004-06-17 11:00:00,11,Thursday,2004-06,1.7,1027.0,8.9,152.0,117.0,931.0,27.1,38.3,1.3548
2004-06-17 12:00:00,12,Thursday,2004-06,1.9,1037.0,9.8,127.0,105.0,865.0,27.4,37.0,1.3319
2004-06-17 13:00:00,13,Thursday,2004-06,1.8,1014.0,9.4,118.0,103.0,818.0,29.4,32.9,1.3244
2004-06-17 14:00:00,14,Thursday,2004-06,1.7,1007.0,9.8,120.0,106.0,802.0,31.3,28.7,1.2885
2004-06-17 15:00:00,15,Thursday,2004-06,1.8,998.0,9.5,125.0,107.0,778.0,31.5,28.7,1.3058
2004-06-17 16:00:00,16,Thursday,2004-06,1.7,1014.0,9.5,117.0,102.0,767.0,30.9,30.3,1.3306
2004-06-17 17:00:00,17,Thursday,2004-06,2.8,1157.0,15.4,166.0,124.0,1000.0,31.4,30.3,1.3689
2004-06-17 18:00:00,18,Thursday,2004-06,3.6,1225.0,19.4,180.0,133.0,1143.0,30.7,31.4,1.3686
2004-06-17 19:00:00,19,Thursday,2004-06,3.3,1131.0,16.5,172.0,125.0,1009.0,29.0,33.4,1.3169
2004-06-17 20:00:00,20,Thursday,2004-06,2.9,1111.0,14.3,160.0,124.0,1076.0,27.3,37.5,1.342
2004-06-17 21:00:00,21,Thursday,2004-06,1.7,976.0,8.2,103.0,97.0,830.0,25.8,40.9,1.3389
2004-06-17 22:00:00,22,Thursday,2004-06,1.7,1016.0,8.7,87.0,94.0,853.0,25.2,43.0,1.358
2004-06-17 23:00:00,23,Thursday,2004-06,2.8,1177.0,15.2,147.0,120.0,1310.0,24.6,45.8,1.394
2004-06-18 00:00:00,0,Friday,2004-06,1.8,1013.0,10.6,120.0,105.0,1119.0,24.0,47.3,1.3914
2004-06-18 01:00:00,1,Friday,2004-06,1.0,886.0,6.0,63.0,81.0,918.0,23.5,48.3,1.3777
2004-06-18 02:00:00,2,Friday,2004-06,0.5,791.0,3.1,30.0,43.0,609.0,24.0,45.8,1.3467
2004-06-18 03:00:00,3,Friday,2004-06,0.4,762.0,2.5,,,516.0,22.2,50.7,1.3405
2004-06-18 04:00:00,4,Friday,2004-06,0.3,740.0,1.8,19.0,32.0,510.0,22.8,48.1,1.3184
2004-06-18 05:00:00,5,Friday,2004-06,0.4,775.0,2.6,27.0,36.0,554.0,21.9,50.1,1.3002
2004-06-18 06:00:00,6,Friday,2004-06,0.8,872.0,6.5,65.0,59.0,760.0,20.4,54.1,1.28
2004-06-18 07:00:00,7,Friday,2004-06,2.2,1123.0,14.5,169.0,92.0,1170.0,20.8,52.6,1.2758
2004-06-18 08:00:00,8,Friday,2004-06,4.4,1306.0,28.8,244.0,121.0,1545.0,22.8,47.9,1.3156
2004-06-18 09:00:00,9,Friday,2004-06,3.7,1237.0,21.3,274.0,151.0,1508.0,25.2,42.9,1.3552
2004-06-18 10:00:00,10,Friday,2004-06,2.5,1143.0,14.9,202.0,142.0,1292.0,29.3,34.8,1.397
2004-06-18 11:00:00,11,Friday,2004-06,2.5,1170.0,15.6,186.0,141.0,1287.0,33.3,27.8,1.4013
2004-06-18 12:00:00,12,Friday,2004-06,2.3,1116.0,14.3,153.0,129.0,1042.0,34.9,24.9,1.363
2004-06-18 13:00:00,13,Friday,2004-06,2.0,1054.0,12.6,112.0,106.0,817.0,36.1,22.7,1.3324
2004-06-18 14:00:00,14,Friday,2004-06,2.0,1083.0,13.4,117.0,125.0,847.0,37.6,21.1,1.3478
2004-06-18 15:00:00,15,Friday,2004-06,2.1,1078.0,12.6,109.0,126.0,806.0,37.3,21.9,1.3761
2004-06-18 16:00:00,16,Friday,2004-06,2.4,1104.0,14.8,133.0,147.0,896.0,37.2,21.6,1.3514
2004-06-18 17:00:00,17,Friday,2004-06,3.1,1170.0,18.6,185.0,180.0,1069.0,35.6,23.4,1.341
2004-06-18 18:00:00,18,Friday,2004-06,2.9,1091.0,16.7,167.0,164.0,945.0,33.1,24.3,1.2087
2004-06-18 19:00:00,19,Friday,2004-06,3.5,1216.0,20.8,218.0,180.0,1168.0,30.5,29.5,1.2635
2004-06-18 20:00:00,20,Friday,2004-06,2.9,1125.0,16.0,171.0,153.0,1065.0,28.7,35.8,1.3834
2004-06-18 21:00:00,21,Friday,2004-06,1.5,971.0,7.6,78.0,105.0,672.0,26.6,42.2,1.4452
2004-06-18 22:00:00,22,Friday,2004-06,1.7,1062.0,10.2,84.0,98.0,842.0,25.2,46.6,1.4733
2004-06-18 23:00:00,23,Friday,2004-06,2.2,1140.0,13.8,110.0,107.0,1123.0,24.7,47.7,1.4649
2004-06-19 00:00:00,0,Saturday,2004-06,1.6,1038.0,10.4,87.0,87.0,1007.0,24.4,47.4,1.4301
2004-06-19 01:00:00,1,Saturday,2004-06,1.0,935.0,6.5,58.0,80.0,855.0,23.3,49.9,1.4135
2004-06-19 02:00:00,2,Saturday,2004-06,0.6,861.0,4.3,39.0,62.0,689.0,23.8,47.3,1.3783
2004-06-19 03:00:00,3,Saturday,2004-06,0.6,839.0,3.4,,,622.0,22.9,50.2,1.3808
2004-06-19 04:00:00,4,Saturday,2004-06,0.6,850.0,3.9,38.0,54.0,658.0,21.2,55.0,1.3689
2004-06-19 05:00:00,5,Saturday,2004-06,0.5,817.0,3.0,41.0,56.0,628.0,21.7,52.6,1.35
2004-06-19 06:00:00,6,Saturday,2004-06,0.5,825.0,3.2,47.0,62.0,659.0,22.8,48.9,1.3424
2004-06-19 07:00:00,7,Saturday,2004-06,0.9,921.0,5.6,72.0,72.0,799.0,23.5,47.6,1.3611
2004-06-19 08:00:00,8,Saturday,2004-06,1.4,1031.0,9.1,100.0,86.0,964.0,24.6,44.9,1.3661
2004-06-19 09:00:00,9,Saturday,2004-06,1.6,1092.0,9.7,104.0,99.0,910.0,27.0,39.9,1.402
2004-06-19 10:00:00,10,Saturday,2004-06,1.6,1095.0,8.6,109.0,98.0,999.0,29.3,35.9,1.4411
2004-06-19 11:00:00,11,Saturday,2004-06,1.7,1097.0,9.6,103.0,102.0,853.0,31.2,32.4,1.4517
2004-06-19 12:00:00,12,Saturday,2004-06,1.7,1101.0,9.8,75.0,84.0,752.0,34.4,26.6,1.423
2004-06-19 13:00:00,13,Saturday,2004-06,1.5,1060.0,10.3,72.0,83.0,778.0,36.1,22.1,1.3004
2004-06-19 14:00:00,14,Saturday,2004-06,1.2,,,56.0,68.0,,,,
2004-06-19 15:00:00,15,Saturday,2004-06,1.2,,,51.0,63.0,,,,
2004-06-19 16:00:00,16,Saturday,2004-06,1.1,,,52.0,65.0,,,,
2004-06-19 17:00:00,17,Saturday,2004-06,1.0,,,46.0,63.0,,,,
2004-06-19 18:00:00,18,Saturday,2004-06,1.1,,,44.0,56.0,,,,
2004-06-19 19:00:00,19,Saturday,2004-06,1.6,,,72.0,77.0,,,,
2004-06-19 20:00:00,20,Saturday,2004-06,1.7,,,88.0,91.0,,,,
2004-06-19 21:00:00,21,Saturday,2004-06,1.4,,,56.0,70.0,,,,
2004-06-19 22:00:00,22,Saturday,2004-06,1.7,,,82.0,95.0,,,,
2004-06-19 23:00:00,23,Saturday,2004-06,2.4,,,125.0,113.0,,,,
2004-06-20 00:00:00,0,Sunday,2004-06,2.3,,,144.0,109.0,,,,
2004-06-20 01:00:00,1,Sunday,2004-06,1.2,,,54.0,65.0,,,,
2004-06-20 02:00:00,2,Sunday,2004-06,1.0,,,48.0,60.0,,,,
2004-06-20 03:00:00,3,Sunday,2004-06,1.4,,,,,,,,
2004-06-20 04:00:00,4,Sunday,2004-06,,,,41.0,62.0,,,,
2004-06-20 05:00:00,5,Sunday,2004-06,1.0,,,40.0,60.0,,,,
2004-06-20 06:00:00,6,Sunday,2004-06,0.9,,,48.0,65.0,,,,
2004-06-20 07:00:00,7,Sunday,2004-06,0.8,,,44.0,55.0,,,,
2004-06-20 08:00:00,8,Sunday,2004-06,1.0,,,59.0,66.0,,,,
2004-06-20 09:00:00,9,Sunday,2004-06,1.2,,,59.0,67.0,,,,
2004-06-20 10:00:00,10,Sunday,2004-06,1.2,,,53.0,64.0,,,,
2004-06-20 11:00:00,11,Sunday,2004-06,1.0,,,42.0,59.0,,,,
2004-06-20 12:00:00,12,Sunday,2004-06,1.0,,,43.0,59.0,,,,
2004-06-20 13:00:00,13,Sunday,2004-06,0.6,,,23.0,36.0,,,,
2004-06-20 14:00:00,14,Sunday,2004-06,0.7,,,22.0,35.0,,,,
2004-06-20 15:00:00,15,Sunday,2004-06,0.8,,,37.0,54.0,,,,
2004-06-20 16:00:00,16,Sunday,2004-06,1.1,,,53.0,71.0,,,,
2004-06-20 17:00:00,17,Sunday,2004-06,1.4,,,68.0,86.0,,,,
2004-06-20 18:00:00,18,Sunday,2004-06,2.8,,,125.0,114.0,,,,
2004-06-20 19:00:00,19,Sunday,2004-06,2.5,,,96.0,105.0,,,,
2004-06-20 20:00:00,20,Sunday,2004-06,1.6,,,75.0,87.0,,,,
2004-06-20 21:00:00,21,Sunday,2004-06,1.4,,,74.0,85.0,,,,
2004-06-20 22:00:00,22,Sunday,2004-06,2.3,,,92.0,91.0,,,,
2004-06-20 23:00:00,23,Sunday,2004-06,4.2,,,136.0,108.0,,,,
2004-06-21 00:00:00,0,Monday,2004-06,3.0,,,119.0,99.0,,,,
2004-06-21 01:00:00,1,Monday,2004-06,2.2,,,76.0,83.0,,,,
2004-06-21 02:00:00,2,Monday,2004-06,0.6,,,21.0,36.0,,,,
2004-06-21 03:00:00,3,Monday,2004-06,0.3,,,,,,,,
2004-06-21 04:00:00,4,Monday,2004-06,0.3,732.0,1.5,15.0,24.0,466.0,18.9,55.2,1.1895
2004-06-21 05:00:00,5,Monday,2004-06,0.5,809.0,3.5,52.0,43.0,609.0,18.2,57.6,1.193
2004-06-21 06:00:00,6,Monday,2004-06,1.3,934.0,8.3,85.0,64.0,863.0,18.6,56.0,1.1865
2004-06-21 07:00:00,7,Monday,2004-06,2.5,1132.0,17.3,177.0,91.0,1203.0,20.8,48.0,1.1702
2004-06-21 08:00:00,8,Monday,2004-06,3.7,1221.0,23.3,232.0,109.0,1412.0,23.3,38.6,1.0919
2004-06-21 09:00:00,9,Monday,2004-06,2.5,1024.0,13.8,201.0,110.0,1069.0,25.1,32.4,1.017
2004-06-21 10:00:00,10,Monday,2004-06,1.8,938.0,10.2,134.0,111.0,817.0,27.8,25.8,0.9473
2004-06-21 11:00:00,11,Monday,2004-06,1.5,869.0,7.9,104.0,106.0,649.0,29.6,21.0,0.8548
2004-06-21 12:00:00,12,Monday,2004-06,1.5,846.0,8.8,89.0,104.0,598.0,30.2,18.0,0.7613
2004-06-21 13:00:00,13,Monday,2004-06,1.2,838.0,7.2,66.0,76.0,540.0,30.1,18.5,0.7747
2004-06-21 14:00:00,14,Monday,2004-06,1.4,875.0,8.3,85.0,84.0,601.0,29.5,19.4,0.7872
2004-06-21 15:00:00,15,Monday,2004-06,1.6,907.0,9.6,105.0,102.0,668.0,31.1,18.2,0.8079
2004-06-21 16:00:00,16,Monday,2004-06,1.6,889.0,9.0,99.0,102.0,647.0,30.3,19.0,0.8103
2004-06-21 17:00:00,17,Monday,2004-06,2.2,969.0,12.4,132.0,124.0,816.0,30.1,19.3,0.8083
2004-06-21 18:00:00,18,Monday,2004-06,3.0,1051.0,15.3,186.0,147.0,963.0,28.6,22.3,0.859
2004-06-21 19:00:00,19,Monday,2004-06,3.0,1043.0,16.1,174.0,138.0,1010.0,26.1,28.3,0.9407
2004-06-21 20:00:00,20,Monday,2004-06,2.7,1043.0,14.1,149.0,126.0,967.0,24.5,35.7,1.0807
2004-06-21 21:00:00,21,Monday,2004-06,2.1,1007.0,11.4,114.0,112.0,904.0,23.1,41.5,1.1582
2004-06-21 22:00:00,22,Monday,2004-06,1.6,966.0,9.5,92.0,95.0,852.0,21.8,46.3,1.1913
2004-06-21 23:00:00,23,Monday,2004-06,1.3,920.0,7.4,75.0,80.0,744.0,20.9,48.9,1.1945
2004-06-22 00:00:00,0,Tuesday,2004-06,1.1,889.0,6.4,74.0,79.0,760.0,20.5,49.9,1.1903
2004-06-22 01:00:00,1,Tuesday,2004-06,0.7,825.0,4.1,35.0,49.0,613.0,20.0,50.9,1.1794
2004-06-22 02:00:00,2,Tuesday,2004-06,0.4,758.0,1.9,22.0,36.0,531.0,22.1,44.3,1.1665
2004-06-22 03:00:00,3,Tuesday,2004-06,0.2,735.0,1.4,,,493.0,21.0,47.5,1.1666
2004-06-22 04:00:00,4,Tuesday,2004-06,0.2,719.0,1.2,24.0,40.0,509.0,19.8,50.3,1.1444
2004-06-22 05:00:00,5,Tuesday,2004-06,0.3,757.0,2.2,30.0,37.0,560.0,19.0,52.8,1.1489
2004-06-22 06:00:00,6,Tuesday,2004-06,0.9,890.0,6.4,93.0,67.0,826.0,17.8,56.5,1.1375
2004-06-22 07:00:00,7,Tuesday,2004-06,3.1,1181.0,18.5,332.0,106.0,1334.0,18.2,55.8,1.1529
2004-06-22 08:00:00,8,Tuesday,2004-06,5.0,1332.0,30.2,387.0,134.0,1660.0,20.6,47.7,1.1448
2004-06-22 09:00:00,9,Tuesday,2004-06,2.8,1128.0,14.2,267.0,123.0,1362.0,22.8,41.9,1.1496
2004-06-22 10:00:00,10,Tuesday,2004-06,2.8,1128.0,14.3,269.0,136.0,1316.0,27.1,31.7,1.1147
2004-06-22 11:00:00,11,Tuesday,2004-06,2.1,1064.0,12.6,193.0,109.0,1089.0,30.4,26.4,1.131
2004-06-22 12:00:00,12,Tuesday,2004-06,3.1,1139.0,18.0,239.0,144.0,1129.0,31.1,26.2,1.1647
2004-06-22 13:00:00,13,Tuesday,2004-06,3.0,1121.0,17.1,232.0,154.0,1120.0,31.4,25.3,1.1444
2004-06-22 14:00:00,14,Tuesday,2004-06,2.1,1032.0,13.0,152.0,126.0,916.0,30.8,26.7,1.168
2004-06-22 15:00:00,15,Tuesday,2004-06,1.7,1040.0,11.2,115.0,98.0,812.0,31.8,25.6,1.1868
2004-06-22 16:00:00,16,Tuesday,2004-06,2.2,1076.0,13.6,169.0,120.0,959.0,33.5,22.9,1.1649
2004-06-22 17:00:00,17,Tuesday,2004-06,3.5,1177.0,20.5,226.0,145.0,1189.0,33.1,23.5,1.1673
2004-06-22 18:00:00,18,Tuesday,2004-06,3.6,1196.0,20.2,218.0,139.0,1199.0,31.7,25.9,1.1883
2004-06-22 19:00:00,19,Tuesday,2004-06,4.1,1204.0,23.1,245.0,148.0,1283.0,29.0,30.4,1.2013
2004-06-22 20:00:00,20,Tuesday,2004-06,4.0,1166.0,20.3,236.0,139.0,1291.0,27.4,33.6,1.2095
2004-06-22 21:00:00,21,Tuesday,2004-06,1.8,959.0,9.3,104.0,93.0,949.0,25.2,36.4,1.1528
2004-06-22 22:00:00,22,Tuesday,2004-06,1.7,1004.0,10.5,104.0,96.0,1018.0,24.0,39.6,1.1662
2004-06-22 23:00:00,23,Tuesday,2004-06,2.4,1050.0,13.6,144.0,104.0,1122.0,23.8,39.6,1.1558
2004-06-23 00:00:00,0,Wednesday,2004-06,1.2,965.0,8.0,79.0,83.0,968.0,22.9,43.6,1.1974
2004-06-23 01:00:00,1,Wednesday,2004-06,0.8,849.0,4.6,51.0,66.0,806.0,22.8,43.9,1.202
2004-06-23 02:00:00,2,Wednesday,2004-06,0.5,809.0,3.2,38.0,55.0,714.0,21.8,47.3,1.2189
2004-06-23 03:00:00,3,Wednesday,2004-06,0.3,777.0,2.4,,,644.0,21.7,47.3,1.2135
2004-06-23 04:00:00,4,Wednesday,2004-06,,768.0,2.1,24.0,37.0,606.0,20.8,50.3,1.2207
2004-06-23 05:00:00,5,Wednesday,2004-06,0.4,768.0,2.2,30.0,40.0,606.0,21.7,46.8,1.2031
2004-06-23 06:00:00,6,Wednesday,2004-06,1.0,917.0,6.7,73.0,51.0,819.0,20.3,52.3,1.2367
2004-06-23 07:00:00,7,Wednesday,2004-06,3.8,1252.0,23.1,305.0,117.0,1462.0,20.5,52.3,1.245
2004-06-23 08:00:00,8,Wednesday,2004-06,3.2,1224.0,19.0,295.0,110.0,1478.0,21.7,49.6,1.2673
2004-06-23 09:00:00,9,Wednesday,2004-06,3.5,1277.0,20.1,331.0,136.0,1598.0,24.0,43.1,1.2677
2004-06-23 10:00:00,10,Wednesday,2004-06,3.2,1149.0,16.4,304.0,152.0,1449.0,28.5,31.7,1.2144
2004-06-23 11:00:00,11,Wednesday,2004-06,2.3,1091.0,13.0,210.0,119.0,1221.0,32.2,25.1,1.189
2004-06-23 12:00:00,12,Wednesday,2004-06,2.2,1053.0,13.1,163.0,106.0,1023.0,34.9,20.5,1.1279
2004-06-23 13:00:00,13,Wednesday,2004-06,2.1,1023.0,11.8,132.0,101.0,910.0,35.4,19.9,1.1222
2004-06-23 14:00:00,14,Wednesday,2004-06,1.9,1085.0,12.7,126.0,110.0,913.0,34.4,22.5,1.205
2004-06-23 15:00:00,15,Wednesday,2004-06,2.4,1116.0,14.1,150.0,124.0,1035.0,34.8,22.8,1.2488
2004-06-23 16:00:00,16,Wednesday,2004-06,2.5,1111.0,14.4,171.0,137.0,1085.0,34.3,22.4,1.1907
2004-06-23 17:00:00,17,Wednesday,2004-06,3.6,1210.0,20.7,234.0,159.0,1278.0,32.5,25.3,1.2165
2004-06-23 18:00:00,18,Wednesday,2004-06,3.9,1250.0,21.6,251.0,152.0,1383.0,31.3,27.3,1.2234
2004-06-23 19:00:00,19,Wednesday,2004-06,4.4,1297.0,24.2,294.0,166.0,1473.0,30.2,29.0,1.2224
2004-06-23 20:00:00,20,Wednesday,2004-06,4.8,1313.0,21.8,300.0,163.0,1507.0,28.5,33.3,1.2775
2004-06-23 21:00:00,21,Wednesday,2004-06,2.5,1146.0,13.0,159.0,121.0,1215.0,27.3,35.3,1.2606
2004-06-23 22:00:00,22,Wednesday,2004-06,2.8,1199.0,15.1,176.0,125.0,1242.0,26.1,37.8,1.2575
2004-06-23 23:00:00,23,Wednesday,2004-06,3.2,1274.0,16.6,192.0,120.0,1356.0,24.7,47.1,1.44
2004-06-24 00:00:00,0,Thursday,2004-06,2.6,1243.0,12.7,152.0,103.0,1195.0,23.6,59.8,1.7193
2004-06-24 01:00:00,1,Thursday,2004-06,1.5,1054.0,8.6,63.0,64.0,899.0,23.3,60.5,1.706
2004-06-24 02:00:00,2,Thursday,2004-06,1.0,962.0,5.3,35.0,44.0,726.0,23.3,59.4,1.6753
2004-06-24 03:00:00,3,Thursday,2004-06,0.8,915.0,3.6,,,743.0,22.9,57.7,1.5902
2004-06-24 04:00:00,4,Thursday,2004-06,0.6,871.0,2.8,21.0,35.0,684.0,23.7,53.5,1.546
2004-06-24 05:00:00,5,Thursday,2004-06,0.6,877.0,3.1,41.0,46.0,779.0,21.2,60.9,1.5092
2004-06-24 06:00:00,6,Thursday,2004-06,0.7,893.0,3.7,48.0,54.0,801.0,22.1,56.2,1.48
2004-06-24 07:00:00,7,Thursday,2004-06,1.2,1030.0,6.9,102.0,68.0,983.0,21.9,57.0,1.4742
2004-06-24 08:00:00,8,Thursday,2004-06,1.5,1059.0,8.6,111.0,77.0,989.0,24.7,45.9,1.4061
2004-06-24 09:00:00,9,Thursday,2004-06,1.3,1020.0,7.1,93.0,74.0,875.0,27.0,40.8,1.4286
2004-06-24 10:00:00,10,Thursday,2004-06,1.6,1045.0,6.6,118.0,92.0,807.0,29.1,37.4,1.4833
2004-06-24 11:00:00,11,Thursday,2004-06,1.5,1029.0,7.2,93.0,83.0,727.0,31.1,32.4,1.4351
2004-06-24 12:00:00,12,Thursday,2004-06,1.2,959.0,5.0,56.0,58.0,549.0,31.9,30.3,1.4125
2004-06-24 13:00:00,13,Thursday,2004-06,1.1,975.0,5.7,51.0,55.0,570.0,32.8,28.9,1.412
2004-06-24 14:00:00,14,Thursday,2004-06,1.2,988.0,6.0,52.0,61.0,596.0,33.4,27.8,1.4119
2004-06-24 15:00:00,15,Thursday,2004-06,1.3,971.0,6.1,59.0,65.0,585.0,35.3,23.7,1.3331
2004-06-24 16:00:00,16,Thursday,2004-06,1.4,999.0,8.0,62.0,74.0,637.0,35.8,22.4,1.2915
2004-06-24 17:00:00,17,Thursday,2004-06,1.6,989.0,7.8,85.0,89.0,664.0,35.3,20.8,1.1664
2004-06-24 18:00:00,18,Thursday,2004-06,2.1,1075.0,11.1,109.0,103.0,797.0,33.3,23.9,1.2085
2004-06-24 19:00:00,19,Thursday,2004-06,3.0,1190.0,15.9,168.0,128.0,1046.0,30.3,30.8,1.3044
2004-06-24 20:00:00,20,Thursday,2004-06,2.8,1172.0,13.7,166.0,122.0,1058.0,28.3,34.5,1.3084
2004-06-24 21:00:00,21,Thursday,2004-06,3.8,1256.0,21.6,149.0,125.0,1214.0,27.1,38.9,1.3758
2004-06-24 22:00:00,22,Thursday,2004-06,3.2,1190.0,16.8,118.0,119.0,1056.0,25.4,43.2,1.3805
2004-06-24 23:00:00,23,Thursday,2004-06,4.1,1249.0,20.5,160.0,126.0,1280.0,24.6,45.3,1.3767
2004-06-25 00:00:00,0,Friday,2004-06,2.6,1072.0,14.1,124.0,100.0,1045.0,23.7,46.0,1.3346
2004-06-25 01:00:00,1,Friday,2004-06,2.0,1035.0,10.9,95.0,94.0,1039.0,23.0,48.1,1.3322
2004-06-25 02:00:00,2,Friday,2004-06,0.9,839.0,3.6,34.0,52.0,640.0,24.8,43.4,1.3366
2004-06-25 03:00:00,3,Friday,2004-06,0.7,833.0,3.3,,,705.0,23.1,47.4,1.3208
2004-06-25 04:00:00,4,Friday,2004-06,0.6,804.0,2.4,45.0,64.0,662.0,21.7,50.2,1.2917
2004-06-25 05:00:00,5,Friday,2004-06,0.6,811.0,3.0,35.0,46.0,579.0,21.9,50.7,1.3138
2004-06-25 06:00:00,6,Friday,2004-06,1.6,1028.0,8.9,141.0,88.0,987.0,20.1,57.0,1.3216
2004-06-25 07:00:00,7,Friday,2004-06,2.6,1138.0,14.8,199.0,104.0,1197.0,21.5,51.8,1.3129
2004-06-25 08:00:00,8,Friday,2004-06,2.9,1203.0,16.2,224.0,125.0,1328.0,22.9,48.7,1.3416
2004-06-25 09:00:00,9,Friday,2004-06,2.8,1193.0,14.6,245.0,151.0,1370.0,25.7,41.0,1.3351
2004-06-25 10:00:00,10,Friday,2004-06,1.9,1049.0,8.0,153.0,113.0,921.0,29.9,33.2,1.3793
2004-06-25 11:00:00,11,Friday,2004-06,1.9,1090.0,9.1,145.0,102.0,876.0,32.9,28.0,1.3789
2004-06-25 12:00:00,12,Friday,2004-06,2.1,1070.0,10.0,130.0,108.0,819.0,34.0,25.6,1.3363
2004-06-25 13:00:00,13,Friday,2004-06,1.9,1014.0,9.8,95.0,93.0,763.0,34.7,22.6,1.2297
2004-06-25 14:00:00,14,Friday,2004-06,1.6,972.0,8.3,88.0,89.0,675.0,35.5,20.3,1.1586
2004-06-25 15:00:00,15,Friday,2004-06,1.6,951.0,7.5,89.0,84.0,637.0,35.9,18.8,1.0912
2004-06-25 16:00:00,16,Friday,2004-06,2.1,1033.0,11.7,127.0,111.0,826.0,36.2,18.6,1.0945
2004-06-25 17:00:00,17,Friday,2004-06,2.4,983.0,13.3,149.0,115.0,854.0,35.4,15.3,0.8613
2004-06-25 18:00:00,18,Friday,2004-06,2.8,973.0,14.4,170.0,127.0,894.0,32.9,15.5,0.7649
2004-06-25 19:00:00,19,Friday,2004-06,3.4,1083.0,17.9,210.0,129.0,1077.0,29.9,19.8,0.8211
2004-06-25 20:00:00,20,Friday,2004-06,3.4,1062.0,15.9,230.0,140.0,1121.0,28.1,22.4,0.8394
2004-06-25 21:00:00,21,Friday,2004-06,2.7,1011.0,14.2,203.0,137.0,1071.0,26.1,24.7,0.8233
2004-06-25 22:00:00,22,Friday,2004-06,2.6,1054.0,13.8,174.0,130.0,1167.0,25.0,28.7,0.8944
2004-06-25 23:00:00,23,Friday,2004-06,2.3,1013.0,11.7,164.0,121.0,1162.0,24.3,31.0,0.9268
2004-06-26 00:00:00,0,Saturday,2004-06,1.2,870.0,6.2,76.0,79.0,848.0,24.0,31.2,0.919
2004-06-26 01:00:00,1,Saturday,2004-06,1.0,857.0,5.1,52.0,69.0,759.0,22.4,34.9,0.9362
2004-06-26 02:00:00,2,Saturday,2004-06,0.9,835.0,4.5,47.0,61.0,694.0,21.2,37.6,0.9355
2004-06-26 03:00:00,3,Saturday,2004-06,1.1,844.0,4.9,,,848.0,19.5,42.3,0.9461
2004-06-26 04:00:00,4,Saturday,2004-06,,763.0,2.5,37.0,58.0,689.0,21.2,39.4,0.9802
2004-06-26 05:00:00,5,Saturday,2004-06,0.4,769.0,2.3,41.0,58.0,610.0,19.5,42.4,0.9515
2004-06-26 06:00:00,6,Saturday,2004-06,0.9,891.0,5.5,74.0,70.0,816.0,18.6,45.8,0.9723
2004-06-26 07:00:00,7,Saturday,2004-06,1.8,1037.0,10.4,168.0,104.0,1158.0,19.7,44.1,1.0039
2004-06-26 08:00:00,8,Saturday,2004-06,2.2,1090.0,12.4,176.0,109.0,1228.0,21.9,39.4,1.0243
2004-06-26 09:00:00,9,Saturday,2004-06,2.4,1117.0,14.0,184.0,129.0,1323.0,24.5,34.3,1.0407
2004-06-26 10:00:00,10,Saturday,2004-06,2.3,1109.0,12.7,187.0,144.0,1274.0,30.0,25.6,1.0674
2004-06-26 11:00:00,11,Saturday,2004-06,1.6,961.0,9.0,118.0,101.0,846.0,34.5,18.9,1.0168
2004-06-26 12:00:00,12,Saturday,2004-06,1.4,985.0,8.5,89.0,90.0,737.0,36.3,17.5,1.0411
2004-06-26 13:00:00,13,Saturday,2004-06,1.4,960.0,8.2,70.0,86.0,675.0,37.7,16.0,1.0231
2004-06-26 14:00:00,14,Saturday,2004-06,1.0,927.0,5.9,51.0,69.0,559.0,38.3,15.8,1.0465
2004-06-26 15:00:00,15,Saturday,2004-06,1.0,958.0,5.6,52.0,65.0,604.0,38.4,17.5,1.1609
2004-06-26 16:00:00,16,Saturday,2004-06,1.2,1019.0,6.7,70.0,73.0,729.0,37.2,20.5,1.2813
2004-06-26 17:00:00,17,Saturday,2004-06,1.3,1010.0,6.1,80.0,73.0,741.0,34.0,26.4,1.3781
2004-06-26 18:00:00,18,Saturday,2004-06,1.5,1030.0,6.7,90.0,78.0,747.0,32.3,30.4,1.445
2004-06-26 19:00:00,19,Saturday,2004-06,1.9,1100.0,9.2,111.0,98.0,932.0,30.5,33.9,1.4564
2004-06-26 20:00:00,20,Saturday,2004-06,1.8,1079.0,8.2,107.0,99.0,928.0,29.2,37.8,1.5098
2004-06-26 21:00:00,21,Saturday,2004-06,1.4,1036.0,7.0,73.0,83.0,860.0,28.4,39.1,1.4881
2004-06-26 22:00:00,22,Saturday,2004-06,1.7,1085.0,9.5,75.0,88.0,963.0,27.7,40.6,1.4828
2004-06-26 23:00:00,23,Saturday,2004-06,2.7,1214.0,15.1,144.0,117.0,1309.0,27.2,42.5,1.5069
2004-06-27 00:00:00,0,Sunday,2004-06,2.1,1127.0,11.7,120.0,97.0,1266.0,26.5,44.8,1.528
2004-06-27 01:00:00,1,Sunday,2004-06,1.4,1038.0,9.3,71.0,75.0,1181.0,25.5,47.6,1.5318
2004-06-27 02:00:00,2,Sunday,2004-06,1.0,948.0,6.4,40.0,53.0,937.0,25.2,47.8,1.5076
2004-06-27 03:00:00,3,Sunday,2004-06,1.0,953.0,6.7,,,995.0,23.2,53.7,1.5046
2004-06-27 04:00:00,4,Sunday,2004-06,0.8,869.0,4.2,34.0,45.0,789.0,23.2,52.3,1.4668
2004-06-27 05:00:00,5,Sunday,2004-06,0.5,809.0,2.6,27.0,42.0,682.0,24.0,50.3,1.4811
2004-06-27 06:00:00,6,Sunday,2004-06,0.6,833.0,2.8,30.0,44.0,717.0,23.5,51.2,1.4634
2004-06-27 07:00:00,7,Sunday,2004-06,0.6,857.0,3.1,40.0,50.0,696.0,23.5,50.8,1.452
2004-06-27 08:00:00,8,Sunday,2004-06,1.0,966.0,6.2,56.0,60.0,807.0,24.7,47.6,1.4597
2004-06-27 09:00:00,9,Sunday,2004-06,1.6,1063.0,7.9,104.0,100.0,1025.0,27.2,41.1,1.4611
2004-06-27 10:00:00,10,Sunday,2004-06,1.9,1110.0,10.5,121.0,111.0,1090.0,31.0,32.4,1.4294
2004-06-27 11:00:00,11,Sunday,2004-06,1.7,1055.0,9.0,100.0,110.0,932.0,35.2,24.8,1.3854
2004-06-27 12:00:00,12,Sunday,2004-06,1.1,939.0,6.3,59.0,74.0,639.0,37.8,18.5,1.1977
2004-06-27 13:00:00,13,Sunday,2004-06,0.8,816.0,3.5,42.0,56.0,467.0,39.0,15.1,1.0424
2004-06-27 14:00:00,14,Sunday,2004-06,0.7,841.0,4.0,38.0,50.0,476.0,41.3,12.8,0.9933
2004-06-27 15:00:00,15,Sunday,2004-06,0.7,842.0,4.2,40.0,54.0,490.0,41.8,11.9,0.9476
2004-06-27 16:00:00,16,Sunday,2004-06,1.2,990.0,6.9,70.0,90.0,669.0,42.2,14.2,1.1609
2004-06-27 17:00:00,17,Sunday,2004-06,1.6,1042.0,7.9,95.0,109.0,800.0,41.4,15.5,1.2089
2004-06-27 18:00:00,18,Sunday,2004-06,1.6,1089.0,7.9,90.0,110.0,791.0,38.9,21.4,1.4605
2004-06-27 19:00:00,19,Sunday,2004-06,1.7,1102.0,10.3,90.0,103.0,849.0,34.3,26.0,1.3865
2004-06-27 20:00:00,20,Sunday,2004-06,2.0,1095.0,10.5,111.0,120.0,934.0,32.7,27.7,1.3439
2004-06-27 21:00:00,21,Sunday,2004-06,2.3,1116.0,12.7,135.0,134.0,1081.0,30.5,30.4,1.3031
2004-06-27 22:00:00,22,Sunday,2004-06,2.4,1105.0,11.9,146.0,137.0,1102.0,29.0,33.6,1.3277
2004-06-27 23:00:00,23,Sunday,2004-06,1.7,1018.0,9.3,100.0,99.0,914.0,28.2,36.6,1.3781
2004-06-28 00:00:00,0,Monday,2004-06,1.2,991.0,7.9,69.0,78.0,926.0,27.2,38.9,1.3821
2004-06-28 01:00:00,1,Monday,2004-06,1.0,923.0,5.0,47.0,63.0,786.0,26.7,40.0,1.3754
2004-06-28 02:00:00,2,Monday,2004-06,0.6,874.0,3.4,26.0,41.0,619.0,26.0,41.2,1.3598
2004-06-28 03:00:00,3,Monday,2004-06,0.5,846.0,3.2,,,633.0,22.8,50.1,1.3677
2004-06-28 04:00:00,4,Monday,2004-06,0.4,838.0,2.7,24.0,39.0,634.0,24.0,46.6,1.37
2004-06-28 05:00:00,5,Monday,2004-06,0.5,827.0,3.1,55.0,60.0,722.0,24.0,46.4,1.3689
2004-06-28 06:00:00,6,Monday,2004-06,0.7,901.0,5.0,47.0,54.0,717.0,23.7,47.1,1.3602
2004-06-28 07:00:00,7,Monday,2004-06,3.2,1291.0,20.7,209.0,119.0,1445.0,23.6,47.3,1.3634
2004-06-28 08:00:00,8,Monday,2004-06,5.6,1441.0,32.4,348.0,159.0,1786.0,25.5,43.1,1.3891
2004-06-28 09:00:00,9,Monday,2004-06,4.6,1363.0,24.2,337.0,182.0,1791.0,28.5,36.8,1.4128
2004-06-28 10:00:00,10,Monday,2004-06,3.3,1218.0,16.6,280.0,183.0,1413.0,32.6,28.0,1.3566
2004-06-28 11:00:00,11,Monday,2004-06,2.1,1132.0,13.2,169.0,144.0,1092.0,36.3,23.4,1.3902
2004-06-28 12:00:00,12,Monday,2004-06,1.9,1103.0,12.3,126.0,118.0,940.0,37.5,21.5,1.3673
2004-06-28 13:00:00,13,Monday,2004-06,1.9,1081.0,12.1,108.0,106.0,883.0,39.6,19.0,1.3447
2004-06-28 14:00:00,14,Monday,2004-06,1.6,1079.0,11.1,93.0,97.0,850.0,40.1,19.3,1.4013
2004-06-28 15:00:00,15,Monday,2004-06,2.0,1167.0,13.1,112.0,129.0,928.0,40.4,20.0,1.4854
2004-06-28 16:00:00,16,Monday,2004-06,1.8,1148.0,11.6,110.0,130.0,835.0,39.9,20.1,1.4495
2004-06-28 17:00:00,17,Monday,2004-06,2.9,1221.0,17.7,188.0,163.0,1157.0,39.1,19.6,1.3542
2004-06-28 18:00:00,18,Monday,2004-06,3.4,1255.0,19.5,203.0,160.0,1232.0,37.0,21.9,1.3503
2004-06-28 19:00:00,19,Monday,2004-06,3.1,1245.0,19.7,167.0,140.0,1288.0,33.9,26.8,1.3899
2004-06-28 20:00:00,20,Monday,2004-06,2.5,1162.0,15.1,116.0,115.0,1143.0,31.9,30.6,1.4201
2004-06-28 21:00:00,21,Monday,2004-06,1.8,1079.0,11.1,89.0,92.0,1014.0,29.7,33.9,1.3874
2004-06-28 22:00:00,22,Monday,2004-06,1.8,1091.0,11.7,103.0,99.0,1088.0,28.6,36.8,1.416
2004-06-28 23:00:00,23,Monday,2004-06,2.0,1085.0,11.7,100.0,96.0,1092.0,27.8,38.7,1.4187
2004-06-29 00:00:00,0,Tuesday,2004-06,1.5,1050.0,9.7,86.0,80.0,1090.0,27.8,40.0,1.4691
2004-06-29 01:00:00,1,Tuesday,2004-06,0.8,941.0,6.0,52.0,65.0,979.0,27.5,41.3,1.4962
2004-06-29 02:00:00,2,Tuesday,2004-06,0.4,891.0,3.9,27.0,46.0,806.0,27.3,41.6,1.4906
2004-06-29 03:00:00,3,Tuesday,2004-06,0.3,842.0,2.6,,,712.0,26.0,44.2,1.4657
2004-06-29 04:00:00,4,Tuesday,2004-06,,850.0,2.8,35.0,57.0,853.0,24.8,48.0,1.4857
2004-06-29 05:00:00,5,Tuesday,2004-06,0.5,863.0,3.0,42.0,54.0,816.0,25.9,45.1,1.4889
2004-06-29 06:00:00,6,Tuesday,2004-06,0.7,956.0,5.4,57.0,62.0,934.0,25.3,47.6,1.5108
2004-06-29 07:00:00,7,Tuesday,2004-06,3.4,1384.0,23.5,228.0,102.0,1548.0,24.7,49.5,1.5201
2004-06-29 08:00:00,8,Tuesday,2004-06,5.7,1502.0,33.5,350.0,140.0,1858.0,27.1,43.1,1.5224
2004-06-29 09:00:00,9,Tuesday,2004-06,3.2,1219.0,15.5,232.0,121.0,1410.0,28.3,39.8,1.5053
2004-06-29 10:00:00,10,Tuesday,2004-06,2.7,1237.0,15.3,206.0,132.0,1334.0,32.4,32.3,1.5484
2004-06-29 11:00:00,11,Tuesday,2004-06,2.1,1181.0,12.8,159.0,122.0,1140.0,35.4,27.8,1.5733
2004-06-29 12:00:00,12,Tuesday,2004-06,2.8,1251.0,15.2,184.0,148.0,1111.0,35.5,27.4,1.5635
2004-06-29 13:00:00,13,Tuesday,2004-06,2.5,1214.0,15.7,136.0,133.0,1054.0,37.8,24.4,1.5722
2004-06-29 14:00:00,14,Tuesday,2004-06,2.1,1166.0,12.3,124.0,130.0,924.0,37.2,25.5,1.5914
2004-06-29 15:00:00,15,Tuesday,2004-06,2.5,1226.0,15.3,133.0,141.0,1041.0,37.2,25.6,1.6014
2004-06-29 16:00:00,16,Tuesday,2004-06,2.7,1265.0,17.6,156.0,172.0,1282.0,38.0,25.0,1.6312
2004-06-29 17:00:00,17,Tuesday,2004-06,3.7,1317.0,21.5,200.0,198.0,1362.0,37.1,26.9,1.6635
2004-06-29 18:00:00,18,Tuesday,2004-06,3.7,1372.0,23.2,202.0,181.0,1441.0,36.9,27.8,1.7099
2004-06-29 19:00:00,19,Tuesday,2004-06,4.6,1443.0,25.6,286.0,202.0,1559.0,34.7,31.9,1.7325
2004-06-29 20:00:00,20,Tuesday,2004-06,2.6,1200.0,14.3,141.0,120.0,1198.0,31.9,38.4,1.7897
2004-06-29 21:00:00,21,Tuesday,2004-06,2.5,1216.0,14.4,117.0,115.0,1246.0,30.5,42.3,1.8173
2004-06-29 22:00:00,22,Tuesday,2004-06,2.3,1160.0,12.6,110.0,112.0,1192.0,29.3,45.8,1.8362
2004-06-29 23:00:00,23,Tuesday,2004-06,2.2,1194.0,13.7,100.0,97.0,1194.0,28.2,48.1,1.8144
2004-06-30 00:00:00,0,Wednesday,2004-06,2.5,1199.0,13.1,112.0,100.0,1252.0,27.3,51.0,1.8287
2004-06-30 01:00:00,1,Wednesday,2004-06,0.9,965.0,6.1,35.0,47.0,777.0,26.8,52.4,1.8141
2004-06-30 02:00:00,2,Wednesday,2004-06,0.8,961.0,5.8,33.0,44.0,798.0,26.0,54.9,1.8141
2004-06-30 03:00:00,3,Wednesday,2004-06,0.7,901.0,3.7,,,800.0,26.8,51.9,1.8058
2004-06-30 04:00:00,4,Wednesday,2004-06,0.5,864.0,2.6,28.0,42.0,728.0,26.9,51.8,1.805
2004-06-30 05:00:00,5,Wednesday,2004-06,0.7,952.0,4.6,49.0,57.0,953.0,24.6,59.1,1.8013
2004-06-30 06:00:00,6,Wednesday,2004-06,0.9,1009.0,7.4,81.0,61.0,1060.0,26.4,53.1,1.7987
2004-06-30 07:00:00,7,Wednesday,2004-06,2.2,1225.0,15.2,178.0,106.0,1338.0,27.3,46.4,1.6542
2004-06-30 08:00:00,8,Wednesday,2004-06,2.8,1245.0,16.7,223.0,136.0,1622.0,28.4,40.4,1.5442
2004-06-30 09:00:00,9,Wednesday,2004-06,2.9,1265.0,17.0,290.0,157.0,1812.0,30.8,37.1,1.6169
2004-06-30 10:00:00,10,Wednesday,2004-06,2.9,1276.0,18.0,274.0,171.0,1784.0,34.2,30.7,1.6252
2004-06-30 11:00:00,11,Wednesday,2004-06,3.0,1232.0,16.1,278.0,190.0,1509.0,37.0,26.5,1.6352
2004-06-30 12:00:00,12,Wednesday,2004-06,2.5,1193.0,13.4,152.0,155.0,1139.0,36.6,27.8,1.676
2004-06-30 13:00:00,13,Wednesday,2004-06,2.3,1162.0,14.0,118.0,139.0,1044.0,36.9,26.9,1.6477
2004-06-30 14:00:00,14,Wednesday,2004-06,2.1,1126.0,13.4,141.0,152.0,1015.0,39.3,22.2,1.552
2004-06-30 15:00:00,15,Wednesday,2004-06,1.9,1089.0,10.4,131.0,143.0,825.0,38.5,22.4,1.5018
2004-06-30 16:00:00,16,Wednesday,2004-06,2.3,1134.0,12.7,171.0,168.0,1022.0,39.7,20.4,1.4594
2004-06-30 17:00:00,17,Wednesday,2004-06,4.2,1388.0,24.5,287.0,226.0,1913.0,38.8,24.2,1.6433
2004-06-30 18:00:00,18,Wednesday,2004-06,4.9,1506.0,27.8,267.0,207.0,2043.0,33.5,38.0,1.939
2004-06-30 19:00:00,19,Wednesday,2004-06,4.9,1352.0,23.3,280.0,197.0,1661.0,34.0,32.9,1.7251
2004-06-30 20:00:00,20,Wednesday,2004-06,3.5,1217.0,17.6,224.0,158.0,1404.0,31.9,33.7,1.5663
2004-06-30 21:00:00,21,Wednesday,2004-06,2.5,1149.0,14.5,137.0,124.0,1233.0,30.2,37.6,1.587
2004-06-30 22:00:00,22,Wednesday,2004-06,2.5,1156.0,14.4,118.0,110.0,1181.0,28.9,41.0,1.6096
2004-06-30 23:00:00,23,Wednesday,2004-06,2.6,1180.0,14.2,128.0,112.0,1272.0,27.8,45.2,1.6604
2004-07-01 00:00:00,0,Thursday,2004-07,2.3,1109.0,12.9,111.0,102.0,1190.0,27.1,47.4,1.6701
2004-07-01 01:00:00,1,Thursday,2004-07,1.5,1032.0,9.9,66.0,77.0,982.0,26.2,49.4,1.6555
2004-07-01 02:00:00,2,Thursday,2004-07,0.9,893.0,5.1,36.0,50.0,805.0,26.9,49.3,1.7196
2004-07-01 03:00:00,3,Thursday,2004-07,0.6,848.0,2.8,,,654.0,26.3,50.8,1.7058
2004-07-01 04:00:00,4,Thursday,2004-07,0.6,850.0,3.2,31.0,40.0,727.0,24.9,54.6,1.6908
2004-07-01 05:00:00,5,Thursday,2004-07,0.8,938.0,5.4,75.0,66.0,1001.0,23.4,58.6,1.6651
2004-07-01 06:00:00,6,Thursday,2004-07,0.9,948.0,6.4,66.0,60.0,994.0,24.4,55.2,1.6604
2004-07-01 07:00:00,7,Thursday,2004-07,2.4,1225.0,17.1,154.0,85.0,1322.0,25.1,54.3,1.7057
2004-07-01 08:00:00,8,Thursday,2004-07,3.9,1380.0,22.3,239.0,120.0,1617.0,26.6,51.2,1.7565
2004-07-01 09:00:00,9,Thursday,2004-07,2.9,1276.0,14.6,246.0,134.0,1430.0,28.2,47.1,1.7752
2004-07-01 10:00:00,10,Thursday,2004-07,2.7,1246.0,13.3,261.0,149.0,1357.0,31.6,39.4,1.7969
2004-07-01 11:00:00,11,Thursday,2004-07,2.0,1141.0,10.5,179.0,125.0,994.0,34.2,31.8,1.6837
2004-07-01 12:00:00,12,Thursday,2004-07,2.4,1199.0,14.2,159.0,132.0,1054.0,36.6,27.1,1.6352
2004-07-01 13:00:00,13,Thursday,2004-07,2.0,1156.0,12.2,111.0,114.0,945.0,37.6,26.9,1.715
2004-07-01 14:00:00,14,Thursday,2004-07,1.8,1158.0,10.1,101.0,110.0,808.0,38.1,26.3,1.7213
2004-07-01 15:00:00,15,Thursday,2004-07,1.9,1163.0,11.7,118.0,121.0,888.0,37.8,26.9,1.7392
2004-07-01 16:00:00,16,Thursday,2004-07,1.8,1078.0,10.9,120.0,127.0,787.0,37.8,22.7,1.4653
2004-07-01 17:00:00,17,Thursday,2004-07,2.9,1244.0,17.3,177.0,157.0,1077.0,36.9,24.7,1.5134
2004-07-01 18:00:00,18,Thursday,2004-07,3.3,1236.0,18.0,186.0,169.0,1106.0,34.5,28.5,1.531
2004-07-01 19:00:00,19,Thursday,2004-07,4.4,1364.0,22.9,235.0,179.0,1356.0,32.5,30.9,1.4875
2004-07-01 20:00:00,20,Thursday,2004-07,3.4,1193.0,16.5,195.0,149.0,1152.0,30.9,30.4,1.338
2004-07-01 21:00:00,21,Thursday,2004-07,1.9,1078.0,10.2,106.0,111.0,925.0,28.7,34.7,1.3457
2004-07-01 22:00:00,22,Thursday,2004-07,2.1,1140.0,11.6,107.0,112.0,1059.0,27.7,39.3,1.4372
2004-07-01 23:00:00,23,Thursday,2004-07,2.5,1239.0,14.3,134.0,120.0,1201.0,26.8,45.1,1.5645
2004-07-02 00:00:00,0,Friday,2004-07,2.3,1171.0,13.3,117.0,105.0,1205.0,26.1,45.3,1.5115
2004-07-02 01:00:00,1,Friday,2004-07,1.7,1065.0,10.0,83.0,90.0,1103.0,25.9,46.1,1.5174
2004-07-02 02:00:00,2,Friday,2004-07,1.5,1024.0,7.6,77.0,87.0,1072.0,25.3,47.6,1.513
2004-07-02 03:00:00,3,Friday,2004-07,0.8,873.0,3.4,,,713.0,26.6,43.0,1.4773
2004-07-02 04:00:00,4,Friday,2004-07,,874.0,3.3,37.0,54.0,737.0,25.3,47.2,1.5025
2004-07-02 05:00:00,5,Friday,2004-07,0.5,887.0,2.9,50.0,61.0,740.0,25.1,48.0,1.5115
2004-07-02 06:00:00,6,Friday,2004-07,0.8,993.0,5.6,60.0,63.0,770.0,24.8,50.6,1.5654
2004-07-02 07:00:00,7,Friday,2004-07,2.6,1299.0,17.5,179.0,102.0,1327.0,25.7,49.7,1.615
2004-07-02 08:00:00,8,Friday,2004-07,4.9,1529.0,29.0,300.0,149.0,1763.0,27.4,45.5,1.6396
2004-07-02 09:00:00,9,Friday,2004-07,2.9,1320.0,17.0,263.0,147.0,1477.0,29.3,40.0,1.6082
2004-07-02 10:00:00,10,Friday,2004-07,2.8,1226.0,15.6,265.0,158.0,1311.0,33.6,28.7,1.4693
2004-07-02 11:00:00,11,Friday,2004-07,1.8,1105.0,10.1,164.0,112.0,980.0,34.6,27.7,1.4991
2004-07-02 12:00:00,12,Friday,2004-07,1.8,1160.0,11.7,122.0,108.0,961.0,35.6,27.2,1.5557
2004-07-02 13:00:00,13,Friday,2004-07,1.9,1125.0,12.0,125.0,120.0,923.0,36.9,23.3,1.4313
2004-07-02 14:00:00,14,Friday,2004-07,1.7,1099.0,11.0,125.0,117.0,839.0,38.8,20.7,1.4036
2004-07-02 15:00:00,15,Friday,2004-07,1.7,1124.0,11.2,115.0,119.0,827.0,38.1,22.6,1.4868
2004-07-02 16:00:00,16,Friday,2004-07,1.9,1105.0,10.5,162.0,149.0,821.0,37.1,23.0,1.4229
2004-07-02 17:00:00,17,Friday,2004-07,2.1,1035.0,11.8,149.0,174.0,749.0,34.8,19.3,1.0543
2004-07-02 18:00:00,18,Friday,2004-07,2.4,1065.0,13.8,161.0,163.0,871.0,33.6,20.7,1.059
2004-07-02 19:00:00,19,Friday,2004-07,3.0,1051.0,17.3,201.0,161.0,1077.0,31.4,18.5,0.8376
2004-07-02 20:00:00,20,Friday,2004-07,2.8,1073.0,14.2,209.0,154.0,1175.0,29.5,23.8,0.9623
2004-07-02 21:00:00,21,Friday,2004-07,1.9,1008.0,10.7,133.0,124.0,1125.0,27.4,27.1,0.9736
2004-07-02 22:00:00,22,Friday,2004-07,2.1,1090.0,12.7,133.0,122.0,1124.0,26.1,31.1,1.0338
2004-07-02 23:00:00,23,Friday,2004-07,1.8,1048.0,10.1,134.0,119.0,1064.0,25.5,34.0,1.0935
2004-07-03 00:00:00,0,Saturday,2004-07,2.5,1131.0,13.1,164.0,131.0,1240.0,24.0,37.8,1.1125
2004-07-03 01:00:00,1,Saturday,2004-07,1.1,953.0,7.4,72.0,84.0,899.0,24.2,37.3,1.1118
2004-07-03 02:00:00,2,Saturday,2004-07,0.7,897.0,4.6,50.0,77.0,807.0,23.4,40.6,1.1571
2004-07-03 03:00:00,3,Saturday,2004-07,0.7,900.0,4.7,,,817.0,21.8,46.6,1.1991
2004-07-03 04:00:00,4,Saturday,2004-07,0.4,828.0,2.8,27.0,41.0,573.0,22.6,43.0,1.1629
2004-07-03 05:00:00,5,Saturday,2004-07,0.7,892.0,4.5,74.0,68.0,768.0,20.2,50.7,1.1844
2004-07-03 06:00:00,6,Saturday,2004-07,0.7,914.0,5.9,69.0,69.0,807.0,20.5,49.3,1.176
2004-07-03 07:00:00,7,Saturday,2004-07,1.8,1096.0,11.1,162.0,101.0,1204.0,21.4,48.0,1.2086
2004-07-03 08:00:00,8,Saturday,2004-07,2.3,1173.0,14.4,208.0,120.0,1401.0,23.2,43.9,1.2344
2004-07-03 09:00:00,9,Saturday,2004-07,1.9,1125.0,11.1,168.0,124.0,1256.0,25.3,40.7,1.2921
2004-07-03 10:00:00,10,Saturday,2004-07,1.7,1079.0,9.9,139.0,113.0,999.0,29.9,31.1,1.2883
2004-07-03 11:00:00,11,Saturday,2004-07,1.3,974.0,8.8,104.0,97.0,712.0,33.9,21.3,1.1067
2004-07-03 12:00:00,12,Saturday,2004-07,1.5,977.0,9.9,99.0,94.0,712.0,36.3,16.0,0.9465
2004-07-03 13:00:00,13,Saturday,2004-07,1.3,912.0,7.4,89.0,86.0,614.0,36.6,15.2,0.9177
2004-07-03 14:00:00,14,Saturday,2004-07,0.8,896.0,6.1,57.0,70.0,554.0,37.4,15.8,0.9998
2004-07-03 15:00:00,15,Saturday,2004-07,0.8,896.0,6.2,64.0,70.0,722.0,37.9,15.0,0.9721
2004-07-03 16:00:00,16,Saturday,2004-07,1.1,956.0,7.1,65.0,82.0,636.0,38.0,16.8,1.0933
2004-07-03 17:00:00,17,Saturday,2004-07,1.2,970.0,8.0,79.0,93.0,664.0,36.9,17.5,1.0789
2004-07-03 18:00:00,18,Saturday,2004-07,1.2,929.0,7.3,80.0,89.0,624.0,35.3,17.0,0.9561
2004-07-03 19:00:00,19,Saturday,2004-07,1.4,947.0,8.7,81.0,90.0,659.0,31.9,20.4,0.9462
2004-07-03 20:00:00,20,Saturday,2004-07,1.1,1003.0,7.5,59.0,67.0,695.0,29.1,29.6,1.1792
2004-07-03 21:00:00,21,Saturday,2004-07,1.5,1045.0,9.0,90.0,94.0,920.0,27.4,33.4,1.2022
2004-07-03 22:00:00,22,Saturday,2004-07,2.0,1125.0,11.6,122.0,109.0,1150.0,26.7,35.8,1.2318
2004-07-03 23:00:00,23,Saturday,2004-07,1.9,1138.0,10.2,120.0,103.0,1141.0,25.2,42.7,1.3473
2004-07-04 00:00:00,0,Sunday,2004-07,2.2,1217.0,12.3,126.0,101.0,1227.0,24.0,51.9,1.5252
2004-07-04 01:00:00,1,Sunday,2004-07,1.1,983.0,6.4,68.0,71.0,887.0,24.5,44.4,1.3476
2004-07-04 02:00:00,2,Sunday,2004-07,1.1,1007.0,7.2,65.0,71.0,987.0,22.6,51.0,1.3805
2004-07-04 03:00:00,3,Sunday,2004-07,0.8,957.0,6.1,,,903.0,22.2,52.7,1.3891
2004-07-04 04:00:00,4,Sunday,2004-07,0.6,914.0,4.3,38.0,49.0,780.0,21.2,56.8,1.4094
2004-07-04 05:00:00,5,Sunday,2004-07,0.6,886.0,3.8,31.0,43.0,767.0,20.3,59.6,1.3994
2004-07-04 06:00:00,6,Sunday,2004-07,0.6,899.0,4.0,40.0,44.0,780.0,21.3,56.7,1.4178
2004-07-04 07:00:00,7,Sunday,2004-07,0.6,942.0,4.2,36.0,42.0,698.0,23.0,54.6,1.5177
2004-07-04 08:00:00,8,Sunday,2004-07,1.1,1022.0,6.1,64.0,69.0,821.0,23.7,54.3,1.5731
2004-07-04 09:00:00,9,Sunday,2004-07,1.0,1009.0,6.0,56.0,65.0,772.0,25.4,49.3,1.5732
2004-07-04 10:00:00,10,Sunday,2004-07,1.0,1025.0,5.9,56.0,68.0,690.0,29.6,37.7,1.544
2004-07-04 11:00:00,11,Sunday,2004-07,1.0,977.0,5.4,43.0,58.0,586.0,33.9,26.2,1.3664
2004-07-04 12:00:00,12,Sunday,2004-07,0.8,936.0,4.9,40.0,52.0,523.0,35.8,22.4,1.2933
2004-07-04 13:00:00,13,Sunday,2004-07,0.7,884.0,3.9,34.0,46.0,488.0,37.9,18.8,1.222
2004-07-04 14:00:00,14,Sunday,2004-07,0.4,809.0,3.2,28.0,40.0,427.0,38.5,14.8,0.9942
2004-07-04 15:00:00,15,Sunday,2004-07,0.5,852.0,4.1,32.0,47.0,468.0,39.3,14.5,1.0149
2004-07-04 16:00:00,16,Sunday,2004-07,0.6,872.0,4.0,39.0,56.0,489.0,38.9,15.6,1.0613
2004-07-04 17:00:00,17,Sunday,2004-07,0.7,839.0,4.8,52.0,64.0,515.0,37.9,12.7,0.8211
2004-07-04 18:00:00,18,Sunday,2004-07,0.9,854.0,5.5,60.0,71.0,562.0,35.8,13.4,0.7749
2004-07-04 19:00:00,19,Sunday,2004-07,1.6,971.0,9.1,104.0,103.0,776.0,32.3,19.7,0.9345
2004-07-04 20:00:00,20,Sunday,2004-07,1.6,985.0,9.1,102.0,97.0,833.0,30.1,23.5,0.9869
2004-07-04 21:00:00,21,Sunday,2004-07,1.7,1027.0,10.1,120.0,108.0,1023.0,28.2,28.7,1.0806
2004-07-04 22:00:00,22,Sunday,2004-07,1.3,1012.0,7.4,89.0,87.0,967.0,26.0,35.7,1.1842
2004-07-04 23:00:00,23,Sunday,2004-07,1.9,1086.0,9.9,121.0,104.0,1089.0,25.3,39.2,1.2452
2004-07-05 00:00:00,0,Monday,2004-07,1.5,1025.0,9.0,107.0,93.0,1103.0,24.7,38.7,1.1845
2004-07-05 01:00:00,1,Monday,2004-07,0.6,848.0,3.7,41.0,55.0,734.0,25.5,35.7,1.1499
2004-07-05 02:00:00,2,Monday,2004-07,0.4,839.0,3.0,34.0,49.0,671.0,22.5,43.2,1.1589
2004-07-05 03:00:00,3,Monday,2004-07,0.3,814.0,2.5,,,696.0,21.6,46.1,1.1761
2004-07-05 04:00:00,4,Monday,2004-07,,816.0,2.6,41.0,56.0,729.0,19.7,51.4,1.1688
2004-07-05 05:00:00,5,Monday,2004-07,0.4,799.0,2.4,38.0,43.0,641.0,21.6,45.7,1.1665
2004-07-05 06:00:00,6,Monday,2004-07,0.7,879.0,5.6,59.0,57.0,825.0,21.1,47.3,1.1654
2004-07-05 07:00:00,7,Monday,2004-07,2.0,1104.0,14.3,165.0,80.0,1179.0,21.6,44.1,1.1269
2004-07-05 08:00:00,8,Monday,2004-07,3.9,1344.0,27.7,287.0,134.0,1651.0,23.7,37.9,1.0988
2004-07-05 09:00:00,9,Monday,2004-07,3.6,1226.0,19.1,317.0,157.0,1474.0,26.0,30.1,0.9953
2004-07-05 10:00:00,10,Monday,2004-07,3.2,1157.0,15.9,330.0,175.0,1370.0,30.6,23.2,1.001
2004-07-05 11:00:00,11,Monday,2004-07,2.2,1059.0,12.3,204.0,147.0,1141.0,34.1,19.1,1.0048
2004-07-05 12:00:00,12,Monday,2004-07,2.2,1076.0,12.2,189.0,140.0,1076.0,36.2,18.0,1.0636
2004-07-05 13:00:00,13,Monday,2004-07,2.1,1066.0,11.7,165.0,137.0,1036.0,37.4,17.3,1.0914
2004-07-05 14:00:00,14,Monday,2004-07,1.8,1049.0,10.4,139.0,123.0,881.0,39.5,15.6,1.102
2004-07-05 15:00:00,15,Monday,2004-07,2.0,1097.0,12.7,156.0,138.0,960.0,40.4,14.9,1.1033
2004-07-05 16:00:00,16,Monday,2004-07,1.8,1087.0,11.1,130.0,132.0,883.0,40.1,16.1,1.1699
2004-07-05 17:00:00,17,Monday,2004-07,3.0,1269.0,19.0,173.0,174.0,1221.0,39.3,18.9,1.3251
2004-07-05 18:00:00,18,Monday,2004-07,4.3,1328.0,24.1,302.0,203.0,1518.0,37.3,19.9,1.2437
2004-07-05 19:00:00,19,Monday,2004-07,3.5,1200.0,19.1,239.0,176.0,1264.0,33.6,22.9,1.1747
2004-07-05 20:00:00,20,Monday,2004-07,2.5,1098.0,13.6,139.0,125.0,1061.0,30.7,28.9,1.2501
2004-07-05 21:00:00,21,Monday,2004-07,1.8,1058.0,10.7,92.0,98.0,947.0,28.8,32.8,1.2776
2004-07-05 22:00:00,22,Monday,2004-07,1.9,1081.0,11.3,104.0,103.0,1059.0,27.3,36.8,1.3207
2004-07-05 23:00:00,23,Monday,2004-07,1.9,1062.0,9.6,108.0,104.0,1030.0,26.2,39.7,1.3249
2004-07-06 00:00:00,0,Tuesday,2004-07,1.9,1078.0,9.8,107.0,105.0,1065.0,25.4,43.0,1.37
2004-07-06 01:00:00,1,Tuesday,2004-07,0.9,917.0,4.9,55.0,75.0,893.0,25.8,41.0,1.3461
2004-07-06 02:00:00,2,Tuesday,2004-07,0.7,881.0,4.1,43.0,60.0,837.0,23.3,48.4,1.3677
2004-07-06 03:00:00,3,Tuesday,2004-07,0.6,865.0,3.3,,,807.0,23.5,47.8,1.3607
2004-07-06 04:00:00,4,Tuesday,2004-07,0.4,829.0,2.2,23.0,36.0,596.0,23.5,46.7,1.3361
2004-07-06 05:00:00,5,Tuesday,2004-07,0.7,913.0,4.6,65.0,66.0,884.0,21.8,52.3,1.3539
2004-07-06 06:00:00,6,Tuesday,2004-07,1.6,1077.0,10.2,165.0,97.0,1170.0,21.8,52.5,1.3529
2004-07-06 07:00:00,7,Tuesday,2004-07,3.8,1337.0,23.3,274.0,115.0,1596.0,22.9,49.1,1.3546
2004-07-06 08:00:00,8,Tuesday,2004-07,5.1,1467.0,31.0,369.0,145.0,1873.0,24.9,43.3,1.3422
2004-07-06 09:00:00,9,Tuesday,2004-07,3.4,1257.0,17.6,308.0,162.0,1608.0,26.7,39.4,1.3556
2004-07-06 10:00:00,10,Tuesday,2004-07,2.6,1227.0,14.3,227.0,147.0,1470.0,30.5,32.9,1.4135
2004-07-06 11:00:00,11,Tuesday,2004-07,2.2,1188.0,13.7,178.0,132.0,1275.0,34.2,27.2,1.4404
2004-07-06 12:00:00,12,Tuesday,2004-07,3.4,1301.0,19.3,267.0,179.0,1407.0,38.2,20.9,1.3701
2004-07-06 13:00:00,13,Tuesday,2004-07,3.4,1201.0,19.3,278.0,174.0,1302.0,39.6,16.9,1.2028
2004-07-06 14:00:00,14,Tuesday,2004-07,1.8,1058.0,11.3,165.0,132.0,931.0,39.9,15.8,1.141
2004-07-06 15:00:00,15,Tuesday,2004-07,2.0,1037.0,12.7,172.0,151.0,917.0,40.2,13.9,1.02
2004-07-06 16:00:00,16,Tuesday,2004-07,2.4,1055.0,15.3,216.0,168.0,985.0,39.6,13.2,0.9332
2004-07-06 17:00:00,17,Tuesday,2004-07,3.8,1179.0,22.5,306.0,192.0,1265.0,39.5,12.6,0.8894
2004-07-06 18:00:00,18,Tuesday,2004-07,4.4,1298.0,25.0,317.0,194.0,2475.0,37.9,13.9,0.9015
2004-07-06 19:00:00,19,Tuesday,2004-07,3.9,1213.0,21.1,251.0,155.0,2021.0,34.2,17.9,0.9444
2004-07-06 20:00:00,20,Tuesday,2004-07,4.0,1233.0,23.8,230.0,159.0,1834.0,32.6,20.6,0.9939
2004-07-06 21:00:00,21,Tuesday,2004-07,2.5,1086.0,14.9,154.0,125.0,1426.0,30.4,23.2,0.9889
2004-07-06 22:00:00,22,Tuesday,2004-07,2.1,1056.0,12.8,137.0,108.0,1272.0,28.8,25.1,0.9793
2004-07-06 23:00:00,23,Tuesday,2004-07,2.4,1138.0,14.3,133.0,110.0,1490.0,27.8,29.9,1.1018
2004-07-07 00:00:00,0,Wednesday,2004-07,2.1,1112.0,14.3,117.0,99.0,1440.0,26.9,32.6,1.1381
2004-07-07 01:00:00,1,Wednesday,2004-07,1.6,992.0,9.2,106.0,95.0,1271.0,26.3,33.7,1.1377
2004-07-07 02:00:00,2,Wednesday,2004-07,0.8,895.0,5.1,55.0,69.0,985.0,25.7,33.9,1.1065
2004-07-07 03:00:00,3,Wednesday,2004-07,0.5,843.0,3.0,,,826.0,24.8,36.0,1.1109
2004-07-07 04:00:00,4,Wednesday,2004-07,0.4,828.0,2.6,27.0,45.0,754.0,25.5,34.6,1.1096
2004-07-07 05:00:00,5,Wednesday,2004-07,0.5,894.0,4.0,46.0,53.0,853.0,24.0,37.8,1.1077
2004-07-07 06:00:00,6,Wednesday,2004-07,1.3,1072.0,9.9,144.0,88.0,1340.0,23.9,39.3,1.1522
2004-07-07 07:00:00,7,Wednesday,2004-07,4.1,1425.0,27.3,392.0,136.0,1869.0,24.8,38.4,1.1808
2004-07-07 08:00:00,8,Wednesday,2004-07,4.1,1428.0,27.9,358.0,141.0,2021.0,26.9,34.4,1.2036
2004-07-07 09:00:00,9,Wednesday,2004-07,4.0,1359.0,24.5,381.0,189.0,1902.0,29.6,28.7,1.1706
2004-07-07 10:00:00,10,Wednesday,2004-07,2.2,1182.0,14.2,261.0,166.0,1527.0,34.6,21.1,1.1398
2004-07-07 11:00:00,11,Wednesday,2004-07,2.0,1117.0,11.9,207.0,154.0,1260.0,38.3,17.0,1.1216
2004-07-07 12:00:00,12,Wednesday,2004-07,2.0,1119.0,13.1,155.0,149.0,1124.0,40.4,14.5,1.0736
2004-07-07 13:00:00,13,Wednesday,2004-07,2.2,1068.0,15.1,193.0,142.0,1309.0,42.6,9.6,0.8012
2004-07-07 14:00:00,14,Wednesday,2004-07,2.2,1090.0,14.1,195.0,130.0,1283.0,42.5,10.2,0.8478
2004-07-07 15:00:00,15,Wednesday,2004-07,1.8,1056.0,11.3,159.0,121.0,1068.0,41.0,11.6,0.8872
2004-07-07 16:00:00,16,Wednesday,2004-07,1.8,1098.0,10.8,120.0,116.0,937.0,41.3,13.0,1.0154
2004-07-07 17:00:00,17,Wednesday,2004-07,3.3,1318.0,21.5,228.0,177.0,1416.0,39.2,14.5,1.0106
2004-07-07 18:00:00,18,Wednesday,2004-07,4.3,1348.0,21.8,348.0,233.0,1611.0,36.9,17.9,1.096
2004-07-07 19:00:00,19,Wednesday,2004-07,5.3,1502.0,29.8,337.0,223.0,1919.0,35.6,20.4,1.1646
2004-07-07 20:00:00,20,Wednesday,2004-07,4.3,1373.0,22.5,282.0,184.0,1745.0,33.7,22.6,1.1658
2004-07-07 21:00:00,21,Wednesday,2004-07,3.6,1397.0,21.8,228.0,165.0,1837.0,31.5,27.8,1.2671
2004-07-07 22:00:00,22,Wednesday,2004-07,2.4,1286.0,17.1,168.0,132.0,1759.0,31.1,29.3,1.3055
2004-07-07 23:00:00,23,Wednesday,2004-07,2.1,1222.0,15.4,173.0,122.0,1593.0,30.2,30.9,1.3026
2004-07-08 00:00:00,0,Thursday,2004-07,1.2,1069.0,10.2,87.0,88.0,1357.0,29.8,30.2,1.2502
2004-07-08 01:00:00,1,Thursday,2004-07,0.9,1011.0,7.2,65.0,79.0,1231.0,28.4,32.5,1.2361
2004-07-08 02:00:00,2,Thursday,2004-07,0.6,962.0,5.8,43.0,60.0,1066.0,27.5,34.0,1.231
2004-07-08 03:00:00,3,Thursday,2004-07,0.5,919.0,4.2,,,992.0,26.8,35.3,1.2243
2004-07-08 04:00:00,4,Thursday,2004-07,,969.0,5.1,43.0,60.0,1063.0,24.5,40.4,1.2251
2004-07-08 05:00:00,5,Thursday,2004-07,0.6,986.0,5.4,66.0,74.0,1204.0,25.6,38.8,1.2545
2004-07-08 06:00:00,6,Thursday,2004-07,0.6,990.0,6.2,57.0,62.0,1079.0,27.5,34.6,1.2518
2004-07-08 07:00:00,7,Thursday,2004-07,2.2,1296.0,16.9,231.0,115.0,1593.0,25.9,37.4,1.2289
2004-07-08 08:00:00,8,Thursday,2004-07,3.2,1371.0,23.2,219.0,119.0,1745.0,28.5,32.5,1.2441
2004-07-08 09:00:00,9,Thursday,2004-07,3.0,1385.0,18.0,288.0,155.0,1847.0,29.5,32.7,1.3229
2004-07-08 10:00:00,10,Thursday,2004-07,2.7,1381.0,17.6,312.0,162.0,1845.0,29.8,33.1,1.3693
2004-07-08 11:00:00,11,Thursday,2004-07,3.2,1396.0,20.3,361.0,189.0,1886.0,33.4,26.8,1.3586
2004-07-08 12:00:00,12,Thursday,2004-07,1.4,1070.0,10.6,147.0,115.0,1039.0,40.3,15.8,1.1604
2004-07-08 13:00:00,13,Thursday,2004-07,1.3,1076.0,9.9,111.0,109.0,923.0,41.8,15.0,1.1989
2004-07-08 14:00:00,14,Thursday,2004-07,1.4,1126.0,10.7,98.0,108.0,926.0,41.1,15.7,1.2071
2004-07-08 15:00:00,15,Thursday,2004-07,2.1,1225.0,16.5,156.0,145.0,1277.0,41.9,14.8,1.1944
2004-07-08 16:00:00,16,Thursday,2004-07,2.4,1202.0,16.9,213.0,167.0,1301.0,40.9,14.6,1.114
2004-07-08 17:00:00,17,Thursday,2004-07,3.1,1308.0,20.5,250.0,200.0,1385.0,39.1,16.9,1.1705
2004-07-08 18:00:00,18,Thursday,2004-07,3.5,1440.0,19.4,253.0,178.0,1474.0,36.4,27.3,1.6308
2004-07-08 19:00:00,19,Thursday,2004-07,5.1,1611.0,30.0,317.0,206.0,1948.0,34.9,29.3,1.611
2004-07-08 20:00:00,20,Thursday,2004-07,4.5,1387.0,24.6,309.0,192.0,1677.0,33.6,26.4,1.3515
2004-07-08 21:00:00,21,Thursday,2004-07,2.9,1268.0,16.9,201.0,137.0,1434.0,32.2,27.6,1.3044
2004-07-08 22:00:00,22,Thursday,2004-07,2.6,1237.0,15.8,173.0,128.0,1424.0,30.5,29.7,1.2742
2004-07-08 23:00:00,23,Thursday,2004-07,2.7,1302.0,16.6,156.0,121.0,1504.0,29.4,35.6,1.4383
2004-07-09 00:00:00,0,Friday,2004-07,3.2,1347.0,19.5,190.0,136.0,1661.0,29.1,34.8,1.38
2004-07-09 01:00:00,1,Friday,2004-07,2.3,1355.0,16.6,129.0,109.0,1714.0,27.7,41.9,1.537
2004-07-09 02:00:00,2,Friday,2004-07,1.0,1023.0,6.2,65.0,74.0,1050.0,27.9,41.6,1.5425
2004-07-09 03:00:00,3,Friday,2004-07,0.5,903.0,2.7,,,550.0,27.8,43.7,1.6039
2004-07-09 04:00:00,4,Friday,2004-07,0.4,876.0,2.3,29.0,40.0,456.0,27.4,42.2,1.5177
2004-07-09 05:00:00,5,Friday,2004-07,0.6,932.0,3.9,58.0,61.0,554.0,26.6,42.8,1.4713
2004-07-09 06:00:00,6,Friday,2004-07,1.0,1020.0,7.2,92.0,83.0,744.0,26.9,40.3,1.4041
2004-07-09 07:00:00,7,Friday,2004-07,2.9,1264.0,18.1,228.0,129.0,1280.0,27.0,37.3,1.3081
2004-07-09 08:00:00,8,Friday,2004-07,2.7,1179.0,15.1,172.0,,1096.0,27.0,35.3,1.2396
2004-07-09 09:00:00,9,Friday,2004-07,1.8,1079.0,9.7,154.0,115.0,927.0,27.4,32.0,1.1545
2004-07-09 10:00:00,10,Friday,2004-07,1.8,1036.0,9.4,166.0,130.0,840.0,30.5,24.7,1.0592
2004-07-09 11:00:00,11,Friday,2004-07,1.7,1002.0,9.6,149.0,137.0,786.0,32.9,20.1,0.9902
2004-07-09 12:00:00,12,Friday,2004-07,1.5,995.0,9.5,111.0,116.0,690.0,33.9,18.4,0.9587
2004-07-09 13:00:00,13,Friday,2004-07,1.7,1008.0,9.6,145.0,129.0,742.0,34.4,19.3,1.0325
2004-07-09 14:00:00,14,Friday,2004-07,1.3,978.0,9.6,105.0,117.0,680.0,34.2,19.6,1.0399
2004-07-09 15:00:00,15,Friday,2004-07,1.5,989.0,10.3,113.0,138.0,705.0,33.2,20.4,1.0195
2004-07-09 16:00:00,16,Friday,2004-07,1.5,961.0,10.2,115.0,139.0,677.0,32.4,19.1,0.915
2004-07-09 17:00:00,17,Friday,2004-07,2.3,1009.0,14.0,202.0,180.0,877.0,32.2,17.1,0.8124
2004-07-09 18:00:00,18,Friday,2004-07,2.2,970.0,14.0,180.0,162.0,844.0,31.0,17.1,0.7526
2004-07-09 19:00:00,19,Friday,2004-07,2.8,1097.0,16.6,190.0,158.0,1006.0,28.3,24.9,0.9412
2004-07-09 20:00:00,20,Friday,2004-07,2.7,1065.0,13.6,207.0,162.0,987.0,26.6,30.2,1.033
2004-07-09 21:00:00,21,Friday,2004-07,1.7,1036.0,10.2,113.0,112.0,868.0,24.8,36.8,1.1357
2004-07-09 22:00:00,22,Friday,2004-07,1.5,1049.0,9.5,98.0,104.0,861.0,23.7,43.4,1.2495
2004-07-09 23:00:00,23,Friday,2004-07,2.3,1147.0,11.8,152.0,125.0,1042.0,23.0,46.2,1.2815
2004-07-10 00:00:00,0,Saturday,2004-07,2.3,1118.0,13.0,161.0,127.0,1080.0,22.7,47.7,1.2977
2004-07-10 01:00:00,1,Saturday,2004-07,1.5,1016.0,9.6,91.0,95.0,811.0,22.2,49.5,1.3081
2004-07-10 02:00:00,2,Saturday,2004-07,1.0,940.0,6.7,57.0,70.0,704.0,21.6,51.9,1.3254
2004-07-10 03:00:00,3,Saturday,2004-07,0.5,836.0,2.9,,,522.0,22.3,50.4,1.3379
2004-07-10 04:00:00,4,Saturday,2004-07,0.3,831.0,2.6,22.0,33.0,484.0,22.4,49.7,1.3333
2004-07-10 05:00:00,5,Saturday,2004-07,0.4,877.0,4.0,41.0,45.0,580.0,21.7,52.0,1.3313
2004-07-10 06:00:00,6,Saturday,2004-07,0.5,872.0,4.3,53.0,56.0,668.0,21.1,53.2,1.3181
2004-07-10 07:00:00,7,Saturday,2004-07,0.9,958.0,5.9,92.0,74.0,835.0,22.0,51.0,1.3296
2004-07-10 08:00:00,8,Saturday,2004-07,1.1,959.0,6.8,91.0,84.0,739.0,25.0,41.6,1.301
2004-07-10 09:00:00,9,Saturday,2004-07,1.4,997.0,8.8,89.0,93.0,763.0,26.7,36.4,1.2596
2004-07-10 10:00:00,10,Saturday,2004-07,1.1,916.0,6.7,81.0,97.0,614.0,29.1,29.7,1.1751
2004-07-10 11:00:00,11,Saturday,2004-07,0.9,895.0,6.4,66.0,83.0,566.0,31.2,23.4,1.0487
2004-07-10 12:00:00,12,Saturday,2004-07,0.8,855.0,6.0,53.0,71.0,508.0,32.4,20.5,0.9806
2004-07-10 13:00:00,13,Saturday,2004-07,0.8,861.0,6.0,61.0,78.0,509.0,33.3,19.2,0.9634
2004-07-10 14:00:00,14,Saturday,2004-07,0.6,821.0,5.0,48.0,62.0,457.0,33.1,16.8,0.8391
2004-07-10 15:00:00,15,Saturday,2004-07,0.6,835.0,4.4,39.0,54.0,438.0,33.1,18.3,0.9081
2004-07-10 16:00:00,16,Saturday,2004-07,0.5,813.0,4.4,41.0,59.0,427.0,32.4,18.0,0.8599
2004-07-10 17:00:00,17,Saturday,2004-07,0.7,833.0,5.5,48.0,69.0,453.0,31.8,18.7,0.8624
2004-07-10 18:00:00,18,Saturday,2004-07,0.8,859.0,5.8,50.0,67.0,479.0,30.3,21.4,0.9064
2004-07-10 19:00:00,19,Saturday,2004-07,0.9,887.0,5.3,51.0,58.0,500.0,27.2,28.2,1.0013
2004-07-10 20:00:00,20,Saturday,2004-07,1.3,970.0,8.0,70.0,77.0,647.0,26.1,33.7,1.1228
2004-07-10 21:00:00,21,Saturday,2004-07,1.3,990.0,7.2,89.0,94.0,728.0,24.7,38.8,1.1929
2004-07-10 22:00:00,22,Saturday,2004-07,1.4,1022.0,8.0,100.0,97.0,820.0,23.4,43.2,1.229
2004-07-10 23:00:00,23,Saturday,2004-07,1.9,1075.0,10.4,139.0,110.0,946.0,23.1,44.2,1.2317
2004-07-11 00:00:00,0,Sunday,2004-07,2.3,1088.0,11.6,176.0,116.0,1018.0,22.7,45.3,1.2299
2004-07-11 01:00:00,1,Sunday,2004-07,1.0,925.0,6.4,71.0,74.0,789.0,21.6,47.5,1.2118
2004-07-11 02:00:00,2,Sunday,2004-07,0.5,853.0,4.1,37.0,51.0,647.0,22.0,45.8,1.1965
2004-07-11 03:00:00,3,Sunday,2004-07,1.0,918.0,6.4,,,785.0,20.4,51.3,1.2131
2004-07-11 04:00:00,4,Sunday,2004-07,0.4,796.0,2.7,30.0,40.0,576.0,20.6,50.3,1.2041
2004-07-11 05:00:00,5,Sunday,2004-07,0.3,796.0,2.6,29.0,36.0,555.0,20.6,50.6,1.2119
2004-07-11 06:00:00,6,Sunday,2004-07,0.2,795.0,2.3,25.0,35.0,552.0,21.3,48.8,1.2189
2004-07-11 07:00:00,7,Sunday,2004-07,0.4,842.0,3.1,40.0,48.0,620.0,20.4,52.6,1.247
2004-07-11 08:00:00,8,Sunday,2004-07,0.3,850.0,3.1,32.0,38.0,557.0,23.5,44.0,1.2596
2004-07-11 09:00:00,9,Sunday,2004-07,0.6,884.0,4.0,43.0,54.0,556.0,25.7,37.9,1.2334
2004-07-11 10:00:00,10,Sunday,2004-07,0.6,907.0,4.6,44.0,57.0,573.0,27.9,33.6,1.2433
2004-07-11 11:00:00,11,Sunday,2004-07,0.6,846.0,3.9,35.0,54.0,514.0,29.0,28.3,1.1116
2004-07-11 12:00:00,12,Sunday,2004-07,0.5,827.0,3.8,32.0,46.0,478.0,29.5,25.9,1.0489
2004-07-11 13:00:00,13,Sunday,2004-07,0.4,804.0,2.8,21.0,36.0,424.0,31.8,22.3,1.0366
2004-07-11 14:00:00,14,Sunday,2004-07,0.2,775.0,2.5,10.0,19.0,386.0,32.2,20.0,0.9488
2004-07-11 15:00:00,15,Sunday,2004-07,0.4,802.0,3.0,22.0,34.0,403.0,32.4,19.3,0.922
2004-07-11 16:00:00,16,Sunday,2004-07,0.6,844.0,4.7,46.0,63.0,462.0,33.0,17.7,0.8758
2004-07-11 17:00:00,17,Sunday,2004-07,0.9,881.0,5.0,66.0,86.0,489.0,32.0,19.8,0.9273
2004-07-11 18:00:00,18,Sunday,2004-07,0.7,877.0,4.5,49.0,65.0,463.0,29.6,24.1,0.9831
2004-07-11 19:00:00,19,Sunday,2004-07,1.2,931.0,7.7,86.0,101.0,585.0,26.9,27.1,0.948
2004-07-11 20:00:00,20,Sunday,2004-07,1.6,1011.0,9.7,111.0,116.0,748.0,25.3,30.9,0.9815
2004-07-11 21:00:00,21,Sunday,2004-07,1.8,1035.0,11.0,143.0,124.0,940.0,24.2,35.9,1.0684
2004-07-11 22:00:00,22,Sunday,2004-07,2.4,1153.0,11.8,184.0,136.0,1022.0,23.2,43.2,1.2104
2004-07-11 23:00:00,23,Sunday,2004-07,1.5,1020.0,8.7,134.0,108.0,929.0,22.7,43.9,1.1962
2004-07-12 00:00:00,0,Monday,2004-07,0.9,954.0,7.5,78.0,82.0,834.0,21.6,44.0,1.1244
2004-07-12 01:00:00,1,Monday,2004-07,0.8,903.0,5.7,50.0,68.0,751.0,20.7,46.4,1.1198
2004-07-12 02:00:00,2,Monday,2004-07,0.2,779.0,2.0,13.0,22.0,505.0,21.2,46.2,1.1482
2004-07-12 03:00:00,3,Monday,2004-07,0.1,761.0,1.4,,,486.0,22.7,42.3,1.1491
2004-07-12 04:00:00,4,Monday,2004-07,,780.0,1.8,24.0,34.0,501.0,19.9,51.3,1.1803
2004-07-12 05:00:00,5,Monday,2004-07,0.5,835.0,3.3,43.0,43.0,628.0,20.0,51.8,1.1967
2004-07-12 06:00:00,6,Monday,2004-07,1.4,1004.0,9.4,146.0,84.0,1043.0,18.5,57.4,1.2076
2004-07-12 07:00:00,7,Monday,2004-07,3.3,1272.0,21.1,333.0,108.0,1463.0,19.6,54.3,1.2278
2004-07-12 08:00:00,8,Monday,2004-07,3.6,1173.0,17.2,298.0,112.0,1358.0,21.3,49.7,1.2452
2004-07-12 09:00:00,9,Monday,2004-07,1.7,986.0,8.5,178.0,104.0,971.0,21.7,46.3,1.1867
2004-07-12 10:00:00,10,Monday,2004-07,1.5,942.0,6.8,177.0,107.0,894.0,23.4,39.4,1.1172
2004-07-12 11:00:00,11,Monday,2004-07,1.6,957.0,7.4,172.0,102.0,871.0,25.7,33.0,1.0763
2004-07-12 12:00:00,12,Monday,2004-07,2.1,1024.0,12.1,183.0,104.0,952.0,28.5,27.3,1.0479
2004-07-12 13:00:00,13,Monday,2004-07,2.1,962.0,9.6,164.0,96.0,843.0,27.0,27.9,0.9812
2004-07-12 14:00:00,14,Monday,2004-07,1.6,958.0,7.4,122.0,80.0,750.0,24.2,36.9,1.0966
2004-07-12 15:00:00,15,Monday,2004-07,1.3,933.0,6.4,105.0,72.0,710.0,26.0,34.9,1.1509
2004-07-12 16:00:00,16,Monday,2004-07,1.6,942.0,8.3,144.0,106.0,814.0,24.8,33.1,1.0222
2004-07-12 17:00:00,17,Monday,2004-07,3.1,1073.0,14.0,220.0,119.0,1052.0,24.0,36.3,1.0708
2004-07-12 18:00:00,18,Monday,2004-07,3.3,1086.0,15.3,207.0,119.0,1060.0,23.6,35.5,1.0187
2004-07-12 19:00:00,19,Monday,2004-07,3.4,1091.0,15.4,210.0,128.0,1153.0,23.6,35.7,1.0282
2004-07-12 20:00:00,20,Monday,2004-07,2.8,980.0,10.9,175.0,112.0,986.0,23.3,34.5,0.9768
2004-07-12 21:00:00,21,Monday,2004-07,1.5,904.0,7.5,117.0,95.0,781.0,22.5,36.8,0.988
2004-07-12 22:00:00,22,Monday,2004-07,1.3,865.0,5.2,93.0,85.0,653.0,21.3,38.7,0.9686
2004-07-12 23:00:00,23,Monday,2004-07,1.6,898.0,7.1,118.0,101.0,777.0,20.9,39.4,0.9596
2004-07-13 00:00:00,0,Tuesday,2004-07,1.5,945.0,7.6,132.0,94.0,1015.0,19.8,47.7,1.093
2004-07-13 01:00:00,1,Tuesday,2004-07,1.0,854.0,5.0,88.0,76.0,922.0,19.3,51.4,1.1387
2004-07-13 02:00:00,2,Tuesday,2004-07,0.5,751.0,2.0,43.0,50.0,678.0,18.4,53.4,1.117
2004-07-13 03:00:00,3,Tuesday,2004-07,0.4,723.0,1.5,,,584.0,18.8,51.1,1.1
2004-07-13 04:00:00,4,Tuesday,2004-07,0.6,754.0,2.5,44.0,51.0,725.0,16.3,59.8,1.1042
2004-07-13 05:00:00,5,Tuesday,2004-07,0.7,758.0,3.3,50.0,42.0,688.0,16.6,56.8,1.0629
2004-07-13 06:00:00,6,Tuesday,2004-07,1.3,873.0,7.3,101.0,62.0,887.0,16.2,57.4,1.0515
2004-07-13 07:00:00,7,Tuesday,2004-07,4.0,1176.0,23.8,339.0,111.0,1494.0,17.3,54.3,1.0631
2004-07-13 08:00:00,8,Tuesday,2004-07,5.0,1257.0,27.6,379.0,129.0,1647.0,19.2,48.8,1.0751
2004-07-13 09:00:00,9,Tuesday,2004-07,3.6,1137.0,16.7,321.0,135.0,1489.0,21.7,42.4,1.0859
2004-07-13 10:00:00,10,Tuesday,2004-07,2.8,1064.0,14.3,272.0,139.0,1361.0,26.4,29.9,1.0138
2004-07-13 11:00:00,11,Tuesday,2004-07,2.6,1026.0,13.3,278.0,134.0,1224.0,31.3,19.1,0.8634
2004-07-13 12:00:00,12,Tuesday,2004-07,2.7,986.0,14.5,253.0,141.0,1174.0,33.7,15.4,0.7913
2004-07-13 13:00:00,13,Tuesday,2004-07,2.3,908.0,11.5,187.0,112.0,901.0,34.5,13.3,0.7158
2004-07-13 14:00:00,14,Tuesday,2004-07,2.0,888.0,10.8,149.0,105.0,794.0,33.8,13.9,0.7172
2004-07-13 15:00:00,15,Tuesday,2004-07,1.3,843.0,6.4,89.0,72.0,577.0,30.1,19.4,0.8157
2004-07-13 16:00:00,16,Tuesday,2004-07,1.7,905.0,8.8,124.0,90.0,776.0,28.3,21.3,0.8054
2004-07-13 17:00:00,17,Tuesday,2004-07,2.8,1023.0,14.3,206.0,126.0,982.0,31.9,18.3,0.8523
2004-07-13 18:00:00,18,Tuesday,2004-07,3.8,1125.0,19.4,241.0,154.0,1256.0,32.0,20.1,0.9364
2004-07-13 19:00:00,19,Tuesday,2004-07,4.9,1211.0,27.1,303.0,173.0,1483.0,28.9,24.1,0.9495
2004-07-13 20:00:00,20,Tuesday,2004-07,4.3,1140.0,19.7,294.0,162.0,1390.0,27.3,27.1,0.967
2004-07-13 21:00:00,21,Tuesday,2004-07,2.6,1029.0,13.6,203.0,128.0,1195.0,26.0,28.5,0.9484
2004-07-13 22:00:00,22,Tuesday,2004-07,2.4,981.0,12.1,176.0,120.0,1135.0,25.2,28.6,0.9008
2004-07-13 23:00:00,23,Tuesday,2004-07,1.9,971.0,11.0,155.0,111.0,1115.0,24.3,31.1,0.9316
2004-07-14 00:00:00,0,Wednesday,2004-07,1.4,927.0,8.8,108.0,89.0,1026.0,23.6,33.8,0.9685
2004-07-14 01:00:00,1,Wednesday,2004-07,1.1,868.0,6.7,72.0,69.0,836.0,23.0,33.8,0.9406
2004-07-14 02:00:00,2,Wednesday,2004-07,0.9,863.0,6.3,65.0,70.0,925.0,22.2,38.4,1.0126
2004-07-14 03:00:00,3,Wednesday,2004-07,0.7,820.0,4.1,,,933.0,20.4,42.6,1.0083
2004-07-14 04:00:00,4,Wednesday,2004-07,0.5,777.0,2.9,39.0,59.0,781.0,20.5,42.3,1.0091
2004-07-14 05:00:00,5,Wednesday,2004-07,0.8,855.0,5.0,79.0,73.0,959.0,18.8,49.0,1.0505
2004-07-14 06:00:00,6,Wednesday,2004-07,1.3,960.0,9.9,140.0,89.0,1155.0,18.8,49.4,1.0624
2004-07-14 07:00:00,7,Wednesday,2004-07,4.7,1310.0,27.5,427.0,142.0,1686.0,19.9,46.5,1.071
2004-07-14 08:00:00,8,Wednesday,2004-07,4.6,1339.0,30.4,366.0,145.0,1791.0,22.1,41.7,1.098
2004-07-14 09:00:00,9,Wednesday,2004-07,3.7,1211.0,19.8,311.0,156.0,1643.0,24.0,36.4,1.0706
2004-07-14 10:00:00,10,Wednesday,2004-07,2.8,1068.0,15.7,275.0,148.0,1360.0,30.2,22.8,0.9616
2004-07-14 11:00:00,11,Wednesday,2004-07,1.8,932.0,11.3,195.0,122.0,944.0,33.4,17.1,0.8627
2004-07-14 12:00:00,12,Wednesday,2004-07,1.9,949.0,12.6,144.0,106.0,905.0,35.1,15.0,0.8381
2004-07-14 13:00:00,13,Wednesday,2004-07,2.0,944.0,11.9,162.0,106.0,884.0,34.1,16.0,0.8408
2004-07-14 14:00:00,14,Wednesday,2004-07,2.0,966.0,14.4,200.0,127.0,968.0,35.7,13.6,0.7836
2004-07-14 15:00:00,15,Wednesday,2004-07,2.1,940.0,12.4,176.0,113.0,929.0,35.3,13.8,0.7767
2004-07-14 16:00:00,16,Wednesday,2004-07,2.1,934.0,11.7,203.0,136.0,936.0,32.3,16.7,0.7946
2004-07-14 17:00:00,17,Wednesday,2004-07,3.2,1052.0,18.4,237.0,153.0,1107.0,36.0,13.3,0.7773
2004-07-14 18:00:00,18,Wednesday,2004-07,4.0,1109.0,22.9,263.0,172.0,1225.0,35.8,13.7,0.7868
2004-07-14 19:00:00,19,Wednesday,2004-07,4.6,1169.0,25.0,300.0,190.0,1372.0,32.3,18.4,0.8753
2004-07-14 20:00:00,20,Wednesday,2004-07,3.0,1093.0,15.5,189.0,160.0,1139.0,29.7,25.0,1.0246
2004-07-14 21:00:00,21,Wednesday,2004-07,2.9,1084.0,16.7,185.0,159.0,1505.0,27.8,26.6,0.9748
2004-07-14 22:00:00,22,Wednesday,2004-07,1.9,970.0,11.2,134.0,123.0,1074.0,26.3,27.3,0.9238
2004-07-14 23:00:00,23,Wednesday,2004-07,1.4,951.0,9.0,96.0,101.0,868.0,25.3,30.0,0.9508
2004-07-15 00:00:00,0,Thursday,2004-07,2.1,1038.0,12.1,122.0,116.0,1095.0,24.0,34.9,1.0271
2004-07-15 01:00:00,1,Thursday,2004-07,1.2,950.0,8.9,64.0,80.0,989.0,23.4,38.6,1.0968
2004-07-15 02:00:00,2,Thursday,2004-07,0.6,831.0,3.7,30.0,51.0,658.0,23.5,38.3,1.0972
2004-07-15 03:00:00,3,Thursday,2004-07,0.4,813.0,3.1,,,603.0,22.0,42.6,1.1146
2004-07-15 04:00:00,4,Thursday,2004-07,,797.0,2.5,23.0,37.0,562.0,21.6,44.0,1.1225
2004-07-15 05:00:00,5,Thursday,2004-07,0.4,824.0,3.1,36.0,46.0,618.0,21.4,45.6,1.1493
2004-07-15 06:00:00,6,Thursday,2004-07,0.7,879.0,5.7,58.0,64.0,747.0,21.1,47.1,1.1641
2004-07-15 07:00:00,7,Thursday,2004-07,2.3,1132.0,15.6,168.0,108.0,1229.0,21.3,48.4,1.2119
2004-07-15 08:00:00,8,Thursday,2004-07,4.0,1291.0,25.2,306.0,151.0,1494.0,22.9,47.9,1.3208
2004-07-15 09:00:00,9,Thursday,2004-07,2.8,1193.0,15.4,231.0,153.0,1281.0,24.4,45.5,1.3721
2004-07-15 10:00:00,10,Thursday,2004-07,1.6,1057.0,8.4,157.0,116.0,954.0,27.6,38.0,1.3818
2004-07-15 11:00:00,11,Thursday,2004-07,1.6,1027.0,8.0,132.0,116.0,810.0,31.1,29.6,1.318
2004-07-15 12:00:00,12,Thursday,2004-07,2.0,1084.0,12.1,136.0,130.0,882.0,33.4,24.7,1.2516
2004-07-15 13:00:00,13,Thursday,2004-07,2.0,1032.0,12.6,127.0,131.0,840.0,35.7,18.9,1.0865
2004-07-15 14:00:00,14,Thursday,2004-07,1.7,977.0,10.6,125.0,131.0,743.0,36.2,18.1,1.0724
2004-07-15 15:00:00,15,Thursday,2004-07,2.0,1039.0,12.6,138.0,135.0,880.0,37.1,17.7,1.094
2004-07-15 16:00:00,16,Thursday,2004-07,2.2,1056.0,14.3,163.0,152.0,928.0,36.5,18.1,1.0887
2004-07-15 17:00:00,17,Thursday,2004-07,3.2,1164.0,20.3,259.0,198.0,1218.0,35.5,19.1,1.0888
2004-07-15 18:00:00,18,Thursday,2004-07,3.6,1124.0,20.5,236.0,183.0,1170.0,33.7,20.0,1.0275
2004-07-15 19:00:00,19,Thursday,2004-07,3.8,1152.0,22.1,245.0,175.0,1620.0,30.5,22.7,0.9763
2004-07-15 20:00:00,20,Thursday,2004-07,4.8,1223.0,23.8,344.0,193.0,1508.0,28.7,26.2,1.0144
2004-07-15 21:00:00,21,Thursday,2004-07,2.8,1058.0,14.7,188.0,140.0,1318.0,26.7,28.9,0.9981
2004-07-15 22:00:00,22,Thursday,2004-07,2.6,1049.0,15.1,149.0,128.0,1189.0,25.7,31.6,1.0285
2004-07-15 23:00:00,23,Thursday,2004-07,1.9,1010.0,10.8,102.0,100.0,1000.0,24.5,35.7,1.0807
2004-07-16 00:00:00,0,Friday,2004-07,1.7,981.0,10.2,99.0,97.0,1020.0,24.3,36.3,1.0852
2004-07-16 01:00:00,1,Friday,2004-07,1.0,886.0,6.5,48.0,67.0,767.0,23.8,36.9,1.0748
2004-07-16 02:00:00,2,Friday,2004-07,0.7,821.0,3.9,36.0,58.0,674.0,23.7,37.3,1.076
2004-07-16 03:00:00,3,Friday,2004-07,0.5,784.0,2.8,,,588.0,22.2,40.6,1.0729
2004-07-16 04:00:00,4,Friday,2004-07,0.4,771.0,2.1,30.0,45.0,545.0,21.6,42.2,1.0762
2004-07-16 05:00:00,5,Friday,2004-07,0.6,819.0,3.4,56.0,62.0,685.0,20.3,46.8,1.1
2004-07-16 06:00:00,6,Friday,2004-07,0.7,836.0,4.7,51.0,59.0,702.0,20.7,45.9,1.1088
2004-07-16 07:00:00,7,Friday,2004-07,2.4,1114.0,15.8,172.0,102.0,1188.0,20.5,47.7,1.1419
2004-07-16 08:00:00,8,Friday,2004-07,4.4,1319.0,26.6,316.0,154.0,1589.0,22.4,46.6,1.247
2004-07-16 09:00:00,9,Friday,2004-07,3.1,1211.0,14.8,269.0,157.0,1331.0,24.2,48.5,1.4452
2004-07-16 10:00:00,10,Friday,2004-07,2.0,1051.0,9.3,196.0,138.0,1040.0,28.8,33.0,1.2825
2004-07-16 11:00:00,11,Friday,2004-07,2.1,1108.0,12.0,206.0,142.0,1137.0,32.8,25.2,1.2325
2004-07-16 12:00:00,12,Friday,2004-07,2.1,1014.0,10.9,156.0,125.0,851.0,34.4,19.9,1.0647
2004-07-16 13:00:00,13,Friday,2004-07,2.1,1003.0,11.9,120.0,120.0,782.0,36.5,16.7,1.0045
2004-07-16 14:00:00,14,Friday,2004-07,2.2,1021.0,13.2,161.0,150.0,908.0,37.5,14.3,0.9099
2004-07-16 15:00:00,15,Friday,2004-07,1.6,986.0,8.9,114.0,120.0,806.0,38.0,15.5,1.0119
2004-07-16 16:00:00,16,Friday,2004-07,2.4,1098.0,13.0,191.0,173.0,985.0,38.1,16.5,1.0828
2004-07-16 17:00:00,17,Friday,2004-07,3.3,1157.0,18.2,236.0,187.0,1211.0,37.3,17.3,1.084
2004-07-16 18:00:00,18,Friday,2004-07,4.0,1190.0,23.7,287.0,206.0,1411.0,35.9,17.7,1.0316
2004-07-16 19:00:00,19,Friday,2004-07,4.1,1183.0,21.6,266.0,187.0,1395.0,32.4,21.5,1.0303
2004-07-16 20:00:00,20,Friday,2004-07,4.2,1231.0,21.6,274.0,170.0,1578.0,30.3,25.6,1.0879
2004-07-16 21:00:00,21,Friday,2004-07,2.9,1102.0,16.5,196.0,149.0,1325.0,28.5,27.8,1.0665
2004-07-16 22:00:00,22,Friday,2004-07,2.3,1041.0,12.3,144.0,124.0,1185.0,26.9,30.5,1.0671
2004-07-16 23:00:00,23,Friday,2004-07,2.2,1090.0,13.6,142.0,119.0,1235.0,25.7,33.5,1.0918
2004-07-17 00:00:00,0,Saturday,2004-07,2.1,1074.0,12.8,124.0,108.0,1317.0,24.7,36.9,1.1302
2004-07-17 01:00:00,1,Saturday,2004-07,1.6,977.0,9.4,93.0,93.0,1114.0,23.6,39.2,1.1306
2004-07-17 02:00:00,2,Saturday,2004-07,1.2,949.0,8.3,71.0,77.0,1015.0,22.2,43.0,1.1363
2004-07-17 03:00:00,3,Saturday,2004-07,1.2,912.0,6.7,,,1015.0,21.2,45.8,1.1353
2004-07-17 04:00:00,4,Saturday,2004-07,0.9,863.0,4.6,56.0,76.0,961.0,21.3,45.9,1.1471
2004-07-17 05:00:00,5,Saturday,2004-07,0.6,834.0,3.6,46.0,58.0,796.0,21.6,45.0,1.151
2004-07-17 06:00:00,6,Saturday,2004-07,0.7,865.0,5.0,51.0,63.0,826.0,21.3,46.5,1.1608
2004-07-17 07:00:00,7,Saturday,2004-07,1.3,974.0,8.2,83.0,75.0,1057.0,21.1,46.9,1.1585
2004-07-17 08:00:00,8,Saturday,2004-07,2.0,1079.0,10.7,175.0,111.0,1302.0,22.8,43.0,1.1731
2004-07-17 09:00:00,9,Saturday,2004-07,1.9,1084.0,10.3,148.0,116.0,1284.0,25.0,38.3,1.198
2004-07-17 10:00:00,10,Saturday,2004-07,2.2,1107.0,12.9,167.0,138.0,1348.0,30.9,26.9,1.1835
2004-07-17 11:00:00,11,Saturday,2004-07,1.9,1040.0,11.0,120.0,117.0,1025.0,35.1,19.2,1.0664
2004-07-17 12:00:00,12,Saturday,2004-07,1.5,1019.0,8.3,78.0,94.0,759.0,36.9,17.2,1.0576
2004-07-17 13:00:00,13,Saturday,2004-07,1.4,1003.0,8.2,76.0,91.0,680.0,39.3,13.9,0.9715
2004-07-17 14:00:00,14,Saturday,2004-07,1.0,925.0,5.2,45.0,60.0,516.0,40.3,12.6,0.9302
2004-07-17 15:00:00,15,Saturday,2004-07,1.0,910.0,4.6,54.0,66.0,500.0,39.7,13.5,0.965
2004-07-17 16:00:00,16,Saturday,2004-07,1.4,1012.0,7.2,70.0,87.0,700.0,41.1,13.1,1.0124
2004-07-17 17:00:00,17,Saturday,2004-07,1.6,1100.0,9.4,87.0,106.0,1360.0,40.1,14.9,1.0828
2004-07-17 18:00:00,18,Saturday,2004-07,1.6,1046.0,8.0,69.0,94.0,722.0,37.4,17.0,1.0757
2004-07-17 19:00:00,19,Saturday,2004-07,2.1,1083.0,10.7,95.0,112.0,842.0,34.0,19.2,1.0073
2004-07-17 20:00:00,20,Saturday,2004-07,2.0,1050.0,9.6,107.0,120.0,879.0,31.7,21.6,0.9959
2004-07-17 21:00:00,21,Saturday,2004-07,1.9,1050.0,8.7,88.0,106.0,836.0,29.7,24.2,0.9926
2004-07-17 22:00:00,22,Saturday,2004-07,2.3,1142.0,11.6,100.0,112.0,1062.0,27.9,27.6,1.0252
2004-07-17 23:00:00,23,Saturday,2004-07,2.4,1165.0,11.8,125.0,120.0,1188.0,26.8,29.9,1.0402
2004-07-18 00:00:00,0,Sunday,2004-07,2.2,1136.0,10.5,132.0,114.0,1236.0,25.8,33.0,1.0826
2004-07-18 01:00:00,1,Sunday,2004-07,1.2,986.0,5.5,57.0,70.0,853.0,26.3,33.1,1.1199
2004-07-18 02:00:00,2,Sunday,2004-07,1.1,971.0,5.5,46.0,64.0,875.0,24.3,38.1,1.1398
2004-07-18 03:00:00,3,Sunday,2004-07,0.8,908.0,3.8,,,704.0,24.7,36.4,1.1158
2004-07-18 04:00:00,4,Sunday,2004-07,,882.0,2.9,34.0,55.0,666.0,23.3,39.5,1.1176
2004-07-18 05:00:00,5,Sunday,2004-07,0.6,900.0,3.4,33.0,50.0,679.0,21.1,45.6,1.1246
2004-07-18 06:00:00,6,Sunday,2004-07,0.7,935.0,4.1,50.0,62.0,877.0,20.2,48.5,1.1319
2004-07-18 07:00:00,7,Sunday,2004-07,0.4,939.0,4.1,39.0,53.0,826.0,21.3,45.5,1.1405
2004-07-18 08:00:00,8,Sunday,2004-07,0.6,982.0,4.7,84.0,85.0,881.0,22.6,31.0,0.8372
2004-07-18 09:00:00,9,Sunday,2004-07,0.9,1088.0,7.1,93.0,102.0,1110.0,25.7,34.8,1.1292
2004-07-18 10:00:00,10,Sunday,2004-07,0.9,1065.0,7.4,82.0,97.0,927.0,31.6,23.8,1.0842
2004-07-18 11:00:00,11,Sunday,2004-07,0.8,1016.0,7.3,73.0,91.0,665.0,36.3,16.3,0.9727
2004-07-18 12:00:00,12,Sunday,2004-07,0.4,930.0,4.2,43.0,62.0,474.0,37.9,15.0,0.9728
2004-07-18 13:00:00,13,Sunday,2004-07,0.3,928.0,4.1,39.0,57.0,459.0,39.4,13.7,0.9639
2004-07-18 14:00:00,14,Sunday,2004-07,0.1,889.0,3.8,27.0,40.0,437.0,40.2,12.3,0.8983
2004-07-18 15:00:00,15,Sunday,2004-07,0.5,966.0,5.8,46.0,60.0,607.0,41.3,11.9,0.9252
2004-07-18 16:00:00,16,Sunday,2004-07,0.4,973.0,5.6,53.0,70.0,620.0,41.4,11.8,0.9282
2004-07-18 17:00:00,17,Sunday,2004-07,0.3,950.0,4.8,38.0,53.0,551.0,40.1,13.6,0.9953
2004-07-18 18:00:00,18,Sunday,2004-07,0.4,982.0,5.3,39.0,54.0,532.0,37.6,16.4,1.0458
2004-07-18 19:00:00,19,Sunday,2004-07,0.6,990.0,6.1,49.0,58.0,578.0,33.9,20.3,1.0522
2004-07-18 20:00:00,20,Sunday,2004-07,0.8,1017.0,7.4,68.0,73.0,721.0,31.6,22.9,1.0469
2004-07-18 21:00:00,21,Sunday,2004-07,1.2,1067.0,9.0,102.0,99.0,912.0,29.7,24.8,1.016
2004-07-18 22:00:00,22,Sunday,2004-07,1.6,1147.0,11.7,123.0,102.0,1155.0,29.0,27.0,1.063
2004-07-18 23:00:00,23,Sunday,2004-07,1.2,1132.0,11.0,106.0,101.0,1279.0,27.9,30.4,1.1249
2004-07-19 00:00:00,0,Monday,2004-07,0.5,976.0,6.0,66.0,77.0,1018.0,28.0,30.6,1.1396
2004-07-19 01:00:00,1,Monday,2004-07,0.3,920.0,4.3,43.0,55.0,842.0,26.8,32.3,1.1235
2004-07-19 02:00:00,2,Monday,2004-07,0.1,879.0,2.8,33.0,51.0,740.0,26.6,33.0,1.1338
2004-07-19 03:00:00,3,Monday,2004-07,,854.0,2.3,,,625.0,23.7,38.6,1.1159
2004-07-19 04:00:00,4,Monday,2004-07,0.1,880.0,2.9,33.0,50.0,739.0,22.2,42.8,1.1317
2004-07-19 05:00:00,5,Monday,2004-07,0.3,925.0,4.1,75.0,75.0,970.0,21.2,46.3,1.1501
2004-07-19 06:00:00,6,Monday,2004-07,0.8,1044.0,8.3,111.0,89.0,1177.0,21.4,46.5,1.172
2004-07-19 07:00:00,7,Monday,2004-07,2.3,1279.0,16.6,250.0,112.0,1518.0,22.9,43.0,1.1826
2004-07-19 08:00:00,8,Monday,2004-07,3.4,1403.0,25.6,313.0,142.0,1811.0,25.2,38.6,1.2215
2004-07-19 09:00:00,9,Monday,2004-07,2.5,1282.0,17.7,263.0,145.0,1696.0,27.1,34.9,1.231
2004-07-19 10:00:00,10,Monday,2004-07,2.4,1262.0,16.2,282.0,165.0,1603.0,32.4,24.8,1.1886
2004-07-19 11:00:00,11,Monday,2004-07,2.1,1195.0,15.1,226.0,159.0,1370.0,36.8,18.0,1.0945
2004-07-19 12:00:00,12,Monday,2004-07,,1173.0,14.3,176.0,159.0,1194.0,39.1,16.0,1.11
2004-07-19 13:00:00,13,Monday,2004-07,,1102.0,10.8,120.0,131.0,880.0,39.2,16.4,1.1439
2004-07-19 14:00:00,14,Monday,2004-07,,1076.0,10.1,96.0,123.0,748.0,40.5,14.9,1.111
2004-07-19 15:00:00,15,Monday,2004-07,,1078.0,10.9,115.0,129.0,868.0,41.4,13.8,1.0786
2004-07-19 16:00:00,16,Monday,2004-07,,1100.0,11.0,108.0,126.0,959.0,40.5,14.9,1.114
2004-07-19 17:00:00,17,Monday,2004-07,,1234.0,16.8,142.0,149.0,1160.0,39.6,17.0,1.2064
2004-07-19 18:00:00,18,Monday,2004-07,,1323.0,20.7,219.0,200.0,1453.0,37.7,19.8,1.2715
2004-07-19 19:00:00,19,Monday,2004-07,,1263.0,19.5,193.0,174.0,1400.0,34.3,24.2,1.2857
2004-07-19 20:00:00,20,Monday,2004-07,,1216.0,14.6,128.0,131.0,1265.0,31.7,28.1,1.2912
2004-07-19 21:00:00,21,Monday,2004-07,,1247.0,14.3,127.0,135.0,1366.0,30.2,30.8,1.3008
2004-07-19 22:00:00,22,Monday,2004-07,,1264.0,15.9,132.0,134.0,1593.0,29.4,33.0,1.3343
2004-07-19 23:00:00,23,Monday,2004-07,,1111.0,10.3,77.0,96.0,1336.0,29.2,33.1,1.3202
2004-07-20 00:00:00,0,Tuesday,2004-07,,1068.0,8.8,72.0,94.0,1317.0,27.6,36.6,1.332
2004-07-20 01:00:00,1,Tuesday,2004-07,,1015.0,6.8,57.0,79.0,1173.0,27.2,36.9,1.3147
2004-07-20 02:00:00,2,Tuesday,2004-07,,989.0,6.3,56.0,79.0,1163.0,25.4,41.0,1.3079
2004-07-20 03:00:00,3,Tuesday,2004-07,,930.0,3.9,,,1012.0,25.2,41.5,1.3106
2004-07-20 04:00:00,4,Tuesday,2004-07,,952.0,4.1,64.0,89.0,1164.0,23.4,47.4,1.3475
2004-07-20 05:00:00,5,Tuesday,2004-07,,981.0,4.7,52.0,69.0,1090.0,25.1,44.0,1.3794
2004-07-20 06:00:00,6,Tuesday,2004-07,,1138.0,9.9,122.0,91.0,1338.0,23.9,46.5,1.3637
2004-07-20 07:00:00,7,Tuesday,2004-07,,1472.0,24.8,314.0,135.0,1808.0,24.8,43.2,1.3387
2004-07-20 08:00:00,8,Tuesday,2004-07,,1626.0,37.3,395.0,166.0,2176.0,27.0,38.7,1.361
2004-07-20 09:00:00,9,Tuesday,2004-07,,1480.0,26.2,357.0,189.0,2028.0,29.4,33.6,1.3526
2004-07-20 10:00:00,10,Tuesday,2004-07,,1367.0,21.6,308.0,193.0,1758.0,34.8,23.4,1.2781
2004-07-20 11:00:00,11,Tuesday,2004-07,,1245.0,16.1,184.0,164.0,1350.0,38.1,18.5,1.2108
2004-07-20 12:00:00,12,Tuesday,2004-07,,1194.0,13.0,128.0,139.0,1060.0,38.9,18.0,1.2318
2004-07-20 13:00:00,13,Tuesday,2004-07,,1156.0,13.4,125.0,130.0,954.0,39.8,16.0,1.1444
2004-07-20 14:00:00,14,Tuesday,2004-07,,1107.0,13.7,135.0,129.0,1024.0,41.7,12.5,0.9941
2004-07-20 15:00:00,15,Tuesday,2004-07,,1127.0,14.0,158.0,132.0,1092.0,42.8,12.3,1.0326
2004-07-20 16:00:00,16,Tuesday,2004-07,,1083.0,10.4,106.0,101.0,927.0,41.4,14.2,1.1128
2004-07-20 17:00:00,17,Tuesday,2004-07,,1289.0,17.5,163.0,145.0,1274.0,41.3,15.5,1.21
2004-07-20 18:00:00,18,Tuesday,2004-07,,1209.0,12.9,143.0,133.0,978.0,38.3,19.4,1.2851
2004-07-20 19:00:00,19,Tuesday,2004-07,,1221.0,14.9,96.0,110.0,1050.0,34.7,23.3,1.2653
2004-07-20 20:00:00,20,Tuesday,2004-07,,1255.0,15.5,127.0,126.0,1301.0,32.6,26.3,1.2754
2004-07-20 21:00:00,21,Tuesday,2004-07,,1163.0,11.2,95.0,102.0,1141.0,30.9,29.0,1.275
2004-07-20 22:00:00,22,Tuesday,2004-07,,1234.0,14.3,104.0,104.0,1252.0,30.1,30.2,1.2711
2004-07-20 23:00:00,23,Tuesday,2004-07,,1240.0,14.2,131.0,112.0,1300.0,29.0,33.4,1.3149
2004-07-21 00:00:00,0,Wednesday,2004-07,,1128.0,10.0,92.0,89.0,1193.0,28.3,36.8,1.3906
2004-07-21 01:00:00,1,Wednesday,2004-07,,1057.0,7.6,53.0,67.0,1081.0,27.6,38.2,1.3911
2004-07-21 02:00:00,2,Wednesday,2004-07,,1026.0,5.8,45.0,63.0,1094.0,25.8,43.1,1.4113
2004-07-21 03:00:00,3,Wednesday,2004-07,,925.0,3.1,,,917.0,27.4,39.1,1.4072
2004-07-21 04:00:00,4,Wednesday,2004-07,,917.0,2.7,19.0,34.0,727.0,26.3,40.9,1.3803
2004-07-21 05:00:00,5,Wednesday,2004-07,,1011.0,5.4,75.0,73.0,1116.0,23.3,50.1,1.41
2004-07-21 06:00:00,6,Wednesday,2004-07,,1079.0,7.3,84.0,76.0,1223.0,23.1,49.7,1.3863
2004-07-21 07:00:00,7,Wednesday,2004-07,,1322.0,18.4,160.0,102.0,1556.0,24.2,46.4,1.3834
2004-07-21 08:00:00,8,Wednesday,2004-07,,1526.0,27.7,286.0,140.0,1904.0,25.8,42.2,1.3774
2004-07-21 09:00:00,9,Wednesday,2004-07,,1338.0,16.9,212.0,150.0,1697.0,28.1,37.3,1.3922
2004-07-21 10:00:00,10,Wednesday,2004-07,,1421.0,22.1,279.0,194.0,1854.0,33.9,26.8,1.397
2004-07-21 11:00:00,11,Wednesday,2004-07,,1197.0,17.0,207.0,162.0,1306.0,38.0,17.2,1.1227
2004-07-21 12:00:00,12,Wednesday,2004-07,,1116.0,12.4,140.0,138.0,980.0,38.9,15.9,1.0896
2004-07-21 13:00:00,13,Wednesday,2004-07,,1115.0,11.5,110.0,123.0,870.0,40.4,15.0,1.1125
2004-07-21 14:00:00,14,Wednesday,2004-07,,1018.0,7.5,67.0,86.0,613.0,40.1,15.2,1.1065
2004-07-21 15:00:00,15,Wednesday,2004-07,,1109.0,10.3,98.0,107.0,819.0,42.0,14.2,1.1517
2004-07-21 16:00:00,16,Wednesday,2004-07,,1105.0,10.2,97.0,106.0,868.0,42.7,14.4,1.2092
2004-07-21 17:00:00,17,Wednesday,2004-07,,1128.0,11.5,87.0,99.0,876.0,41.6,14.5,1.1483
2004-07-21 18:00:00,18,Wednesday,2004-07,4.1,1301.0,17.0,124.0,140.0,1153.0,39.6,18.8,1.3413
2004-07-21 19:00:00,19,Wednesday,2004-07,3.8,1416.0,21.5,165.0,163.0,1492.0,36.1,25.5,1.4949
2004-07-21 20:00:00,20,Wednesday,2004-07,3.4,1301.0,18.6,164.0,144.0,1382.0,33.3,29.9,1.5079
2004-07-21 21:00:00,21,Wednesday,2004-07,2.9,1261.0,15.3,122.0,120.0,1303.0,31.2,33.2,1.4831
2004-07-21 22:00:00,22,Wednesday,2004-07,3.1,1295.0,17.0,134.0,120.0,1404.0,30.1,35.8,1.5034
2004-07-21 23:00:00,23,Wednesday,2004-07,3.5,1239.0,14.4,121.0,106.0,1308.0,28.9,39.1,1.537
2004-07-22 00:00:00,0,Thursday,2004-07,2.4,1229.0,13.6,112.0,95.0,1320.0,27.8,43.3,1.5929
2004-07-22 01:00:00,1,Thursday,2004-07,1.6,1125.0,9.6,62.0,70.0,1179.0,26.9,46.1,1.608
2004-07-22 02:00:00,2,Thursday,2004-07,1.3,1044.0,6.4,50.0,67.0,1160.0,26.4,47.1,1.5947
2004-07-22 03:00:00,3,Thursday,2004-07,0.9,976.0,4.8,,,1070.0,25.2,51.4,1.621
2004-07-22 04:00:00,4,Thursday,2004-07,1.0,1015.0,5.4,72.0,70.0,1181.0,23.8,55.4,1.6073
2004-07-22 05:00:00,5,Thursday,2004-07,0.8,954.0,4.1,48.0,50.0,1010.0,24.9,50.6,1.5755
2004-07-22 06:00:00,6,Thursday,2004-07,1.1,1032.0,6.3,58.0,60.0,1075.0,25.0,49.2,1.5418
2004-07-22 07:00:00,7,Thursday,2004-07,4.4,1518.0,26.9,306.0,127.0,1839.0,24.7,50.9,1.5593
2004-07-22 08:00:00,8,Thursday,2004-07,,1602.0,35.6,351.0,149.0,2105.0,26.4,46.3,1.5722
2004-07-22 09:00:00,9,Thursday,2004-07,,1362.0,17.5,252.0,158.0,1826.0,28.1,42.0,1.5735
2004-07-22 10:00:00,10,Thursday,2004-07,3.3,1394.0,19.9,266.0,190.0,1834.0,34.0,29.9,1.5614
2004-07-22 11:00:00,11,Thursday,2004-07,2.1,1205.0,12.6,159.0,127.0,1268.0,37.3,22.9,1.4373
2004-07-22 12:00:00,12,Thursday,2004-07,2.1,1210.0,14.0,144.0,130.0,1422.0,40.1,19.0,1.3849
2004-07-22 13:00:00,13,Thursday,2004-07,2.0,1138.0,12.2,117.0,125.0,1028.0,42.0,15.8,1.2759
2004-07-22 14:00:00,14,Thursday,2004-07,1.5,1079.0,11.1,108.0,113.0,929.0,42.8,14.3,1.2003
2004-07-22 15:00:00,15,Thursday,2004-07,2.1,1158.0,14.3,153.0,143.0,1150.0,44.3,13.0,1.183
2004-07-22 16:00:00,16,Thursday,2004-07,2.3,1186.0,15.1,166.0,157.0,1235.0,44.6,12.6,1.1684
2004-07-22 17:00:00,17,Thursday,2004-07,2.8,1261.0,18.6,179.0,170.0,1315.0,43.4,14.8,1.2882
2004-07-22 18:00:00,18,Thursday,2004-07,3.6,1339.0,22.0,225.0,187.0,1469.0,40.6,18.2,1.368
2004-07-22 19:00:00,19,Thursday,2004-07,4.0,1342.0,23.0,261.0,181.0,1515.0,37.1,21.3,1.3223
2004-07-22 20:00:00,20,Thursday,2004-07,3.7,1317.0,21.1,228.0,158.0,1510.0,34.5,25.5,1.368
2004-07-22 21:00:00,21,Thursday,2004-07,2.5,1210.0,15.0,137.0,112.0,1327.0,32.2,30.4,1.4433
2004-07-22 22:00:00,22,Thursday,2004-07,2.3,1220.0,13.6,116.0,100.0,1318.0,30.4,35.4,1.5144
2004-07-22 23:00:00,23,Thursday,2004-07,2.5,1276.0,14.6,143.0,105.0,1436.0,29.4,38.7,1.5581
2004-07-23 00:00:00,0,Friday,2004-07,2.7,1270.0,16.3,157.0,107.0,1608.0,28.6,38.7,1.4921
2004-07-23 01:00:00,1,Friday,2004-07,1.3,1053.0,8.8,72.0,72.0,1257.0,27.7,40.5,1.4835
2004-07-23 02:00:00,2,Friday,2004-07,0.8,956.0,6.0,42.0,59.0,1094.0,28.0,39.8,1.4803
2004-07-23 03:00:00,3,Friday,2004-07,0.9,954.0,5.5,,,1066.0,24.8,48.5,1.4953
2004-07-23 04:00:00,4,Friday,2004-07,0.5,912.0,3.9,34.0,55.0,1022.0,25.6,45.8,1.4801
2004-07-23 05:00:00,5,Friday,2004-07,0.8,973.0,5.8,74.0,70.0,1139.0,23.6,51.5,1.4852
2004-07-23 06:00:00,6,Friday,2004-07,1.0,1037.0,8.2,75.0,59.0,1158.0,25.1,46.5,1.4615
2004-07-23 07:00:00,7,Friday,2004-07,2.9,1306.0,20.1,199.0,95.0,1602.0,24.5,48.3,1.4593
2004-07-23 08:00:00,8,Friday,2004-07,3.8,1367.0,25.5,262.0,120.0,1770.0,26.6,42.8,1.4675
2004-07-23 09:00:00,9,Friday,2004-07,3.5,1335.0,21.6,236.0,133.0,1651.0,29.0,37.6,1.4866
2004-07-23 10:00:00,10,Friday,2004-07,2.4,1250.0,15.5,186.0,133.0,1435.0,34.2,28.5,1.5071
2004-07-23 11:00:00,11,Friday,2004-07,1.8,1142.0,11.2,132.0,120.0,1159.0,37.3,22.9,1.4369
2004-07-23 12:00:00,12,Friday,2004-07,2.1,1168.0,15.4,140.0,132.0,1193.0,40.1,17.5,1.2721
2004-07-23 13:00:00,13,Friday,2004-07,2.1,1125.0,14.6,143.0,135.0,1094.0,42.2,14.6,1.192
2004-07-23 14:00:00,14,Friday,2004-07,1.5,1083.0,12.5,99.0,121.0,912.0,41.9,15.2,1.2173
2004-07-23 15:00:00,15,Friday,2004-07,1.5,1080.0,12.3,107.0,123.0,908.0,43.1,13.8,1.1803
2004-07-23 16:00:00,16,Friday,2004-07,1.8,1085.0,13.2,130.0,129.0,1010.0,42.8,13.8,1.1681
2004-07-23 17:00:00,17,Friday,2004-07,2.1,1115.0,14.7,133.0,129.0,1020.0,41.1,16.5,1.2701
2004-07-23 18:00:00,18,Friday,2004-07,3.0,1259.0,19.9,188.0,156.0,1280.0,38.7,20.3,1.3743
2004-07-23 19:00:00,19,Friday,2004-07,2.8,1241.0,19.1,155.0,131.0,1287.0,35.8,24.1,1.3924
2004-07-23 20:00:00,20,Friday,2004-07,2.5,1156.0,14.8,154.0,115.0,1216.0,33.1,28.3,1.4121
2004-07-23 21:00:00,21,Friday,2004-07,1.4,1055.0,8.6,95.0,79.0,990.0,30.1,33.9,1.4257
2004-07-23 22:00:00,22,Friday,2004-07,1.7,1144.0,11.0,110.0,86.0,1146.0,29.0,36.6,1.4431
2004-07-23 23:00:00,23,Friday,2004-07,1.8,1169.0,13.0,116.0,91.0,1273.0,28.5,38.4,1.468
2004-07-24 00:00:00,0,Saturday,2004-07,2.4,1195.0,15.2,153.0,99.0,1346.0,27.8,39.9,1.4682
2004-07-24 01:00:00,1,Saturday,2004-07,1.9,1158.0,12.1,111.0,83.0,1353.0,27.0,42.8,1.503
2004-07-24 02:00:00,2,Saturday,2004-07,1.4,1075.0,9.9,79.0,74.0,1231.0,26.4,44.5,1.5119
2004-07-24 03:00:00,3,Saturday,2004-07,0.8,973.0,6.0,,,1002.0,25.8,46.6,1.5269
2004-07-24 04:00:00,4,Saturday,2004-07,0.7,989.0,6.3,47.0,64.0,1126.0,25.1,48.5,1.5266
2004-07-24 05:00:00,5,Saturday,2004-07,0.8,967.0,5.5,61.0,61.0,995.0,24.6,52.2,1.5881
2004-07-24 06:00:00,6,Saturday,2004-07,0.7,968.0,5.8,56.0,62.0,1003.0,24.4,50.5,1.5243
2004-07-24 07:00:00,7,Saturday,2004-07,1.0,1062.0,8.1,69.0,65.0,1055.0,25.2,49.1,1.5546
2004-07-24 08:00:00,8,Saturday,2004-07,1.7,1143.0,10.0,109.0,79.0,1156.0,26.6,50.8,1.7419
2004-07-24 09:00:00,9,Saturday,2004-07,1.9,1152.0,9.9,111.0,90.0,1179.0,28.0,46.9,1.748
2004-07-24 10:00:00,10,Saturday,2004-07,2.3,1238.0,13.1,150.0,116.0,1306.0,32.7,34.5,1.6798
2004-07-24 11:00:00,11,Saturday,2004-07,1.7,1103.0,9.2,87.0,89.0,934.0,36.6,26.5,1.599
2004-07-24 12:00:00,12,Saturday,2004-07,1.3,1043.0,6.7,64.0,68.0,689.0,37.8,26.3,1.6951
2004-07-24 13:00:00,13,Saturday,2004-07,1.2,1058.0,6.5,47.0,53.0,626.0,38.3,27.1,1.797
2004-07-24 14:00:00,14,Saturday,2004-07,0.8,960.0,3.4,34.0,34.0,488.0,35.4,32.4,1.837
2004-07-24 15:00:00,15,Saturday,2004-07,0.9,972.0,3.8,37.0,38.0,495.0,37.3,28.8,1.8087
2004-07-24 16:00:00,16,Saturday,2004-07,1.1,1012.0,5.2,49.0,53.0,562.0,36.6,28.2,1.697
2004-07-24 17:00:00,17,Saturday,2004-07,1.2,1021.0,6.0,54.0,62.0,615.0,35.1,29.6,1.6452
2004-07-24 18:00:00,18,Saturday,2004-07,1.3,1034.0,6.0,70.0,82.0,660.0,32.3,33.4,1.59
2004-07-24 19:00:00,19,Saturday,2004-07,1.4,1026.0,5.6,76.0,88.0,664.0,29.9,37.9,1.5745
2004-07-24 20:00:00,20,Saturday,2004-07,1.2,966.0,4.4,59.0,70.0,567.0,28.2,41.9,1.5776
2004-07-24 21:00:00,21,Saturday,2004-07,0.9,948.0,3.7,44.0,53.0,506.0,27.2,45.9,1.6316
2004-07-24 22:00:00,22,Saturday,2004-07,1.1,984.0,5.0,47.0,57.0,560.0,27.3,45.7,1.6308
2004-07-24 23:00:00,23,Saturday,2004-07,1.5,1077.0,7.1,71.0,73.0,724.0,27.0,47.1,1.6573
2004-07-25 00:00:00,0,Sunday,2004-07,1.7,1163.0,7.9,90.0,83.0,977.0,23.7,69.3,2.0042
2004-07-25 01:00:00,1,Sunday,2004-07,0.9,965.0,3.7,45.0,52.0,653.0,23.8,63.5,1.8495
2004-07-25 02:00:00,2,Sunday,2004-07,0.7,941.0,3.6,44.0,52.0,642.0,24.7,56.9,1.739
2004-07-25 03:00:00,3,Sunday,2004-07,0.4,851.0,2.1,,,501.0,25.0,53.1,1.6541
2004-07-25 04:00:00,4,Sunday,2004-07,,870.0,2.0,15.0,26.0,450.0,24.1,59.6,1.7657
2004-07-25 05:00:00,5,Sunday,2004-07,0.3,834.0,1.3,10.0,17.0,427.0,22.5,69.1,1.8578
2004-07-25 06:00:00,6,Sunday,2004-07,0.4,859.0,1.7,19.0,28.0,470.0,23.4,64.4,1.835
2004-07-25 07:00:00,7,Sunday,2004-07,0.4,843.0,1.5,20.0,29.0,447.0,24.4,57.9,1.7476
2004-07-25 08:00:00,8,Sunday,2004-07,0.5,851.0,1.6,30.0,37.0,463.0,24.5,56.9,1.7225
2004-07-25 09:00:00,9,Sunday,2004-07,0.5,853.0,1.7,24.0,31.0,454.0,24.9,54.8,1.7063
2004-07-25 10:00:00,10,Sunday,2004-07,0.7,908.0,2.7,35.0,46.0,500.0,27.0,47.4,1.6661
2004-07-25 11:00:00,11,Sunday,2004-07,0.9,928.0,3.6,48.0,66.0,528.0,27.6,43.7,1.5877
2004-07-25 12:00:00,12,Sunday,2004-07,0.8,905.0,3.0,41.0,54.0,490.0,28.2,42.6,1.6062
2004-07-25 13:00:00,13,Sunday,2004-07,0.8,901.0,2.9,37.0,50.0,488.0,29.1,40.8,1.6203
2004-07-25 14:00:00,14,Sunday,2004-07,0.7,869.0,2.5,32.0,44.0,475.0,29.8,38.6,1.5911
2004-07-25 15:00:00,15,Sunday,2004-07,0.8,891.0,3.1,43.0,52.0,486.0,31.5,34.5,1.5666
2004-07-25 16:00:00,16,Sunday,2004-07,0.7,855.0,2.3,28.0,37.0,438.0,31.2,36.3,1.6217
2004-07-25 17:00:00,17,Sunday,2004-07,0.8,911.0,3.0,38.0,51.0,477.0,30.0,41.3,1.7259
2004-07-25 18:00:00,18,Sunday,2004-07,1.2,989.0,4.0,72.0,78.0,626.0,27.6,47.5,1.7266
2004-07-25 19:00:00,19,Sunday,2004-07,1.6,1048.0,6.3,89.0,90.0,747.0,28.8,41.3,1.6164
2004-07-25 20:00:00,20,Sunday,2004-07,1.6,1049.0,6.6,103.0,110.0,858.0,28.5,41.6,1.5959
2004-07-25 21:00:00,21,Sunday,2004-07,1.5,1035.0,7.3,77.0,86.0,775.0,27.7,43.4,1.5833
2004-07-25 22:00:00,22,Sunday,2004-07,1.5,1034.0,6.8,84.0,88.0,803.0,27.3,44.1,1.5751
2004-07-25 23:00:00,23,Sunday,2004-07,1.5,1022.0,6.3,82.0,91.0,777.0,26.9,45.5,1.5926
2004-07-26 00:00:00,0,Monday,2004-07,1.5,1007.0,5.9,81.0,93.0,770.0,26.6,47.2,1.616
2004-07-26 01:00:00,1,Monday,2004-07,1.2,945.0,4.8,50.0,68.0,663.0,26.0,48.0,1.5882
2004-07-26 02:00:00,2,Monday,2004-07,0.8,880.0,2.9,30.0,48.0,529.0,26.2,45.7,1.5324
2004-07-26 03:00:00,3,Monday,2004-07,,837.0,2.2,,,478.0,25.9,46.3,1.524
2004-07-26 04:00:00,4,Monday,2004-07,,822.0,1.8,14.0,22.0,429.0,25.6,46.8,1.5111
2004-07-26 05:00:00,5,Monday,2004-07,,860.0,2.5,51.0,59.0,552.0,25.3,47.6,1.5159
2004-07-26 06:00:00,6,Monday,2004-07,,1023.0,6.8,120.0,102.0,916.0,25.4,48.5,1.5507
2004-07-26 07:00:00,7,Monday,2004-07,,1150.0,11.2,180.0,116.0,1169.0,26.5,46.3,1.5768
2004-07-26 08:00:00,8,Monday,2004-07,,1088.0,9.7,168.0,109.0,1049.0,27.9,42.7,1.5754
2004-07-26 09:00:00,9,Monday,2004-07,,993.0,7.2,111.0,98.0,823.0,28.8,38.9,1.5184
2004-07-26 10:00:00,10,Monday,2004-07,,962.0,6.8,111.0,97.0,804.0,31.7,31.5,1.4487
2004-07-26 11:00:00,11,Monday,2004-07,,974.0,8.1,97.0,97.0,805.0,33.9,26.9,1.3964
2004-07-26 12:00:00,12,Monday,2004-07,,998.0,8.3,90.0,90.0,826.0,34.7,26.5,1.4408
2004-07-26 13:00:00,13,Monday,2004-07,,964.0,8.6,87.0,92.0,782.0,35.4,24.8,1.4017
2004-07-26 14:00:00,14,Monday,2004-07,,903.0,5.3,67.0,76.0,593.0,35.2,24.1,1.351
2004-07-26 15:00:00,15,Monday,2004-07,,973.0,8.1,84.0,97.0,698.0,36.3,22.8,1.3564
2004-07-26 16:00:00,16,Monday,2004-07,,976.0,8.2,86.0,101.0,719.0,35.4,23.8,1.3443
2004-07-26 17:00:00,17,Monday,2004-07,,1026.0,12.0,124.0,118.0,912.0,34.6,23.5,1.2691
2004-07-26 18:00:00,18,Monday,2004-07,,1163.0,17.6,144.0,129.0,1129.0,33.0,28.2,1.3921
2004-07-26 19:00:00,19,Monday,2004-07,,1082.0,14.5,130.0,131.0,1089.0,32.5,27.9,1.3373
2004-07-26 20:00:00,20,Monday,2004-07,,1029.0,11.8,122.0,130.0,1062.0,30.5,29.9,1.2875
2004-07-26 21:00:00,21,Monday,2004-07,,991.0,9.4,82.0,106.0,924.0,29.1,33.1,1.3126
2004-07-26 22:00:00,22,Monday,2004-07,,950.0,7.0,62.0,92.0,780.0,28.4,35.8,1.3665
2004-07-26 23:00:00,23,Monday,2004-07,,997.0,8.0,65.0,97.0,856.0,27.7,37.9,1.3842
2004-07-27 00:00:00,0,Tuesday,2004-07,,912.0,6.0,52.0,80.0,861.0,28.3,35.5,1.3414
2004-07-27 01:00:00,1,Tuesday,2004-07,,861.0,4.3,22.0,40.0,684.0,27.1,38.6,1.3632
2004-07-27 02:00:00,2,Tuesday,2004-07,,838.0,4.1,27.0,49.0,707.0,25.8,40.9,1.3377
2004-07-27 03:00:00,3,Tuesday,2004-07,,784.0,2.0,,,554.0,26.0,40.6,1.3467
2004-07-27 04:00:00,4,Tuesday,2004-07,,800.0,2.4,29.0,46.0,614.0,24.6,43.4,1.3248
2004-07-27 05:00:00,5,Tuesday,2004-07,,825.0,2.7,29.0,37.0,606.0,25.1,42.3,1.326
2004-07-27 06:00:00,6,Tuesday,2004-07,,996.0,6.9,135.0,92.0,1023.0,23.1,48.8,1.3638
2004-07-27 07:00:00,7,Tuesday,2004-07,,1086.0,9.2,181.0,115.0,1134.0,24.7,46.8,1.4337
2004-07-27 08:00:00,8,Tuesday,2004-07,,1041.0,9.6,119.0,102.0,936.0,24.6,45.1,1.3714
2004-07-27 09:00:00,9,Tuesday,2004-07,,991.0,9.1,116.0,104.0,868.0,26.2,38.5,1.2932
2004-07-27 10:00:00,10,Tuesday,2004-07,,999.0,9.3,143.0,109.0,879.0,29.3,31.0,1.2445
2004-07-27 11:00:00,11,Tuesday,2004-07,,981.0,8.5,126.0,108.0,785.0,31.2,26.6,1.192
2004-07-27 12:00:00,12,Tuesday,2004-07,,926.0,6.9,94.0,90.0,651.0,31.1,26.2,1.1619
2004-07-27 13:00:00,13,Tuesday,2004-07,,939.0,6.9,96.0,81.0,679.0,31.7,26.4,1.2153
2004-07-27 14:00:00,14,Tuesday,2004-07,,915.0,6.4,90.0,87.0,630.0,31.7,25.6,1.179
2004-07-27 15:00:00,15,Tuesday,2004-07,,883.0,6.2,93.0,82.0,594.0,32.6,22.5,1.0901
2004-07-27 16:00:00,16,Tuesday,2004-07,,926.0,7.3,101.0,99.0,655.0,32.8,22.2,1.0835
2004-07-27 17:00:00,17,Tuesday,2004-07,,989.0,10.7,123.0,119.0,783.0,32.4,22.4,1.0701
2004-07-27 18:00:00,18,Tuesday,2004-07,,1003.0,11.9,136.0,128.0,865.0,31.4,22.7,1.027
2004-07-27 19:00:00,19,Tuesday,2004-07,,933.0,10.6,109.0,111.0,776.0,28.4,24.7,0.9404
2004-07-27 20:00:00,20,Tuesday,2004-07,,912.0,9.3,124.0,114.0,861.0,27.7,24.2,0.882
2004-07-27 21:00:00,21,Tuesday,2004-07,,888.0,6.7,82.0,100.0,729.0,26.1,28.3,0.9456
2004-07-27 22:00:00,22,Tuesday,2004-07,,858.0,7.2,69.0,88.0,715.0,25.3,28.4,0.9041
2004-07-27 23:00:00,23,Tuesday,2004-07,,837.0,5.9,60.0,78.0,615.0,25.2,27.7,0.874
2004-07-28 00:00:00,0,Wednesday,2004-07,,902.0,8.7,90.0,101.0,824.0,24.5,28.0,0.8489
2004-07-28 01:00:00,1,Wednesday,2004-07,,860.0,6.8,58.0,77.0,748.0,23.6,31.9,0.9195
2004-07-28 02:00:00,2,Wednesday,2004-07,,794.0,3.8,53.0,78.0,767.0,22.8,34.7,0.9514
2004-07-28 03:00:00,3,Wednesday,2004-07,,742.0,2.2,,,513.0,23.6,33.2,0.9577
2004-07-28 04:00:00,4,Wednesday,2004-07,,779.0,3.2,45.0,65.0,671.0,20.5,41.2,0.9802
2004-07-28 05:00:00,5,Wednesday,2004-07,,798.0,3.9,61.0,74.0,798.0,20.6,41.5,0.9982
2004-07-28 06:00:00,6,Wednesday,2004-07,,851.0,6.3,76.0,83.0,912.0,20.2,42.5,0.9949
2004-07-28 07:00:00,7,Wednesday,2004-07,,1048.0,13.6,144.0,96.0,1151.0,20.9,40.4,0.9884
2004-07-28 08:00:00,8,Wednesday,2004-07,,1210.0,26.7,221.0,120.0,1525.0,22.4,38.0,1.0201
2004-07-28 09:00:00,9,Wednesday,2004-07,,1172.0,22.8,282.0,147.0,1465.0,26.0,29.7,0.9831
2004-07-28 10:00:00,10,Wednesday,2004-07,,1026.0,16.2,235.0,148.0,1138.0,31.4,18.6,0.8398
2004-07-28 11:00:00,11,Wednesday,2004-07,,914.0,10.4,113.0,91.0,763.0,34.2,15.8,0.8371
2004-07-28 12:00:00,12,Wednesday,2004-07,,938.0,11.3,93.0,94.0,753.0,35.4,15.3,0.8649
2004-07-28 13:00:00,13,Wednesday,2004-07,,908.0,9.6,88.0,95.0,665.0,34.6,15.5,0.8435
2004-07-28 14:00:00,14,Wednesday,2004-07,,892.0,7.8,87.0,92.0,597.0,33.9,16.2,0.8454
2004-07-28 15:00:00,15,Wednesday,2004-07,,949.0,10.7,109.0,113.0,730.0,35.3,15.0,0.8463
2004-07-28 16:00:00,16,Wednesday,2004-07,,956.0,10.8,106.0,111.0,730.0,36.8,13.7,0.8335
2004-07-28 17:00:00,17,Wednesday,2004-07,,1070.0,17.3,182.0,166.0,1108.0,34.4,16.4,0.8761
2004-07-28 18:00:00,18,Wednesday,2004-07,,1103.0,17.7,,,1085.0,35.3,16.8,0.9448
2004-07-28 19:00:00,19,Wednesday,2004-07,,1074.0,15.5,144.0,143.0,1013.0,32.3,20.7,0.9875
2004-07-28 20:00:00,20,Wednesday,2004-07,,1086.0,13.6,144.0,131.0,1109.0,29.6,26.1,1.0682
2004-07-28 21:00:00,21,Wednesday,2004-07,,960.0,9.6,84.0,102.0,913.0,28.6,27.2,1.048
2004-07-28 22:00:00,22,Wednesday,2004-07,,974.0,9.5,74.0,94.0,908.0,27.6,27.4,0.9926
2004-07-28 23:00:00,23,Wednesday,2004-07,,939.0,8.5,80.0,96.0,923.0,26.3,29.0,0.9807
2004-07-29 00:00:00,0,Thursday,2004-07,,954.0,9.0,78.0,88.0,959.0,25.4,30.1,0.9602
2004-07-29 01:00:00,1,Thursday,2004-07,,925.0,7.8,50.0,72.0,898.0,24.7,32.1,0.9878
2004-07-29 02:00:00,2,Thursday,2004-07,,797.0,2.6,18.0,33.0,546.0,25.7,30.9,1.0048
2004-07-29 03:00:00,3,Thursday,2004-07,,787.0,2.4,,,543.0,25.1,32.6,1.0203
2004-07-29 04:00:00,4,Thursday,2004-07,,774.0,1.9,21.0,33.0,488.0,23.9,34.4,1.0079
2004-07-29 05:00:00,5,Thursday,2004-07,,838.0,3.7,62.0,60.0,704.0,21.4,40.3,1.0157
2004-07-29 06:00:00,6,Thursday,2004-07,,918.0,7.1,74.0,72.0,943.0,21.2,41.2,1.0246
2004-07-29 07:00:00,7,Thursday,2004-07,,1125.0,16.6,171.0,97.0,1304.0,21.6,40.9,1.0468
2004-07-29 08:00:00,8,Thursday,2004-07,,1281.0,26.6,287.0,136.0,1669.0,24.0,36.6,1.0763
2004-07-29 09:00:00,9,Thursday,2004-07,,1145.0,17.9,230.0,140.0,1507.0,26.8,29.5,1.0209
2004-07-29 10:00:00,10,Thursday,2004-07,,1088.0,17.9,261.0,171.0,1359.0,31.8,19.4,0.8936
2004-07-29 11:00:00,11,Thursday,2004-07,,1043.0,14.0,178.0,150.0,1076.0,34.4,16.6,0.8892
2004-07-29 12:00:00,12,Thursday,2004-07,,998.0,10.1,116.0,117.0,797.0,35.3,16.7,0.9402
2004-07-29 13:00:00,13,Thursday,2004-07,,998.0,9.5,96.0,106.0,677.0,36.4,16.8,1.0033
2004-07-29 14:00:00,14,Thursday,2004-07,,960.0,7.1,83.0,95.0,559.0,34.8,19.5,1.0667
2004-07-29 15:00:00,15,Thursday,2004-07,,1062.0,12.3,120.0,137.0,830.0,38.6,16.1,1.0853
2004-07-29 16:00:00,16,Thursday,2004-07,,1050.0,11.7,108.0,129.0,734.0,38.5,16.5,1.1037
2004-07-29 17:00:00,17,Thursday,2004-07,,1096.0,12.8,115.0,135.0,801.0,37.4,18.1,1.1467
2004-07-29 18:00:00,18,Thursday,2004-07,,1081.0,14.0,102.0,127.0,828.0,35.7,19.8,1.1399
2004-07-29 19:00:00,19,Thursday,2004-07,,1096.0,13.9,118.0,122.0,865.0,32.0,24.9,1.1663
2004-07-29 20:00:00,20,Thursday,2004-07,,1051.0,11.7,107.0,118.0,916.0,29.7,28.1,1.1544
2004-07-29 21:00:00,21,Thursday,2004-07,,1106.0,13.8,129.0,135.0,1106.0,28.5,32.1,1.2296
2004-07-29 22:00:00,22,Thursday,2004-07,,1177.0,14.8,133.0,134.0,1226.0,27.6,40.5,1.4715
2004-07-29 23:00:00,23,Thursday,2004-07,,1111.0,11.9,98.0,105.0,1106.0,26.3,45.6,1.5349
2004-07-30 00:00:00,0,Friday,2004-07,,1083.0,11.1,110.0,104.0,1087.0,25.7,46.1,1.5025
2004-07-30 01:00:00,1,Friday,2004-07,,1005.0,8.0,62.0,81.0,1000.0,25.1,46.3,1.4486
2004-07-30 02:00:00,2,Friday,2004-07,,942.0,5.6,55.0,69.0,859.0,23.5,51.3,1.467
2004-07-30 03:00:00,3,Friday,2004-07,,907.0,7.1,,,919.0,23.1,52.1,1.4518
2004-07-30 04:00:00,4,Friday,2004-07,,867.0,3.5,35.0,51.0,777.0,23.7,51.2,1.4795
2004-07-30 05:00:00,5,Friday,2004-07,,882.0,4.1,52.0,52.0,790.0,23.0,52.2,1.4516
2004-07-30 06:00:00,6,Friday,2004-07,,894.0,4.9,36.0,48.0,768.0,23.0,49.9,1.3849
2004-07-30 07:00:00,7,Friday,2004-07,,1263.0,19.4,182.0,105.0,1388.0,23.0,50.9,1.4105
2004-07-30 08:00:00,8,Friday,2004-07,,1380.0,26.3,297.0,150.0,1691.0,24.4,49.3,1.4814
2004-07-30 09:00:00,9,Friday,2004-07,,1333.0,22.0,237.0,160.0,1655.0,26.8,46.6,1.6157
2004-07-30 10:00:00,10,Friday,2004-07,,1264.0,18.1,235.0,167.0,1496.0,32.2,32.6,1.5412
2004-07-30 11:00:00,11,Friday,2004-07,,1115.0,12.1,158.0,141.0,1086.0,34.8,26.0,1.4241
2004-07-30 12:00:00,12,Friday,2004-07,,1078.0,9.4,89.0,104.0,763.0,36.1,24.8,1.4628
2004-07-30 13:00:00,13,Friday,2004-07,,1055.0,10.1,80.0,101.0,688.0,37.7,21.8,1.3977
2004-07-30 14:00:00,14,Friday,2004-07,,1031.0,10.5,93.0,118.0,694.0,36.9,21.8,1.3384
2004-07-30 15:00:00,15,Friday,2004-07,,1033.0,10.8,96.0,121.0,725.0,39.1,18.7,1.2884
2004-07-30 16:00:00,16,Friday,2004-07,,1043.0,9.6,98.0,124.0,686.0,39.3,18.9,1.318
2004-07-30 17:00:00,17,Friday,2004-07,,1118.0,13.0,104.0,127.0,838.0,38.2,21.8,1.4312
2004-07-30 18:00:00,18,Friday,2004-07,,1137.0,15.5,121.0,137.0,974.0,36.6,23.3,1.4042
2004-07-30 19:00:00,19,Friday,2004-07,,1153.0,16.5,116.0,137.0,1038.0,33.3,28.7,1.4454
2004-07-30 20:00:00,20,Friday,2004-07,,1145.0,14.5,121.0,135.0,1108.0,30.9,34.2,1.5064
2004-07-30 21:00:00,21,Friday,2004-07,,1149.0,13.2,114.0,118.0,1135.0,29.1,38.9,1.5384
2004-07-30 22:00:00,22,Friday,2004-07,,1149.0,14.8,112.0,111.0,1143.0,28.1,40.3,1.5086
2004-07-30 23:00:00,23,Friday,2004-07,,1052.0,10.7,81.0,85.0,908.0,27.0,41.6,1.4596
2004-07-31 00:00:00,0,Saturday,2004-07,,,,220.0,158.0,,,,
2004-07-31 01:00:00,1,Saturday,2004-07,,935.0,6.4,81.0,77.0,778.0,25.7,46.8,1.523
2004-07-31 02:00:00,2,Saturday,2004-07,,935.0,5.5,43.0,56.0,728.0,25.1,51.1,1.6044
2004-07-31 03:00:00,3,Saturday,2004-07,,930.0,5.2,,,728.0,23.7,56.5,1.6341
2004-07-31 04:00:00,4,Saturday,2004-07,,880.0,3.9,26.0,37.0,676.0,23.8,55.3,1.6068
2004-07-31 05:00:00,5,Saturday,2004-07,0.8,916.0,4.7,40.0,49.0,742.0,23.7,54.6,1.5823
2004-07-31 06:00:00,6,Saturday,2004-07,1.2,975.0,7.3,72.0,71.0,942.0,22.6,58.8,1.5903
2004-07-31 07:00:00,7,Saturday,2004-07,1.0,948.0,6.4,68.0,71.0,926.0,24.0,53.4,1.5748
2004-07-31 08:00:00,8,Saturday,2004-07,1.5,1069.0,9.2,89.0,86.0,1039.0,25.2,51.0,1.6131
2004-07-31 09:00:00,9,Saturday,2004-07,2.8,1210.0,12.5,151.0,125.0,1158.0,27.3,47.1,1.6807
2004-07-31 10:00:00,10,Saturday,2004-07,3.4,1272.0,15.7,215.0,160.0,1347.0,32.8,33.4,1.633
2004-07-31 11:00:00,11,Saturday,2004-07,3.3,1240.0,15.9,196.0,174.0,1262.0,36.0,28.0,1.6304
2004-07-31 12:00:00,12,Saturday,2004-07,2.9,1171.0,14.6,161.0,146.0,1073.0,38.5,23.8,1.5944
2004-07-31 13:00:00,13,Saturday,2004-07,2.2,1072.0,11.7,120.0,127.0,817.0,39.8,20.5,1.4687
2004-07-31 14:00:00,14,Saturday,2004-07,1.6,970.0,7.4,88.0,114.0,606.0,38.1,22.0,1.4402
2004-07-31 15:00:00,15,Saturday,2004-07,0.9,938.0,6.1,38.0,65.0,506.0,40.0,20.0,1.4517
2004-07-31 16:00:00,16,Saturday,2004-07,1.1,976.0,6.9,47.0,77.0,559.0,40.4,19.8,1.4724
2004-07-31 17:00:00,17,Saturday,2004-07,1.0,958.0,6.2,40.0,68.0,530.0,39.1,20.7,1.427
2004-07-31 18:00:00,18,Saturday,2004-07,1.3,1014.0,8.1,58.0,92.0,612.0,37.3,24.3,1.5222
2004-07-31 19:00:00,19,Saturday,2004-07,1.6,1091.0,10.2,71.0,104.0,774.0,34.0,30.9,1.6158
2004-07-31 20:00:00,20,Saturday,2004-07,1.8,1080.0,10.7,90.0,114.0,899.0,31.8,34.5,1.5911
2004-07-31 21:00:00,21,Saturday,2004-07,2.2,1128.0,13.0,95.0,105.0,1066.0,30.1,37.7,1.5799
2004-07-31 22:00:00,22,Saturday,2004-07,1.8,1105.0,11.4,85.0,85.0,1040.0,28.6,42.3,1.6251
2004-07-31 23:00:00,23,Saturday,2004-07,2.3,1141.0,13.3,119.0,92.0,1139.0,27.7,44.6,1.6304
2004-08-01 00:00:00,0,Sunday,2004-08,2.0,1104.0,11.2,106.0,82.0,1086.0,26.6,47.5,1.6265
2004-08-01 01:00:00,1,Sunday,2004-08,1.8,1065.0,9.8,77.0,70.0,1049.0,25.7,50.7,1.6491
2004-08-01 02:00:00,2,Sunday,2004-08,0.9,971.0,6.2,28.0,40.0,811.0,25.1,53.9,1.689
2004-08-01 03:00:00,3,Sunday,2004-08,0.5,891.0,3.6,,,629.0,24.8,58.7,1.8089
2004-08-01 04:00:00,4,Sunday,2004-08,0.6,936.0,4.0,21.0,26.0,723.0,23.5,63.6,1.8223
2004-08-01 05:00:00,5,Sunday,2004-08,0.4,845.0,2.6,17.0,21.0,646.0,24.3,59.4,1.7838
2004-08-01 06:00:00,6,Sunday,2004-08,0.4,872.0,2.6,24.0,30.0,670.0,23.3,62.0,1.7547
2004-08-01 07:00:00,7,Sunday,2004-08,0.4,903.0,2.9,19.0,21.0,603.0,24.1,63.1,1.8619
2004-08-01 08:00:00,8,Sunday,2004-08,0.8,971.0,4.2,39.0,35.0,687.0,25.0,60.7,1.892
2004-08-01 09:00:00,9,Sunday,2004-08,0.8,1006.0,5.5,46.0,36.0,733.0,27.3,52.4,1.8707
2004-08-01 10:00:00,10,Sunday,2004-08,0.9,1012.0,5.8,53.0,48.0,766.0,32.4,37.3,1.7808
2004-08-01 11:00:00,11,Sunday,2004-08,0.7,975.0,4.5,32.0,39.0,621.0,35.4,31.3,1.7736
2004-08-01 12:00:00,12,Sunday,2004-08,0.6,944.0,4.3,30.0,34.0,560.0,37.4,28.2,1.7808
2004-08-01 13:00:00,13,Sunday,2004-08,0.5,857.0,3.5,24.0,33.0,451.0,39.2,20.2,1.4104
2004-08-01 14:00:00,14,Sunday,2004-08,0.6,824.0,3.5,34.0,42.0,393.0,38.1,18.5,1.2141
2004-08-01 15:00:00,15,Sunday,2004-08,0.7,868.0,3.9,63.0,85.0,417.0,40.2,17.7,1.2989
2004-08-01 16:00:00,16,Sunday,2004-08,0.9,908.0,4.7,69.0,92.0,451.0,39.7,19.1,1.3646
2004-08-01 17:00:00,17,Sunday,2004-08,0.9,912.0,5.3,61.0,84.0,461.0,38.5,19.8,1.326
2004-08-01 18:00:00,18,Sunday,2004-08,1.2,986.0,6.4,73.0,100.0,536.0,36.6,24.6,1.4872
2004-08-01 19:00:00,19,Sunday,2004-08,1.4,1037.0,8.0,75.0,95.0,619.0,33.1,32.7,1.62
2004-08-01 20:00:00,20,Sunday,2004-08,1.5,1088.0,9.2,69.0,77.0,766.0,30.7,38.7,1.678
2004-08-01 21:00:00,21,Sunday,2004-08,1.7,1093.0,9.1,71.0,85.0,785.0,29.5,42.7,1.7316
2004-08-01 22:00:00,22,Sunday,2004-08,1.7,1142.0,9.1,73.0,83.0,793.0,27.8,52.6,1.9398
2004-08-01 23:00:00,23,Sunday,2004-08,1.7,1170.0,9.5,86.0,88.0,838.0,27.4,55.5,1.9998
2004-08-02 00:00:00,0,Monday,2004-08,1.9,1142.0,9.1,65.0,68.0,799.0,27.3,57.1,2.0426
2004-08-02 01:00:00,1,Monday,2004-08,1.2,986.0,5.0,74.0,97.0,553.0,26.7,60.1,2.067
2004-08-02 02:00:00,2,Monday,2004-08,0.7,942.0,3.7,45.0,51.0,465.0,26.2,61.6,2.0575
2004-08-02 03:00:00,3,Monday,2004-08,0.3,882.0,2.2,,,406.0,25.5,62.8,2.0236
2004-08-02 04:00:00,4,Monday,2004-08,0.2,854.0,1.6,2.0,5.0,396.0,25.5,61.8,1.9831
2004-08-02 05:00:00,5,Monday,2004-08,0.4,910.0,2.7,29.0,35.0,468.0,25.1,62.4,1.9602
2004-08-02 06:00:00,6,Monday,2004-08,0.8,1005.0,5.6,42.0,56.0,638.0,24.6,62.7,1.9158
2004-08-02 07:00:00,7,Monday,2004-08,1.9,1193.0,13.0,146.0,110.0,1097.0,25.7,58.9,1.9156
2004-08-02 08:00:00,8,Monday,2004-08,,1297.0,17.8,,,1248.0,27.1,54.4,1.9206
2004-08-02 09:00:00,9,Monday,2004-08,1.9,1180.0,11.5,163.0,124.0,1067.0,28.4,50.7,1.9329
2004-08-02 10:00:00,10,Monday,2004-08,1.9,1134.0,11.1,144.0,115.0,964.0,32.7,36.9,1.7953
2004-08-02 11:00:00,11,Monday,2004-08,1.9,1113.0,11.0,125.0,119.0,903.0,34.0,32.7,1.7146
2004-08-02 12:00:00,12,Monday,2004-08,1.7,1084.0,10.7,90.0,107.0,839.0,35.6,29.2,1.6684
2004-08-02 13:00:00,13,Monday,2004-08,1.4,1009.0,8.5,76.0,99.0,692.0,37.1,25.6,1.5868
2004-08-02 14:00:00,14,Monday,2004-08,1.2,1002.0,8.7,73.0,95.0,629.0,36.1,26.4,1.5505
2004-08-02 15:00:00,15,Monday,2004-08,1.4,1007.0,9.4,73.0,105.0,666.0,37.9,23.8,1.5392
2004-08-02 16:00:00,16,Monday,2004-08,1.4,996.0,9.5,80.0,117.0,684.0,38.0,22.2,1.4483
2004-08-02 17:00:00,17,Monday,2004-08,1.9,1050.0,12.9,121.0,157.0,816.0,36.9,22.7,1.3887
2004-08-02 18:00:00,18,Monday,2004-08,2.2,1100.0,13.7,129.0,173.0,876.0,35.5,25.7,1.4626
2004-08-02 19:00:00,19,Monday,2004-08,1.9,1085.0,12.2,103.0,139.0,836.0,32.8,32.2,1.5779
2004-08-02 20:00:00,20,Monday,2004-08,1.7,1079.0,11.8,87.0,116.0,846.0,30.5,38.2,1.6376
2004-08-02 21:00:00,21,Monday,2004-08,1.2,1086.0,9.9,58.0,91.0,795.0,28.8,43.5,1.6989
2004-08-02 22:00:00,22,Monday,2004-08,0.3,1092.0,10.7,64.0,98.0,836.0,28.0,46.2,1.721
2004-08-02 23:00:00,23,Monday,2004-08,0.1,1097.0,9.4,58.0,93.0,818.0,27.1,49.4,1.7398
2004-08-03 00:00:00,0,Tuesday,2004-08,0.1,1075.0,8.1,44.0,74.0,777.0,26.4,52.2,1.7708
2004-08-03 01:00:00,1,Tuesday,2004-08,,1008.0,6.6,28.0,50.0,733.0,26.2,52.3,1.7561
2004-08-03 02:00:00,2,Tuesday,2004-08,,895.0,3.3,19.0,36.0,703.0,27.1,47.4,1.6809
2004-08-03 03:00:00,3,Tuesday,2004-08,,838.0,1.7,,,559.0,28.0,45.2,1.6832
2004-08-03 04:00:00,4,Tuesday,2004-08,,866.0,2.3,48.0,55.0,589.0,25.8,50.9,1.6605
2004-08-03 05:00:00,5,Tuesday,2004-08,,872.0,2.5,77.0,86.0,585.0,27.2,47.2,1.6803
2004-08-03 06:00:00,6,Tuesday,2004-08,,922.0,3.2,110.0,137.0,644.0,27.0,48.3,1.6946
2004-08-03 07:00:00,7,Tuesday,2004-08,,1362.0,19.3,282.0,140.0,1392.0,25.9,51.5,1.7
2004-08-03 08:00:00,8,Tuesday,2004-08,,1349.0,21.3,275.0,142.0,1533.0,27.4,48.6,1.7447
2004-08-03 09:00:00,9,Tuesday,2004-08,,1298.0,17.2,253.0,185.0,1404.0,29.1,45.5,1.7998
2004-08-03 10:00:00,10,Tuesday,2004-08,,1234.0,15.2,211.0,173.0,1204.0,32.8,36.9,1.803
2004-08-03 11:00:00,11,Tuesday,2004-08,,1147.0,10.6,176.0,158.0,915.0,34.7,32.1,1.741
2004-08-03 12:00:00,12,Tuesday,2004-08,,1173.0,12.3,153.0,127.0,940.0,33.7,35.1,1.8022
2004-08-03 13:00:00,13,Tuesday,2004-08,,1118.0,10.5,144.0,111.0,863.0,35.1,32.4,1.7996
2004-08-03 14:00:00,14,Tuesday,2004-08,,1078.0,9.3,127.0,114.0,747.0,35.4,30.9,1.7505
2004-08-03 15:00:00,15,Tuesday,2004-08,,1076.0,9.3,112.0,109.0,704.0,36.5,28.7,1.7256
2004-08-03 16:00:00,16,Tuesday,2004-08,,1103.0,11.0,,,791.0,38.0,24.7,1.6073
2004-08-03 17:00:00,17,Tuesday,2004-08,,1117.0,12.1,148.0,137.0,824.0,37.5,24.4,1.5515
2004-08-03 18:00:00,18,Tuesday,2004-08,,1166.0,13.7,140.0,134.0,913.0,35.5,28.9,1.6468
2004-08-03 19:00:00,19,Tuesday,2004-08,,1157.0,12.9,125.0,114.0,907.0,31.9,37.5,1.7442
2004-08-03 20:00:00,20,Tuesday,2004-08,,1136.0,10.3,111.0,100.0,918.0,30.1,45.0,1.8891
2004-08-03 21:00:00,21,Tuesday,2004-08,,1122.0,9.5,102.0,92.0,914.0,28.8,48.9,1.9105
2004-08-03 22:00:00,22,Tuesday,2004-08,,1121.0,10.3,108.0,97.0,955.0,28.8,48.8,1.9039
2004-08-03 23:00:00,23,Tuesday,2004-08,,1150.0,11.2,132.0,111.0,1063.0,28.0,49.0,1.8237
2004-08-04 00:00:00,0,Wednesday,2004-08,,1074.0,9.2,104.0,89.0,982.0,27.5,51.5,1.8664
2004-08-04 01:00:00,1,Wednesday,2004-08,,1039.0,8.0,92.0,87.0,914.0,27.3,51.5,1.844
2004-08-04 02:00:00,2,Wednesday,2004-08,,963.0,5.8,78.0,69.0,861.0,26.7,53.3,1.8366
2004-08-04 03:00:00,3,Wednesday,2004-08,,889.0,4.0,,,713.0,25.9,55.1,1.8117
2004-08-04 04:00:00,4,Wednesday,2004-08,,868.0,3.0,,,740.0,27.0,51.8,1.8147
2004-08-04 05:00:00,5,Wednesday,2004-08,,877.0,3.0,,,801.0,26.8,50.9,1.7693
2004-08-04 06:00:00,6,Wednesday,2004-08,,1056.0,7.8,,,1132.0,25.0,57.0,1.7792
2004-08-04 07:00:00,7,Wednesday,2004-08,,1288.0,19.3,,,1473.0,26.2,52.8,1.7729
2004-08-04 08:00:00,8,Wednesday,2004-08,,1381.0,26.0,,,1607.0,28.3,47.6,1.7981
2004-08-04 09:00:00,9,Wednesday,2004-08,,1113.0,10.6,,,1146.0,29.9,42.1,1.7474
2004-08-04 10:00:00,10,Wednesday,2004-08,,1062.0,8.2,,,867.0,33.0,35.4,1.7504
2004-08-04 11:00:00,11,Wednesday,2004-08,,1094.0,9.9,,,869.0,35.6,30.6,1.7493
2004-08-04 12:00:00,12,Wednesday,2004-08,,1050.0,8.6,,,744.0,37.1,27.9,1.7309
2004-08-04 13:00:00,13,Wednesday,2004-08,,1056.0,8.7,,,702.0,37.9,25.7,1.6651
2004-08-04 14:00:00,14,Wednesday,2004-08,,944.0,6.0,,,554.0,37.2,23.6,1.4764
2004-08-04 15:00:00,15,Wednesday,2004-08,,1003.0,8.0,,,661.0,39.1,21.7,1.5031
2004-08-04 16:00:00,16,Wednesday,2004-08,,1018.0,7.6,,,630.0,39.3,22.0,1.5366
2004-08-04 17:00:00,17,Wednesday,2004-08,,1108.0,10.7,,,803.0,38.2,23.8,1.5666
2004-08-04 18:00:00,18,Wednesday,2004-08,,1049.0,8.7,,,727.0,34.0,33.2,1.7395
2004-08-04 19:00:00,19,Wednesday,2004-08,,1078.0,8.0,,,894.0,25.5,58.6,1.8891
2004-08-04 20:00:00,20,Wednesday,2004-08,,999.0,7.2,,,864.0,27.2,46.0,1.6376
2004-08-04 21:00:00,21,Wednesday,2004-08,,943.0,5.7,,,743.0,27.6,45.2,1.6479
2004-08-04 22:00:00,22,Wednesday,2004-08,,987.0,5.5,,,830.0,25.4,52.7,1.6867
2004-08-04 23:00:00,23,Wednesday,2004-08,,939.0,4.6,,,675.0,26.1,49.4,1.6491
2004-08-05 00:00:00,0,Thursday,2004-08,,1015.0,6.6,,,839.0,25.0,53.6,1.6721
2004-08-05 01:00:00,1,Thursday,2004-08,,935.0,4.5,,,758.0,25.4,52.9,1.698
2004-08-05 02:00:00,2,Thursday,2004-08,,908.0,3.8,,,644.0,25.4,54.4,1.7384
2004-08-05 03:00:00,3,Thursday,2004-08,,853.0,2.3,,,615.0,25.4,54.6,1.7432
2004-08-05 04:00:00,4,Thursday,2004-08,,851.0,2.1,,,578.0,24.5,57.1,1.7327
2004-08-05 05:00:00,5,Thursday,2004-08,,957.0,3.9,,,843.0,22.8,63.7,1.7392
2004-08-05 06:00:00,6,Thursday,2004-08,,1059.0,6.5,,,1113.0,22.6,64.1,1.7358
2004-08-05 07:00:00,7,Thursday,2004-08,,1261.0,14.5,,,1388.0,24.3,58.0,1.7429
2004-08-05 08:00:00,8,Thursday,2004-08,,1215.0,15.1,,,1310.0,26.5,50.4,1.7215
2004-08-05 09:00:00,9,Thursday,2004-08,,1097.0,9.0,,,1056.0,28.1,45.4,1.697
2004-08-05 10:00:00,10,Thursday,2004-08,,1135.0,11.4,,,1104.0,31.7,36.7,1.6843
2004-08-05 11:00:00,11,Thursday,2004-08,,1117.0,11.2,104.0,115.0,973.0,35.8,28.7,1.6626
2004-08-05 12:00:00,12,Thursday,2004-08,,1108.0,10.2,98.0,108.0,1001.0,36.8,27.2,1.6623
2004-08-05 13:00:00,13,Thursday,2004-08,,1038.0,8.2,66.0,86.0,747.0,38.3,24.5,1.622
2004-08-05 14:00:00,14,Thursday,2004-08,,985.0,6.6,60.0,84.0,653.0,34.2,30.8,1.6299
2004-08-05 15:00:00,15,Thursday,2004-08,,1100.0,6.4,85.0,97.0,934.0,28.7,51.4,1.9871
2004-08-05 16:00:00,16,Thursday,2004-08,,1067.0,7.0,90.0,102.0,811.0,23.9,69.1,2.0202
2004-08-05 17:00:00,17,Thursday,2004-08,,1140.0,9.6,122.0,102.0,918.0,21.5,78.8,1.9939
2004-08-05 18:00:00,18,Thursday,2004-08,,1113.0,9.4,117.0,99.0,899.0,21.6,78.5,1.994
2004-08-05 19:00:00,19,Thursday,2004-08,,1124.0,10.2,115.0,97.0,902.0,21.5,78.4,1.9818
2004-08-05 20:00:00,20,Thursday,2004-08,,1056.0,7.7,127.0,101.0,900.0,20.8,80.9,1.9637
2004-08-05 21:00:00,21,Thursday,2004-08,,1002.0,5.4,79.0,92.0,875.0,20.7,81.8,1.9717
2004-08-05 22:00:00,22,Thursday,2004-08,,971.0,5.5,61.0,70.0,879.0,23.1,70.1,1.9582
2004-08-05 23:00:00,23,Thursday,2004-08,,1001.0,5.7,67.0,72.0,859.0,22.7,68.4,1.8627
2004-08-06 00:00:00,0,Friday,2004-08,,1058.0,7.2,93.0,80.0,1048.0,22.1,72.6,1.9105
2004-08-06 01:00:00,1,Friday,2004-08,,1030.0,6.8,77.0,71.0,1048.0,21.8,74.1,1.915
2004-08-06 02:00:00,2,Friday,2004-08,,950.0,5.0,60.0,69.0,959.0,21.9,72.8,1.8944
2004-08-06 03:00:00,3,Friday,2004-08,,912.0,4.1,,,898.0,21.7,73.2,1.8763
2004-08-06 04:00:00,4,Friday,2004-08,,893.0,3.4,45.0,55.0,859.0,21.4,75.5,1.9033
2004-08-06 05:00:00,5,Friday,2004-08,0.7,938.0,4.4,65.0,57.0,947.0,21.4,75.5,1.9069
2004-08-06 06:00:00,6,Friday,2004-08,1.2,1065.0,7.7,94.0,56.0,1081.0,21.9,74.9,1.9396
2004-08-06 07:00:00,7,Friday,2004-08,2.3,1240.0,13.6,205.0,72.0,1257.0,22.0,75.9,1.9817
2004-08-06 08:00:00,8,Friday,2004-08,3.0,1307.0,19.1,240.0,84.0,1404.0,22.5,74.9,2.019
2004-08-06 09:00:00,9,Friday,2004-08,2.9,1229.0,16.3,237.0,97.0,1412.0,24.5,66.2,2.0011
2004-08-06 10:00:00,10,Friday,2004-08,2.6,1220.0,14.2,245.0,107.0,1428.0,25.6,61.2,1.9808
2004-08-06 11:00:00,11,Friday,2004-08,2.6,1218.0,15.6,206.0,117.0,1451.0,29.3,48.4,1.9367
2004-08-06 12:00:00,12,Friday,2004-08,2.6,1171.0,14.4,156.0,120.0,1346.0,33.5,36.0,1.8395
2004-08-06 13:00:00,13,Friday,2004-08,2.1,1067.0,10.5,126.0,110.0,1093.0,35.6,29.8,1.7045
2004-08-06 14:00:00,14,Friday,2004-08,1.7,1054.0,10.2,108.0,104.0,940.0,33.7,33.4,1.7186
2004-08-06 15:00:00,15,Friday,2004-08,1.9,1051.0,10.7,102.0,110.0,909.0,34.1,33.3,1.7509
2004-08-06 16:00:00,16,Friday,2004-08,2.5,1103.0,11.6,110.0,111.0,1005.0,31.5,43.5,1.9797
2004-08-06 17:00:00,17,Friday,2004-08,1.1,970.0,7.9,57.0,64.0,756.0,32.5,40.6,1.9481
2004-08-06 18:00:00,18,Friday,2004-08,2.1,1100.0,11.7,109.0,92.0,1080.0,29.8,45.2,1.8642
2004-08-06 19:00:00,19,Friday,2004-08,2.6,1129.0,14.6,151.0,114.0,1220.0,27.7,49.9,1.8189
2004-08-06 20:00:00,20,Friday,2004-08,2.6,1126.0,13.2,153.0,116.0,1208.0,26.4,54.6,1.8459
2004-08-06 21:00:00,21,Friday,2004-08,1.7,1019.0,9.8,103.0,94.0,1057.0,25.5,58.0,1.8611
2004-08-06 22:00:00,22,Friday,2004-08,1.5,1011.0,8.8,76.0,77.0,1009.0,25.1,59.9,1.8797
2004-08-06 23:00:00,23,Friday,2004-08,1.8,1039.0,10.4,93.0,74.0,1088.0,24.1,63.5,1.8828
2004-08-07 00:00:00,0,Saturday,2004-08,1.4,974.0,8.5,75.0,62.0,1062.0,23.8,65.0,1.8897
2004-08-07 01:00:00,1,Saturday,2004-08,1.2,925.0,6.4,57.0,57.0,975.0,23.4,64.9,1.843
2004-08-07 02:00:00,2,Saturday,2004-08,0.7,810.0,3.4,32.0,45.0,793.0,24.4,58.6,1.7714
2004-08-07 03:00:00,3,Saturday,2004-08,0.6,800.0,2.6,,,787.0,23.3,63.3,1.7895
2004-08-07 04:00:00,4,Saturday,2004-08,0.7,813.0,2.9,42.0,49.0,802.0,21.9,67.1,1.7414
2004-08-07 05:00:00,5,Saturday,2004-08,0.5,788.0,2.3,37.0,45.0,754.0,23.6,61.2,1.7588
2004-08-07 06:00:00,6,Saturday,2004-08,0.6,815.0,3.3,44.0,44.0,774.0,22.6,63.4,1.7136
2004-08-07 07:00:00,7,Saturday,2004-08,0.9,868.0,5.1,51.0,43.0,860.0,22.9,62.6,1.7253
2004-08-07 08:00:00,8,Saturday,2004-08,1.2,951.0,7.7,74.0,51.0,988.0,23.3,61.8,1.7504
2004-08-07 09:00:00,9,Saturday,2004-08,2.0,1075.0,10.5,115.0,84.0,1113.0,25.4,56.2,1.7961
2004-08-07 10:00:00,10,Saturday,2004-08,1.9,1058.0,10.9,109.0,96.0,1063.0,30.6,41.9,1.8104
2004-08-07 11:00:00,11,Saturday,2004-08,1.7,1012.0,8.4,80.0,88.0,858.0,33.5,34.0,1.73
2004-08-07 12:00:00,12,Saturday,2004-08,1.2,929.0,6.0,57.0,67.0,642.0,35.5,29.8,1.7004
2004-08-07 13:00:00,13,Saturday,2004-08,1.1,902.0,6.0,56.0,64.0,588.0,37.5,24.7,1.5637
2004-08-07 14:00:00,14,Saturday,2004-08,1.0,836.0,4.7,43.0,54.0,484.0,35.1,25.2,1.402
2004-08-07 15:00:00,15,Saturday,2004-08,1.0,858.0,5.3,43.0,56.0,498.0,38.1,21.1,1.3863
2004-08-07 16:00:00,16,Saturday,2004-08,1.0,886.0,5.8,51.0,68.0,538.0,38.5,21.8,1.4653
2004-08-07 17:00:00,17,Saturday,2004-08,1.2,974.0,6.5,46.0,67.0,565.0,36.8,29.5,1.8037
2004-08-07 18:00:00,18,Saturday,2004-08,1.6,1008.0,8.4,71.0,95.0,672.0,34.9,33.4,1.8384
2004-08-07 19:00:00,19,Saturday,2004-08,1.6,990.0,8.3,65.0,86.0,689.0,32.2,37.4,1.7655
2004-08-07 20:00:00,20,Saturday,2004-08,1.6,981.0,8.4,78.0,93.0,714.0,29.7,41.7,1.7081
2004-08-07 21:00:00,21,Saturday,2004-08,1.3,954.0,6.4,51.0,68.0,631.0,27.7,47.4,1.7344
2004-08-07 22:00:00,22,Saturday,2004-08,1.9,1030.0,10.3,84.0,95.0,829.0,27.3,49.4,1.7602
2004-08-07 23:00:00,23,Saturday,2004-08,1.9,1033.0,10.9,89.0,93.0,875.0,26.3,51.3,1.7251
2004-08-08 00:00:00,0,Sunday,2004-08,1.5,963.0,7.4,65.0,69.0,803.0,25.7,54.1,1.7546
2004-08-08 01:00:00,1,Sunday,2004-08,1.1,918.0,5.8,43.0,55.0,759.0,25.4,55.1,1.7628
2004-08-08 02:00:00,2,Sunday,2004-08,0.8,868.0,4.5,32.0,39.0,638.0,24.9,57.3,1.7822
2004-08-08 03:00:00,3,Sunday,2004-08,0.9,886.0,4.6,,,700.0,24.1,61.8,1.8339
2004-08-08 04:00:00,4,Sunday,2004-08,0.6,813.0,2.4,22.0,33.0,615.0,23.9,61.2,1.7871
2004-08-08 05:00:00,5,Sunday,2004-08,0.6,815.0,2.4,21.0,29.0,596.0,23.8,61.3,1.7881
2004-08-08 06:00:00,6,Sunday,2004-08,0.7,815.0,2.6,27.0,36.0,650.0,23.4,61.7,1.7495
2004-08-08 07:00:00,7,Sunday,2004-08,0.6,835.0,2.8,31.0,38.0,655.0,24.3,58.4,1.7508
2004-08-08 08:00:00,8,Sunday,2004-08,1.0,921.0,4.5,46.0,47.0,779.0,25.1,56.6,1.7798
2004-08-08 09:00:00,9,Sunday,2004-08,1.2,963.0,5.2,62.0,64.0,758.0,27.3,51.3,1.835
2004-08-08 10:00:00,10,Sunday,2004-08,1.0,935.0,4.2,43.0,49.0,598.0,29.5,45.9,1.8662
2004-08-08 11:00:00,11,Sunday,2004-08,1.3,1007.0,4.8,53.0,64.0,643.0,27.6,52.4,1.9055
2004-08-08 12:00:00,12,Sunday,2004-08,1.4,1032.0,4.6,87.0,79.0,778.0,25.4,68.0,2.1806
2004-08-08 13:00:00,13,Sunday,2004-08,0.8,901.0,3.6,36.0,45.0,522.0,32.2,40.3,1.8999
2004-08-08 14:00:00,14,Sunday,2004-08,0.6,851.0,2.6,21.0,30.0,419.0,31.6,38.9,1.7838
2004-08-08 15:00:00,15,Sunday,2004-08,0.7,877.0,3.0,27.0,35.0,444.0,33.0,37.3,1.8481
2004-08-08 16:00:00,16,Sunday,2004-08,0.8,909.0,3.6,29.0,37.0,474.0,35.1,32.1,1.7841
2004-08-08 17:00:00,17,Sunday,2004-08,0.9,908.0,4.1,38.0,46.0,495.0,35.0,31.1,1.7173
2004-08-08 18:00:00,18,Sunday,2004-08,1.0,926.0,5.0,41.0,54.0,504.0,33.8,32.1,1.6596
2004-08-08 19:00:00,19,Sunday,2004-08,1.5,1010.0,6.5,66.0,79.0,616.0,31.1,38.8,1.7295
2004-08-08 20:00:00,20,Sunday,2004-08,1.5,1031.0,7.3,63.0,79.0,690.0,29.0,46.1,1.8141
2004-08-08 21:00:00,21,Sunday,2004-08,1.7,1070.0,8.1,88.0,98.0,846.0,28.1,50.6,1.8969
2004-08-08 22:00:00,22,Sunday,2004-08,1.9,1124.0,10.4,87.0,93.0,1013.0,27.1,54.7,1.9284
2004-08-08 23:00:00,23,Sunday,2004-08,1.7,1066.0,9.0,86.0,89.0,978.0,26.6,56.4,1.9349
2004-08-09 00:00:00,0,Monday,2004-08,1.2,1001.0,6.5,49.0,57.0,821.0,25.8,60.4,1.9759
2004-08-09 01:00:00,1,Monday,2004-08,1.1,967.0,6.3,40.0,51.0,862.0,25.5,61.6,1.9804
2004-08-09 02:00:00,2,Monday,2004-08,0.8,901.0,4.4,27.0,39.0,755.0,24.9,63.5,1.9647
2004-08-09 03:00:00,3,Monday,2004-08,0.5,835.0,2.8,,,715.0,24.3,65.1,1.9475
2004-08-09 04:00:00,4,Monday,2004-08,,820.0,2.2,23.0,30.0,684.0,23.8,65.7,1.9079
2004-08-09 05:00:00,5,Monday,2004-08,0.7,896.0,3.7,58.0,46.0,853.0,23.2,68.0,1.9045
2004-08-09 06:00:00,6,Monday,2004-08,1.2,996.0,7.4,87.0,55.0,990.0,23.2,67.5,1.899
2004-08-09 07:00:00,7,Monday,2004-08,2.3,1159.0,15.1,143.0,63.0,1206.0,24.3,63.3,1.8929
2004-08-09 08:00:00,8,Monday,2004-08,2.5,1185.0,15.1,96.0,42.0,1274.0,25.5,59.7,1.9193
2004-08-09 09:00:00,9,Monday,2004-08,2.4,1168.0,14.7,16.0,5.0,1336.0,27.7,52.5,1.9138
2004-08-09 10:00:00,10,Monday,2004-08,1.4,1044.0,9.8,54.0,39.0,1068.0,31.8,38.9,1.8005
2004-08-09 11:00:00,11,Monday,2004-08,1.2,983.0,8.0,42.0,39.0,804.0,32.7,34.1,1.6592
2004-08-09 12:00:00,12,Monday,2004-08,1.6,1032.0,8.3,72.0,71.0,826.0,34.3,31.5,1.6745
2004-08-09 13:00:00,13,Monday,2004-08,1.4,1019.0,7.7,54.0,65.0,745.0,34.2,31.5,1.6675
2004-08-09 14:00:00,14,Monday,2004-08,1.2,982.0,6.7,52.0,71.0,638.0,33.9,32.3,1.6809
2004-08-09 15:00:00,15,Monday,2004-08,1.5,1016.0,7.5,64.0,72.0,684.0,34.4,31.9,1.7005
2004-08-09 16:00:00,16,Monday,2004-08,1.4,,,70.0,76.0,,,,
2004-08-09 17:00:00,17,Monday,2004-08,1.5,,,65.0,75.0,,,,
2004-08-09 18:00:00,18,Monday,2004-08,1.7,,,80.0,86.0,,,,
2004-08-09 19:00:00,19,Monday,2004-08,2.2,,,88.0,96.0,,,,
2004-08-09 20:00:00,20,Monday,2004-08,1.9,1091.0,8.6,81.0,95.0,1020.0,29.8,41.7,1.7167
2004-08-09 21:00:00,21,Monday,2004-08,1.6,1109.0,9.7,59.0,74.0,1100.0,28.8,45.9,1.7884
2004-08-09 22:00:00,22,Monday,2004-08,1.5,1098.0,9.1,69.0,76.0,1086.0,28.2,51.1,1.9221
2004-08-09 23:00:00,23,Monday,2004-08,1.4,1088.0,9.1,58.0,66.0,1060.0,27.5,54.4,1.9705
2004-08-10 00:00:00,0,Tuesday,2004-08,1.0,1035.0,7.0,33.0,49.0,996.0,27.4,55.0,1.9827
2004-08-10 01:00:00,1,Tuesday,2004-08,0.7,942.0,4.9,17.0,29.0,856.0,28.1,51.6,1.9269
2004-08-10 02:00:00,2,Tuesday,2004-08,0.5,902.0,3.5,6.0,11.0,722.0,26.3,56.5,1.9027
2004-08-10 03:00:00,3,Tuesday,2004-08,0.5,919.0,3.9,,,860.0,24.4,65.0,1.9612
2004-08-10 04:00:00,4,Tuesday,2004-08,0.5,875.0,3.2,20.0,25.0,772.0,24.4,63.6,1.9218
2004-08-10 05:00:00,5,Tuesday,2004-08,0.7,927.0,4.7,58.0,34.0,910.0,23.5,67.4,1.9305
2004-08-10 06:00:00,6,Tuesday,2004-08,1.2,1032.0,7.6,106.0,42.0,1051.0,23.4,65.7,1.872
2004-08-10 07:00:00,7,Tuesday,2004-08,2.2,1193.0,14.7,143.0,47.0,1257.0,24.5,61.3,1.8522
2004-08-10 08:00:00,8,Tuesday,2004-08,2.9,1268.0,18.7,167.0,62.0,1410.0,26.0,55.8,1.8536
2004-08-10 09:00:00,9,Tuesday,2004-08,2.6,1238.0,14.8,188.0,81.0,1433.0,28.5,48.5,1.8607
2004-08-10 10:00:00,10,Tuesday,2004-08,2.6,1230.0,14.5,164.0,90.0,1413.0,33.6,35.7,1.8229
2004-08-10 11:00:00,11,Tuesday,2004-08,2.2,1161.0,12.7,128.0,95.0,1206.0,36.5,28.9,1.7359
2004-08-10 12:00:00,12,Tuesday,2004-08,1.5,1048.0,9.2,88.0,86.0,831.0,39.0,23.7,1.6346
2004-08-10 13:00:00,13,Tuesday,2004-08,0.9,929.0,4.8,51.0,64.0,544.0,38.8,23.7,1.6093
2004-08-10 14:00:00,14,Tuesday,2004-08,1.0,950.0,5.4,52.0,62.0,525.0,38.0,24.0,1.5686
2004-08-10 15:00:00,15,Tuesday,2004-08,1.1,1013.0,7.2,59.0,75.0,644.0,40.5,23.3,1.7416
2004-08-10 16:00:00,16,Tuesday,2004-08,1.2,1034.0,6.7,67.0,88.0,702.0,39.8,25.4,1.8213
2004-08-10 17:00:00,17,Tuesday,2004-08,1.8,1082.0,9.7,105.0,126.0,844.0,39.6,23.3,1.6535
2004-08-10 18:00:00,18,Tuesday,2004-08,1.8,1110.0,10.9,91.0,96.0,905.0,38.8,24.7,1.6772
2004-08-10 19:00:00,19,Tuesday,2004-08,1.7,1118.0,10.6,69.0,79.0,878.0,34.7,35.9,1.9528
2004-08-10 20:00:00,20,Tuesday,2004-08,1.7,1136.0,9.7,65.0,67.0,927.0,32.3,43.6,2.07
2004-08-10 21:00:00,21,Tuesday,2004-08,1.6,1106.0,8.6,58.0,62.0,910.0,30.7,48.1,2.0821
2004-08-10 22:00:00,22,Tuesday,2004-08,1.7,1151.0,10.2,67.0,64.0,1024.0,29.5,50.6,2.0492
2004-08-10 23:00:00,23,Tuesday,2004-08,1.8,1144.0,10.5,64.0,63.0,1021.0,28.8,52.0,2.0297
2004-08-11 00:00:00,0,Wednesday,2004-08,1.5,1118.0,8.8,65.0,60.0,1027.0,28.2,55.0,2.0697
2004-08-11 01:00:00,1,Wednesday,2004-08,1.2,1066.0,6.6,47.0,49.0,993.0,27.2,59.1,2.0997
2004-08-11 02:00:00,2,Wednesday,2004-08,0.8,991.0,5.3,29.0,36.0,910.0,26.7,60.7,2.0977
2004-08-11 03:00:00,3,Wednesday,2004-08,0.5,906.0,3.0,,,768.0,26.9,60.3,2.1074
2004-08-11 04:00:00,4,Wednesday,2004-08,0.5,903.0,3.2,16.0,24.0,760.0,26.4,61.6,2.0931
2004-08-11 05:00:00,5,Wednesday,2004-08,0.7,941.0,3.5,50.0,32.0,834.0,25.9,63.6,2.102
2004-08-11 06:00:00,6,Wednesday,2004-08,1.1,1074.0,7.2,78.0,42.0,1075.0,26.1,63.7,2.117
2004-08-11 07:00:00,7,Wednesday,2004-08,1.4,1114.0,9.5,89.0,42.0,1167.0,26.8,60.5,2.1008
2004-08-11 08:00:00,8,Wednesday,2004-08,1.7,1162.0,11.1,97.0,51.0,1178.0,27.9,56.5,2.0895
2004-08-11 09:00:00,9,Wednesday,2004-08,1.8,1165.0,9.7,93.0,58.0,1120.0,29.8,51.1,2.1054
2004-08-11 10:00:00,10,Wednesday,2004-08,1.8,1179.0,9.5,105.0,67.0,1131.0,33.6,41.0,2.0995
2004-08-11 11:00:00,11,Wednesday,2004-08,1.7,1144.0,8.3,89.0,68.0,972.0,35.1,38.1,2.1144
2004-08-11 12:00:00,12,Wednesday,2004-08,1.3,1066.0,6.0,63.0,56.0,764.0,36.2,34.9,2.0578
2004-08-11 13:00:00,13,Wednesday,2004-08,1.3,1056.0,5.8,52.0,47.0,670.0,38.0,30.7,2.0022
2004-08-11 14:00:00,14,Wednesday,2004-08,1.0,995.0,5.1,48.0,46.0,615.0,36.6,30.8,1.8617
2004-08-11 15:00:00,15,Wednesday,2004-08,1.0,967.0,4.5,50.0,50.0,557.0,38.8,25.4,1.7282
2004-08-11 16:00:00,16,Wednesday,2004-08,1.4,1048.0,6.6,80.0,65.0,700.0,38.7,25.8,1.7426
2004-08-11 17:00:00,17,Wednesday,2004-08,1.6,1092.0,8.0,78.0,69.0,734.0,37.4,29.9,1.8848
2004-08-11 18:00:00,18,Wednesday,2004-08,1.4,1056.0,7.6,64.0,63.0,684.0,36.2,31.1,1.8371
2004-08-11 19:00:00,19,Wednesday,2004-08,1.7,1100.0,10.1,84.0,69.0,823.0,33.8,34.5,1.7788
2004-08-11 20:00:00,20,Wednesday,2004-08,1.4,1057.0,7.8,72.0,57.0,801.0,31.4,40.7,1.8377
2004-08-11 21:00:00,21,Wednesday,2004-08,1.5,1068.0,8.4,70.0,59.0,916.0,30.8,45.0,1.9733
2004-08-11 22:00:00,22,Wednesday,2004-08,1.4,1050.0,7.7,59.0,54.0,820.0,29.4,50.0,2.0181
2004-08-11 23:00:00,23,Wednesday,2004-08,1.5,1074.0,7.6,63.0,57.0,838.0,28.1,54.1,2.029
2004-08-12 00:00:00,0,Thursday,2004-08,1.6,1053.0,7.9,58.0,46.0,882.0,27.3,57.8,2.0646
2004-08-12 01:00:00,1,Thursday,2004-08,1.2,1003.0,6.3,68.0,65.0,801.0,26.7,60.6,2.0942
2004-08-12 02:00:00,2,Thursday,2004-08,0.9,933.0,3.8,57.0,62.0,690.0,25.9,64.5,2.1247
2004-08-12 03:00:00,3,Thursday,2004-08,0.6,869.0,2.4,,,674.0,25.6,63.5,2.0566
2004-08-12 04:00:00,4,Thursday,2004-08,,864.0,2.5,15.0,25.0,622.0,26.7,61.0,2.101
2004-08-12 05:00:00,5,Thursday,2004-08,0.7,931.0,4.2,47.0,37.0,799.0,25.8,64.6,2.1195
2004-08-12 06:00:00,6,Thursday,2004-08,0.7,921.0,4.5,39.0,41.0,818.0,26.5,60.6,2.063
2004-08-12 07:00:00,7,Thursday,2004-08,1.7,1139.0,11.0,87.0,60.0,1034.0,26.4,61.7,2.0929
2004-08-12 08:00:00,8,Thursday,2004-08,2.2,1205.0,14.1,122.0,65.0,1189.0,27.5,60.1,2.1719
2004-08-12 09:00:00,9,Thursday,2004-08,1.9,1126.0,9.5,122.0,71.0,1034.0,29.4,53.1,2.1362
2004-08-12 10:00:00,10,Thursday,2004-08,1.5,1066.0,6.9,101.0,61.0,929.0,33.4,39.9,2.0177
2004-08-12 11:00:00,11,Thursday,2004-08,1.6,1069.0,7.2,92.0,65.0,880.0,33.2,39.2,1.9642
2004-08-12 12:00:00,12,Thursday,2004-08,1.3,975.0,5.5,70.0,54.0,701.0,34.5,35.1,1.8856
2004-08-12 13:00:00,13,Thursday,2004-08,1.1,955.0,5.1,58.0,58.0,620.0,37.1,30.5,1.8962
2004-08-12 14:00:00,14,Thursday,2004-08,1.0,949.0,5.0,44.0,56.0,573.0,35.9,32.1,1.8697
2004-08-12 15:00:00,15,Thursday,2004-08,1.0,941.0,5.6,44.0,60.0,544.0,37.3,28.0,1.7537
2004-08-12 16:00:00,16,Thursday,2004-08,1.1,942.0,5.7,52.0,69.0,581.0,38.1,26.3,1.7252
2004-08-12 17:00:00,17,Thursday,2004-08,1.3,974.0,7.0,53.0,67.0,610.0,37.1,27.2,1.6844
2004-08-12 18:00:00,18,Thursday,2004-08,1.5,1012.0,8.1,65.0,79.0,695.0,35.2,31.2,1.7485
2004-08-12 19:00:00,19,Thursday,2004-08,1.6,1017.0,8.7,67.0,86.0,709.0,32.1,38.7,1.819
2004-08-12 20:00:00,20,Thursday,2004-08,1.5,1006.0,7.9,67.0,79.0,736.0,30.3,45.1,1.9129
2004-08-12 21:00:00,21,Thursday,2004-08,1.3,1008.0,7.5,53.0,67.0,722.0,29.3,50.2,2.0127
2004-08-12 22:00:00,22,Thursday,2004-08,1.2,989.0,6.0,53.0,65.0,680.0,28.6,53.7,2.0691
2004-08-12 23:00:00,23,Thursday,2004-08,1.6,1080.0,8.5,60.0,67.0,772.0,27.8,57.4,2.1107
2004-08-13 00:00:00,0,Friday,2004-08,1.4,1033.0,7.0,60.0,62.0,769.0,27.4,59.4,2.1395
2004-08-13 01:00:00,1,Friday,2004-08,1.1,968.0,5.6,39.0,48.0,654.0,27.2,59.3,2.1059
2004-08-13 02:00:00,2,Friday,2004-08,0.7,853.0,2.6,22.0,33.0,516.0,26.7,61.0,2.1005
2004-08-13 03:00:00,3,Friday,2004-08,0.4,810.0,1.5,,,447.0,26.0,62.7,2.0737
2004-08-13 04:00:00,4,Friday,2004-08,0.5,817.0,1.7,7.0,11.0,452.0,25.4,63.1,2.0184
2004-08-13 05:00:00,5,Friday,2004-08,0.5,840.0,2.0,25.0,34.0,492.0,26.1,60.3,2.012
2004-08-13 06:00:00,6,Friday,2004-08,0.8,940.0,4.0,47.0,52.0,588.0,25.2,67.1,2.1164
2004-08-13 07:00:00,7,Friday,2004-08,1.6,1076.0,8.6,101.0,80.0,909.0,26.0,61.9,2.0511
2004-08-13 08:00:00,8,Friday,2004-08,1.6,1086.0,10.1,100.0,86.0,1007.0,27.0,57.5,2.0183
2004-08-13 09:00:00,9,Friday,2004-08,1.4,1031.0,8.7,79.0,77.0,809.0,30.5,44.4,1.9076
2004-08-13 10:00:00,10,Friday,2004-08,1.5,1016.0,7.9,91.0,93.0,820.0,33.4,35.1,1.781
2004-08-13 11:00:00,11,Friday,2004-08,1.2,953.0,5.8,83.0,109.0,657.0,35.7,29.0,1.6716
2004-08-13 12:00:00,12,Friday,2004-08,1.1,918.0,5.3,65.0,89.0,551.0,35.8,27.7,1.6041
2004-08-13 13:00:00,13,Friday,2004-08,0.8,892.0,4.2,55.0,71.0,511.0,36.3,27.4,1.6264
2004-08-13 14:00:00,14,Friday,2004-08,0.7,841.0,3.3,40.0,56.0,451.0,33.6,28.8,1.4695
2004-08-13 15:00:00,15,Friday,2004-08,0.7,799.0,4.0,48.0,68.0,462.0,35.2,20.5,1.1418
2004-08-13 16:00:00,16,Friday,2004-08,0.7,838.0,4.3,46.0,61.0,440.0,35.0,22.4,1.2371
2004-08-13 17:00:00,17,Friday,2004-08,1.0,870.0,4.6,54.0,70.0,472.0,34.0,25.2,1.314
2004-08-13 18:00:00,18,Friday,2004-08,1.0,892.0,5.1,55.0,76.0,494.0,32.0,28.2,1.3204
2004-08-13 19:00:00,19,Friday,2004-08,1.2,926.0,5.9,60.0,78.0,524.0,29.4,34.4,1.3899
2004-08-13 20:00:00,20,Friday,2004-08,1.1,919.0,5.7,62.0,80.0,560.0,28.1,41.1,1.535
2004-08-13 21:00:00,21,Friday,2004-08,1.0,932.0,4.7,51.0,71.0,534.0,26.9,47.5,1.6595
2004-08-13 22:00:00,22,Friday,2004-08,1.2,957.0,5.1,57.0,74.0,577.0,26.6,50.4,1.724
2004-08-13 23:00:00,23,Friday,2004-08,1.4,994.0,5.9,72.0,90.0,674.0,25.9,52.9,1.7478
2004-08-14 00:00:00,0,Saturday,2004-08,1.3,984.0,5.6,63.0,78.0,676.0,25.4,54.6,1.7483
2004-08-14 01:00:00,1,Saturday,2004-08,1.0,919.0,4.5,49.0,63.0,611.0,25.1,55.7,1.7471
2004-08-14 02:00:00,2,Saturday,2004-08,0.6,847.0,2.5,30.0,42.0,529.0,25.1,55.3,1.733
2004-08-14 03:00:00,3,Saturday,2004-08,0.4,802.0,1.7,,,478.0,25.0,56.0,1.7428
2004-08-14 04:00:00,4,Saturday,2004-08,0.4,795.0,1.8,18.0,27.0,497.0,25.2,55.0,1.7405
2004-08-14 05:00:00,5,Saturday,2004-08,0.4,809.0,1.9,22.0,29.0,513.0,25.6,53.5,1.7291
2004-08-14 06:00:00,6,Saturday,2004-08,0.5,835.0,2.6,39.0,41.0,563.0,24.7,55.9,1.7114
2004-08-14 07:00:00,7,Saturday,2004-08,1.1,967.0,6.3,68.0,61.0,822.0,24.0,57.2,1.6835
2004-08-14 08:00:00,8,Saturday,2004-08,1.2,969.0,6.8,84.0,68.0,890.0,25.0,53.2,1.663
2004-08-14 09:00:00,9,Saturday,2004-08,0.9,913.0,4.7,54.0,58.0,742.0,28.0,43.4,1.6162
2004-08-14 10:00:00,10,Saturday,2004-08,0.9,933.0,4.7,51.0,52.0,629.0,31.6,35.5,1.6269
2004-08-14 11:00:00,11,Saturday,2004-08,1.0,922.0,4.0,52.0,57.0,609.0,35.0,29.0,1.6017
2004-08-14 12:00:00,12,Saturday,2004-08,0.8,914.0,4.3,44.0,51.0,534.0,35.3,27.6,1.5512
2004-08-14 13:00:00,13,Saturday,2004-08,0.8,873.0,3.8,47.0,53.0,528.0,36.2,24.1,1.4235
2004-08-14 14:00:00,14,Saturday,2004-08,0.7,831.0,3.4,37.0,49.0,463.0,34.8,24.5,1.3373
2004-08-14 15:00:00,15,Saturday,2004-08,0.7,840.0,3.6,33.0,44.0,462.0,38.2,19.6,1.2915
2004-08-14 16:00:00,16,Saturday,2004-08,0.7,874.0,3.6,36.0,48.0,501.0,38.9,20.3,1.382
2004-08-14 17:00:00,17,Saturday,2004-08,0.7,896.0,3.6,33.0,46.0,493.0,36.9,27.1,1.6683
2004-08-14 18:00:00,18,Saturday,2004-08,0.9,964.0,5.1,40.0,56.0,572.0,35.2,32.1,1.7898
2004-08-14 19:00:00,19,Saturday,2004-08,1.2,1001.0,6.6,56.0,73.0,668.0,32.0,38.2,1.788
2004-08-14 20:00:00,20,Saturday,2004-08,1.4,1005.0,7.3,71.0,85.0,771.0,29.8,41.8,1.7269
2004-08-14 21:00:00,21,Saturday,2004-08,1.2,979.0,6.1,57.0,72.0,732.0,28.2,45.9,1.7272
2004-08-14 22:00:00,22,Saturday,2004-08,1.0,935.0,5.2,43.0,53.0,687.0,27.1,48.2,1.7075
2004-08-14 23:00:00,23,Saturday,2004-08,0.9,939.0,4.9,40.0,47.0,664.0,26.7,49.5,1.7048
2004-08-15 00:00:00,0,Sunday,2004-08,0.7,878.0,3.5,26.0,37.0,588.0,26.1,50.8,1.6917
2004-08-15 01:00:00,1,Sunday,2004-08,0.5,848.0,3.0,24.0,34.0,610.0,25.7,52.5,1.7077
2004-08-15 02:00:00,2,Sunday,2004-08,0.5,826.0,2.7,24.0,33.0,593.0,24.8,55.4,1.7054
2004-08-15 03:00:00,3,Sunday,2004-08,0.4,804.0,2.2,,,566.0,23.8,57.5,1.6723
2004-08-15 04:00:00,4,Sunday,2004-08,,789.0,2.0,18.0,27.0,571.0,22.4,62.2,1.6648
2004-08-15 05:00:00,5,Sunday,2004-08,0.4,785.0,2.4,18.0,27.0,614.0,22.5,61.8,1.6654
2004-08-15 06:00:00,6,Sunday,2004-08,0.4,772.0,2.0,19.0,27.0,566.0,22.7,59.2,1.6139
2004-08-15 07:00:00,7,Sunday,2004-08,0.5,796.0,2.5,22.0,28.0,594.0,23.0,58.4,1.6223
2004-08-15 08:00:00,8,Sunday,2004-08,0.7,875.0,3.5,34.0,36.0,611.0,23.9,56.3,1.6489
2004-08-15 09:00:00,9,Sunday,2004-08,1.1,955.0,6.0,61.0,59.0,759.0,26.3,50.1,1.6889
2004-08-15 10:00:00,10,Sunday,2004-08,1.0,938.0,5.3,46.0,56.0,700.0,32.1,34.0,1.6039
2004-08-15 11:00:00,11,Sunday,2004-08,1.2,954.0,6.3,56.0,70.0,691.0,35.8,25.7,1.4861
2004-08-15 12:00:00,12,Sunday,2004-08,1.1,875.0,4.8,31.0,36.0,579.0,38.3,19.8,1.3067
2004-08-15 13:00:00,13,Sunday,2004-08,0.6,810.0,3.2,11.0,17.0,478.0,37.3,20.5,1.286
2004-08-15 14:00:00,14,Sunday,2004-08,0.4,746.0,2.6,8.0,14.0,410.0,36.3,18.4,1.0976
2004-08-15 15:00:00,15,Sunday,2004-08,0.4,738.0,2.4,14.0,24.0,404.0,36.8,16.9,1.0347
2004-08-15 16:00:00,16,Sunday,2004-08,0.5,771.0,3.0,21.0,36.0,440.0,37.9,15.9,1.0296
2004-08-15 17:00:00,17,Sunday,2004-08,0.6,799.0,3.1,26.0,43.0,461.0,36.7,17.1,1.0398
2004-08-15 18:00:00,18,Sunday,2004-08,0.8,831.0,3.4,37.0,60.0,526.0,33.8,21.9,1.1303
2004-08-15 19:00:00,19,Sunday,2004-08,1.0,885.0,4.6,53.0,81.0,647.0,32.6,24.6,1.1885
2004-08-15 20:00:00,20,Sunday,2004-08,1.1,883.0,4.4,56.0,87.0,693.0,30.6,28.4,1.2247
2004-08-15 21:00:00,21,Sunday,2004-08,1.1,906.0,5.5,51.0,85.0,729.0,29.4,30.5,1.2288
2004-08-15 22:00:00,22,Sunday,2004-08,1.6,982.0,8.2,79.0,91.0,1002.0,28.4,34.4,1.314
2004-08-15 23:00:00,23,Sunday,2004-08,0.9,892.0,5.0,38.0,55.0,797.0,28.3,34.1,1.2951
2004-08-16 00:00:00,0,Monday,2004-08,0.7,841.0,4.0,25.0,42.0,685.0,27.8,35.2,1.2968
2004-08-16 01:00:00,1,Monday,2004-08,0.7,859.0,3.7,24.0,43.0,710.0,25.3,39.7,1.2656
2004-08-16 02:00:00,2,Monday,2004-08,0.5,810.0,3.1,11.0,20.0,629.0,24.5,41.5,1.2589
2004-08-16 03:00:00,3,Monday,2004-08,0.4,759.0,1.8,,,503.0,24.8,39.8,1.2231
2004-08-16 04:00:00,4,Monday,2004-08,0.3,749.0,1.5,16.0,23.0,462.0,23.3,41.9,1.1856
2004-08-16 05:00:00,5,Monday,2004-08,0.4,766.0,2.4,43.0,43.0,530.0,21.5,45.6,1.1558
2004-08-16 06:00:00,6,Monday,2004-08,0.9,865.0,5.4,86.0,68.0,838.0,21.3,47.0,1.1793
2004-08-16 07:00:00,7,Monday,2004-08,1.3,924.0,8.5,92.0,62.0,946.0,22.2,45.0,1.1867
2004-08-16 08:00:00,8,Monday,2004-08,1.6,973.0,10.9,102.0,65.0,1014.0,23.6,40.8,1.1746
2004-08-16 09:00:00,9,Monday,2004-08,2.1,1028.0,12.0,171.0,93.0,1135.0,27.1,32.4,1.1462
2004-08-16 10:00:00,10,Monday,2004-08,2.0,979.0,10.6,148.0,110.0,1027.0,33.4,20.1,1.0142
2004-08-16 11:00:00,11,Monday,2004-08,1.4,892.0,7.4,119.0,106.0,749.0,35.3,17.0,0.9546
2004-08-16 12:00:00,12,Monday,2004-08,1.4,892.0,7.3,71.0,77.0,632.0,37.4,14.7,0.9295
2004-08-16 13:00:00,13,Monday,2004-08,0.9,836.0,4.6,53.0,60.0,479.0,38.6,14.6,0.9821
2004-08-16 14:00:00,14,Monday,2004-08,0.8,824.0,4.0,61.0,67.0,463.0,35.8,17.8,1.0274
2004-08-16 15:00:00,15,Monday,2004-08,0.8,825.0,3.8,53.0,57.0,458.0,38.4,16.4,1.0957
2004-08-16 16:00:00,16,Monday,2004-08,1.0,871.0,5.0,61.0,60.0,520.0,39.7,15.3,1.0963
2004-08-16 17:00:00,17,Monday,2004-08,1.3,903.0,6.9,72.0,69.0,606.0,38.8,15.8,1.0706
2004-08-16 18:00:00,18,Monday,2004-08,1.3,944.0,7.0,67.0,77.0,631.0,35.2,22.3,1.2467
2004-08-16 19:00:00,19,Monday,2004-08,1.3,969.0,6.8,70.0,77.0,695.0,31.7,28.2,1.2962
2004-08-16 20:00:00,20,Monday,2004-08,1.6,1005.0,8.5,81.0,87.0,871.0,30.4,30.9,1.3219
2004-08-16 21:00:00,21,Monday,2004-08,1.4,972.0,8.0,79.0,88.0,879.0,29.5,32.1,1.3005
2004-08-16 22:00:00,22,Monday,2004-08,1.3,960.0,5.7,73.0,84.0,780.0,28.0,34.9,1.2989
2004-08-16 23:00:00,23,Monday,2004-08,1.0,946.0,5.1,57.0,65.0,728.0,28.2,36.6,1.3722
2004-08-17 00:00:00,0,Tuesday,2004-08,0.9,959.0,5.5,45.0,54.0,821.0,26.5,40.7,1.3873
2004-08-17 01:00:00,1,Tuesday,2004-08,0.6,877.0,3.1,25.0,37.0,663.0,28.3,36.7,1.3878
2004-08-17 02:00:00,2,Tuesday,2004-08,0.5,867.0,2.9,23.0,36.0,656.0,25.7,43.8,1.4233
2004-08-17 03:00:00,3,Tuesday,2004-08,0.5,836.0,2.6,,,639.0,24.3,49.0,1.4666
2004-08-17 04:00:00,4,Tuesday,2004-08,0.4,820.0,2.2,18.0,29.0,603.0,24.3,48.3,1.4449
2004-08-17 05:00:00,5,Tuesday,2004-08,0.4,828.0,2.5,23.0,25.0,560.0,23.6,49.2,1.4153
2004-08-17 06:00:00,6,Tuesday,2004-08,1.0,929.0,5.6,59.0,41.0,789.0,22.2,53.9,1.4201
2004-08-17 07:00:00,7,Tuesday,2004-08,2.2,1118.0,12.9,135.0,68.0,1145.0,22.5,52.3,1.41
2004-08-17 08:00:00,8,Tuesday,2004-08,2.5,1155.0,16.0,167.0,82.0,1302.0,24.3,47.8,1.4321
2004-08-17 09:00:00,9,Tuesday,2004-08,2.3,1112.0,12.2,190.0,137.0,1297.0,27.3,40.7,1.4548
2004-08-17 10:00:00,10,Tuesday,2004-08,2.0,1094.0,10.0,142.0,119.0,1192.0,33.3,28.2,1.4189
2004-08-17 11:00:00,11,Tuesday,2004-08,,1022.0,7.8,,,862.0,35.3,23.1,1.2989
2004-08-17 12:00:00,12,Tuesday,2004-08,,968.0,5.9,,,649.0,36.1,21.3,1.2502
2004-08-17 13:00:00,13,Tuesday,2004-08,,978.0,6.6,,,694.0,38.5,18.0,1.2055
2004-08-17 14:00:00,14,Tuesday,2004-08,,947.0,4.8,,,595.0,36.5,20.8,1.2446
2004-08-17 15:00:00,15,Tuesday,2004-08,,997.0,5.9,,,662.0,38.8,19.1,1.3035
2004-08-17 16:00:00,16,Tuesday,2004-08,,1026.0,6.0,,,692.0,38.8,19.8,1.3513
2004-08-17 17:00:00,17,Tuesday,2004-08,,973.0,5.0,,,619.0,38.1,19.7,1.2928
2004-08-17 18:00:00,18,Tuesday,2004-08,,925.0,4.2,,,484.0,36.1,20.7,1.2151
2004-08-17 19:00:00,19,Tuesday,2004-08,,957.0,5.0,,,516.0,32.8,24.3,1.1894
2004-08-17 20:00:00,20,Tuesday,2004-08,,1029.0,7.5,,,776.0,30.4,29.8,1.2712
2004-08-17 21:00:00,21,Tuesday,2004-08,,1109.0,9.3,,,1041.0,29.1,33.6,1.3314
2004-08-17 22:00:00,22,Tuesday,2004-08,,1105.0,10.0,,,1138.0,28.6,35.7,1.3726
2004-08-17 23:00:00,23,Tuesday,2004-08,,1039.0,8.2,,,1091.0,28.0,36.1,1.3425
2004-08-18 00:00:00,0,Wednesday,2004-08,,965.0,6.4,,,978.0,25.8,39.5,1.2949
2004-08-18 01:00:00,1,Wednesday,2004-08,,955.0,6.0,,,936.0,25.1,40.1,1.2544
2004-08-18 02:00:00,2,Wednesday,2004-08,,935.0,5.4,,,867.0,24.4,42.5,1.2854
2004-08-18 03:00:00,3,Wednesday,2004-08,,902.0,4.4,,,781.0,23.0,46.2,1.2783
2004-08-18 04:00:00,4,Wednesday,2004-08,,875.0,4.1,,,746.0,22.5,46.7,1.261
2004-08-18 05:00:00,5,Wednesday,2004-08,,884.0,4.3,,,837.0,22.9,45.7,1.2621
2004-08-18 06:00:00,6,Wednesday,2004-08,,942.0,6.3,,,995.0,23.8,41.8,1.2149
2004-08-18 07:00:00,7,Wednesday,2004-08,,1077.0,10.9,,,1138.0,24.4,42.6,1.2866
2004-08-18 08:00:00,8,Wednesday,2004-08,,1040.0,11.2,,,998.0,27.3,36.8,1.3189
2004-08-18 09:00:00,9,Wednesday,2004-08,,982.0,6.5,,,696.0,29.6,35.4,1.4426
2004-08-18 10:00:00,10,Wednesday,2004-08,,995.0,5.7,,,615.0,34.6,28.3,1.5338
2004-08-18 11:00:00,11,Wednesday,2004-08,,1024.0,7.0,,,710.0,33.1,32.6,1.6188
2004-08-18 12:00:00,12,Wednesday,2004-08,,1029.0,5.6,,,651.0,33.3,33.1,1.6642
2004-08-18 13:00:00,13,Wednesday,2004-08,,1003.0,5.5,,,636.0,34.6,30.1,1.6296
2004-08-18 14:00:00,14,Wednesday,2004-08,,987.0,5.4,,,593.0,34.9,29.5,1.6275
2004-08-18 15:00:00,15,Wednesday,2004-08,,1023.0,7.0,,,684.0,35.6,28.5,1.6293
2004-08-18 16:00:00,16,Wednesday,2004-08,1.4,1023.0,7.4,83.0,71.0,711.0,36.4,27.1,1.6226
2004-08-18 17:00:00,17,Wednesday,2004-08,1.7,1064.0,9.1,94.0,78.0,801.0,36.8,26.2,1.5984
2004-08-18 18:00:00,18,Wednesday,2004-08,1.5,1042.0,8.9,84.0,72.0,770.0,36.4,26.8,1.6038
2004-08-18 19:00:00,19,Wednesday,2004-08,1.7,1059.0,9.2,90.0,74.0,813.0,33.3,32.8,1.6527
2004-08-18 20:00:00,20,Wednesday,2004-08,1.6,1050.0,8.5,91.0,70.0,851.0,31.3,39.5,1.7798
2004-08-18 21:00:00,21,Wednesday,2004-08,1.4,1025.0,7.9,70.0,55.0,823.0,29.9,44.7,1.8511
2004-08-18 22:00:00,22,Wednesday,2004-08,1.4,1029.0,6.1,75.0,54.0,778.0,29.1,48.4,1.9186
2004-08-18 23:00:00,23,Wednesday,2004-08,1.4,1055.0,6.4,72.0,53.0,827.0,28.0,52.9,1.964
2004-08-19 00:00:00,0,Thursday,2004-08,1.2,1001.0,5.7,59.0,46.0,753.0,27.7,53.0,1.9423
2004-08-19 01:00:00,1,Thursday,2004-08,0.9,936.0,4.4,48.0,38.0,726.0,27.7,52.6,1.9202
2004-08-19 02:00:00,2,Thursday,2004-08,0.6,863.0,2.3,41.0,30.0,597.0,28.3,49.5,1.8782
2004-08-19 03:00:00,3,Thursday,2004-08,0.4,834.0,1.8,,,473.0,28.8,49.0,1.9112
2004-08-19 04:00:00,4,Thursday,2004-08,0.5,841.0,1.9,11.0,16.0,463.0,27.7,52.5,1.923
2004-08-19 05:00:00,5,Thursday,2004-08,0.5,871.0,2.4,11.0,12.0,526.0,27.5,53.0,1.9097
2004-08-19 06:00:00,6,Thursday,2004-08,0.8,962.0,4.7,37.0,38.0,712.0,27.1,54.4,1.9168
2004-08-19 07:00:00,7,Thursday,2004-08,1.4,1083.0,7.8,72.0,56.0,918.0,27.6,52.1,1.8936
2004-08-19 08:00:00,8,Thursday,2004-08,1.2,1061.0,7.8,53.0,57.0,894.0,29.0,48.5,1.9133
2004-08-19 09:00:00,9,Thursday,2004-08,1.0,1012.0,6.3,31.0,39.0,710.0,31.0,42.9,1.8909
2004-08-19 10:00:00,10,Thursday,2004-08,1.2,1031.0,6.5,47.0,47.0,737.0,32.5,39.4,1.8982
2004-08-19 11:00:00,11,Thursday,2004-08,1.1,1011.0,6.1,33.0,35.0,680.0,36.9,30.9,1.8934
2004-08-19 12:00:00,12,Thursday,2004-08,1.2,1009.0,6.3,35.0,44.0,670.0,36.2,30.6,1.8105
2004-08-19 13:00:00,13,Thursday,2004-08,1.1,980.0,5.6,32.0,43.0,654.0,37.7,27.7,1.778
2004-08-19 14:00:00,14,Thursday,2004-08,1.0,961.0,5.8,23.0,34.0,618.0,37.1,27.2,1.6874
2004-08-19 15:00:00,15,Thursday,2004-08,1.0,966.0,5.4,27.0,36.0,652.0,39.5,24.3,1.7216
2004-08-19 16:00:00,16,Thursday,2004-08,1.2,1022.0,6.8,32.0,44.0,732.0,39.9,23.8,1.7127
2004-08-19 17:00:00,17,Thursday,2004-08,1.7,1091.0,9.3,51.0,63.0,853.0,39.6,24.3,1.7255
2004-08-19 18:00:00,18,Thursday,2004-08,1.7,1063.0,8.5,46.0,60.0,821.0,37.2,29.1,1.8185
2004-08-19 19:00:00,19,Thursday,2004-08,1.7,1116.0,9.3,62.0,66.0,895.0,33.9,37.1,1.9264
2004-08-19 20:00:00,20,Thursday,2004-08,1.7,1101.0,7.4,65.0,68.0,927.0,31.6,43.6,1.9944
2004-08-19 21:00:00,21,Thursday,2004-08,,1072.0,6.4,,,857.0,30.3,47.3,2.0034
2004-08-19 22:00:00,22,Thursday,2004-08,,1080.0,7.8,,,869.0,29.8,49.1,2.0248
2004-08-19 23:00:00,23,Thursday,2004-08,,1005.0,5.6,,,725.0,29.0,51.7,2.0375
2004-08-20 00:00:00,0,Friday,2004-08,,998.0,5.3,,,665.0,28.5,52.1,2.0036
2004-08-20 01:00:00,1,Friday,2004-08,,1000.0,5.0,,,680.0,27.7,53.7,1.9661
2004-08-20 02:00:00,2,Friday,2004-08,,932.0,4.2,,,605.0,27.4,53.5,1.9267
2004-08-20 03:00:00,3,Friday,2004-08,,808.0,1.4,,,427.0,28.5,48.7,1.872
2004-08-20 04:00:00,4,Friday,2004-08,,795.0,1.0,,,400.0,28.9,48.4,1.8982
2004-08-20 05:00:00,5,Friday,2004-08,,886.0,2.4,,,522.0,27.1,54.8,1.9309
2004-08-20 06:00:00,6,Friday,2004-08,,974.0,4.5,,,703.0,26.1,59.0,1.9669
2004-08-20 07:00:00,7,Friday,2004-08,,1112.0,8.9,,,965.0,26.7,58.0,2.0023
2004-08-20 08:00:00,8,Friday,2004-08,,1175.0,12.9,,,1102.0,27.9,54.9,2.0353
2004-08-20 09:00:00,9,Friday,2004-08,,1091.0,8.6,,,1058.0,29.7,50.5,2.0767
2004-08-20 10:00:00,10,Friday,2004-08,,1066.0,7.8,,,906.0,32.2,41.4,1.9624
2004-08-20 11:00:00,11,Friday,2004-08,,1031.0,7.7,,,844.0,35.6,32.2,1.8408
2004-08-20 12:00:00,12,Friday,2004-08,,1004.0,7.3,,,763.0,35.7,31.4,1.8025
2004-08-20 13:00:00,13,Friday,2004-08,,927.0,3.8,,,555.0,35.5,34.9,1.9841
2004-08-20 14:00:00,14,Friday,2004-08,,924.0,3.3,,,520.0,35.0,35.5,1.962
2004-08-20 15:00:00,15,Friday,2004-08,,912.0,3.3,,,508.0,35.1,34.6,1.9255
2004-08-20 16:00:00,16,Friday,2004-08,,976.0,4.8,,,545.0,36.8,30.5,1.8572
2004-08-20 17:00:00,17,Friday,2004-08,,989.0,5.7,,,584.0,34.5,34.7,1.8667
2004-08-20 18:00:00,18,Friday,2004-08,,986.0,5.6,,,590.0,33.0,38.1,1.8813
2004-08-20 19:00:00,19,Friday,2004-08,,984.0,5.7,,,610.0,30.8,43.1,1.8761
2004-08-20 20:00:00,20,Friday,2004-08,,1000.0,7.0,,,689.0,29.1,46.9,1.8652
2004-08-20 21:00:00,21,Friday,2004-08,,996.0,6.8,,,713.0,28.2,49.8,1.8795
2004-08-20 22:00:00,22,Friday,2004-08,,1013.0,8.3,,,785.0,27.5,50.4,1.823
2004-08-20 23:00:00,23,Friday,2004-08,,1004.0,6.9,,,754.0,27.3,49.1,1.7503
2004-08-21 00:00:00,0,Saturday,2004-08,,949.0,6.0,,,653.0,26.7,46.7,1.6121
2004-08-21 01:00:00,1,Saturday,2004-08,,895.0,5.4,,,575.0,26.0,45.0,1.4913
2004-08-21 02:00:00,2,Saturday,2004-08,,863.0,3.9,,,537.0,25.0,47.3,1.4771
2004-08-21 03:00:00,3,Saturday,2004-08,,786.0,2.0,,,413.0,25.3,44.3,1.4032
2004-08-21 04:00:00,4,Saturday,2004-08,,792.0,2.2,,,417.0,24.3,46.3,1.3857
2004-08-21 05:00:00,5,Saturday,2004-08,,816.0,3.0,,,486.0,24.8,43.4,1.3347
2004-08-21 06:00:00,6,Saturday,2004-08,,826.0,3.5,,,532.0,24.5,40.6,1.2327
2004-08-21 07:00:00,7,Saturday,2004-08,,826.0,3.8,,,542.0,25.7,36.9,1.1991
2004-08-21 08:00:00,8,Saturday,2004-08,,809.0,3.2,,,459.0,26.8,35.0,1.2175
2004-08-21 09:00:00,9,Saturday,2004-08,,809.0,2.6,,,415.0,28.0,34.9,1.3008
2004-08-21 10:00:00,10,Saturday,2004-08,,853.0,3.5,,,457.0,29.0,34.1,1.3445
2004-08-21 11:00:00,11,Saturday,2004-08,,814.0,3.1,,,429.0,30.4,30.8,1.3155
2004-08-21 12:00:00,12,Saturday,2004-08,,807.0,3.1,,,428.0,32.4,26.3,1.2523
2004-08-21 13:00:00,13,Saturday,2004-08,,811.0,3.0,,,423.0,31.0,28.9,1.277
2004-08-21 14:00:00,14,Saturday,2004-08,,796.0,2.2,,,410.0,29.3,33.1,1.322
2004-08-21 15:00:00,15,Saturday,2004-08,,833.0,3.0,,,437.0,26.9,35.2,1.2334
2004-08-21 16:00:00,16,Saturday,2004-08,,856.0,3.5,,,520.0,28.1,34.2,1.2802
2004-08-21 17:00:00,17,Saturday,2004-08,,830.0,3.7,,,461.0,28.5,29.4,1.1298
2004-08-21 18:00:00,18,Saturday,2004-08,,883.0,5.4,,,571.0,27.3,31.0,1.111
2004-08-21 19:00:00,19,Saturday,2004-08,,965.0,8.9,,,866.0,25.4,36.2,1.1562
2004-08-21 20:00:00,20,Saturday,2004-08,,931.0,7.8,,,841.0,24.6,38.0,1.158
2004-08-21 21:00:00,21,Saturday,2004-08,,885.0,5.6,,,706.0,24.3,41.6,1.2467
2004-08-21 22:00:00,22,Saturday,2004-08,,900.0,5.2,,,703.0,24.9,40.8,1.2696
2004-08-21 23:00:00,23,Saturday,2004-08,,904.0,6.7,,,775.0,23.8,44.7,1.3019
2004-08-22 00:00:00,0,Sunday,2004-08,,944.0,8.0,,,830.0,22.8,49.8,1.367
2004-08-22 01:00:00,1,Sunday,2004-08,,907.0,6.4,,,808.0,22.8,49.4,1.3568
2004-08-22 02:00:00,2,Sunday,2004-08,,886.0,5.2,,,815.0,20.9,57.4,1.4037
2004-08-22 03:00:00,3,Sunday,2004-08,,882.0,5.1,,,897.0,20.5,60.6,1.447
2004-08-22 04:00:00,4,Sunday,2004-08,,843.0,4.0,,,836.0,19.6,63.7,1.4396
2004-08-22 05:00:00,5,Sunday,2004-08,,825.0,3.7,,,774.0,19.4,64.5,1.4394
2004-08-22 06:00:00,6,Sunday,2004-08,,791.0,2.8,,,698.0,18.6,67.4,1.4302
2004-08-22 07:00:00,7,Sunday,2004-08,,856.0,4.5,,,800.0,19.6,63.7,1.4419
2004-08-22 08:00:00,8,Sunday,2004-08,,861.0,4.7,,,771.0,21.7,56.4,1.4496
2004-08-22 09:00:00,9,Sunday,2004-08,,924.0,6.0,,,798.0,25.2,47.4,1.4978
2004-08-22 10:00:00,10,Sunday,2004-08,,941.0,5.8,,,755.0,30.4,34.1,1.4577
2004-08-22 11:00:00,11,Sunday,2004-08,,879.0,5.2,,,657.0,33.4,25.1,1.2665
2004-08-22 12:00:00,12,Sunday,2004-08,,816.0,4.6,,,537.0,35.5,18.2,1.0376
2004-08-22 13:00:00,13,Sunday,2004-08,,715.0,2.1,,,390.0,35.1,15.7,0.8757
2004-08-22 14:00:00,14,Sunday,2004-08,,717.0,1.8,,,368.0,33.3,17.1,0.8592
2004-08-22 15:00:00,15,Sunday,2004-08,,711.0,2.8,,,391.0,36.6,11.8,0.7107
2004-08-22 16:00:00,16,Sunday,2004-08,,731.0,3.6,,,413.0,38.3,10.0,0.6591
2004-08-22 17:00:00,17,Sunday,2004-08,,752.0,4.0,,,435.0,37.3,10.9,0.6846
2004-08-22 18:00:00,18,Sunday,2004-08,,879.0,5.3,,,535.0,34.6,20.0,1.0817
2004-08-22 19:00:00,19,Sunday,2004-08,,922.0,7.4,,,663.0,30.4,28.2,1.204
2004-08-22 20:00:00,20,Sunday,2004-08,,958.0,8.0,,,830.0,28.1,34.3,1.2821
2004-08-22 21:00:00,21,Sunday,2004-08,,949.0,7.4,,,911.0,26.5,36.6,1.2484
2004-08-22 22:00:00,22,Sunday,2004-08,,922.0,6.1,,,848.0,25.7,38.5,1.2548
2004-08-22 23:00:00,23,Sunday,2004-08,,902.0,5.5,,,799.0,24.7,41.6,1.2751
2004-08-23 00:00:00,0,Monday,2004-08,,932.0,6.2,,,921.0,23.6,45.4,1.3067
2004-08-23 01:00:00,1,Monday,2004-08,,870.0,4.4,,,762.0,23.4,46.3,1.3134
2004-08-23 02:00:00,2,Monday,2004-08,,812.0,3.4,,,661.0,21.6,51.6,1.3171
2004-08-23 03:00:00,3,Monday,2004-08,,773.0,2.4,,,597.0,21.2,53.3,1.328
2004-08-23 04:00:00,4,Monday,2004-08,,769.0,2.0,,,616.0,20.6,55.1,1.3237
2004-08-23 05:00:00,5,Monday,2004-08,,763.0,2.0,,,596.0,22.1,49.6,1.3022
2004-08-23 06:00:00,6,Monday,2004-08,,809.0,3.8,,,649.0,21.1,51.6,1.2784
2004-08-23 07:00:00,7,Monday,2004-08,,893.0,7.6,,,792.0,21.8,48.6,1.2556
2004-08-23 08:00:00,8,Monday,2004-08,,1028.0,14.9,,,1080.0,21.7,49.1,1.2602
2004-08-23 09:00:00,9,Monday,2004-08,2.0,1011.0,12.0,111.0,,1087.0,25.3,41.7,1.3243
2004-08-23 10:00:00,10,Monday,2004-08,,994.0,9.2,,,983.0,30.3,30.9,1.3096
2004-08-23 11:00:00,11,Monday,2004-08,1.6,937.0,8.2,86.0,83.0,826.0,32.9,24.9,1.2269
2004-08-23 12:00:00,12,Monday,2004-08,1.3,902.0,5.9,57.0,64.0,632.0,34.4,23.5,1.2541
2004-08-23 13:00:00,13,Monday,2004-08,1.0,860.0,4.7,39.0,50.0,532.0,34.3,22.5,1.1974
2004-08-23 14:00:00,14,Monday,2004-08,0.9,843.0,4.1,41.0,53.0,496.0,33.4,21.6,1.0927
2004-08-23 15:00:00,15,Monday,2004-08,1.0,872.0,4.9,47.0,57.0,513.0,36.1,18.4,1.0827
2004-08-23 16:00:00,16,Monday,2004-08,1.1,857.0,5.2,45.0,55.0,512.0,37.3,15.4,0.9692
2004-08-23 17:00:00,17,Monday,2004-08,1.5,922.0,7.5,60.0,70.0,615.0,36.8,16.2,0.9922
2004-08-23 18:00:00,18,Monday,2004-08,1.5,951.0,7.4,51.0,68.0,600.0,34.9,20.9,1.1463
2004-08-23 19:00:00,19,Monday,2004-08,1.6,962.0,7.8,53.0,73.0,634.0,30.8,26.5,1.1603
2004-08-23 20:00:00,20,Monday,2004-08,1.7,957.0,8.6,72.0,92.0,830.0,28.9,28.3,1.1078
2004-08-23 21:00:00,21,Monday,2004-08,1.4,928.0,6.5,62.0,80.0,871.0,27.0,30.7,1.079
2004-08-23 22:00:00,22,Monday,2004-08,1.2,895.0,6.8,41.0,60.0,787.0,26.6,30.6,1.0459
2004-08-23 23:00:00,23,Monday,2004-08,1.1,902.0,5.7,32.0,49.0,841.0,26.0,33.1,1.0955
2004-08-24 00:00:00,0,Tuesday,2004-08,1.1,904.0,5.8,44.0,53.0,862.0,24.1,37.9,1.1204
2004-08-24 01:00:00,1,Tuesday,2004-08,1.2,919.0,5.7,29.0,50.0,881.0,22.2,43.1,1.1396
2004-08-24 02:00:00,2,Tuesday,2004-08,0.7,812.0,3.2,18.0,34.0,709.0,22.8,41.3,1.1284
2004-08-24 03:00:00,3,Tuesday,2004-08,0.5,776.0,2.1,,,602.0,21.2,43.8,1.088
2004-08-24 04:00:00,4,Tuesday,2004-08,0.4,762.0,1.7,12.0,21.0,492.0,21.7,42.6,1.0907
2004-08-24 05:00:00,5,Tuesday,2004-08,0.7,786.0,2.8,39.0,48.0,592.0,20.2,47.1,1.1021
2004-08-24 06:00:00,6,Tuesday,2004-08,1.1,868.0,5.7,83.0,71.0,824.0,20.1,47.8,1.1093
2004-08-24 07:00:00,7,Tuesday,2004-08,1.6,965.0,10.0,149.0,94.0,1014.0,20.6,45.5,1.0925
2004-08-24 08:00:00,8,Tuesday,2004-08,2.3,1049.0,14.5,216.0,118.0,1208.0,22.4,41.1,1.0979
2004-08-24 09:00:00,9,Tuesday,2004-08,1.6,1008.0,9.9,153.0,105.0,1178.0,25.0,36.6,1.143
2004-08-24 10:00:00,10,Tuesday,2004-08,2.0,1008.0,11.2,177.0,122.0,1176.0,29.9,26.2,1.0891
2004-08-24 11:00:00,11,Tuesday,2004-08,1.6,973.0,8.3,126.0,121.0,891.0,32.9,21.8,1.0714
2004-08-24 12:00:00,12,Tuesday,2004-08,1.6,964.0,9.5,96.0,115.0,731.0,35.0,17.9,0.99
2004-08-24 13:00:00,13,Tuesday,2004-08,1.3,923.0,7.1,92.0,107.0,626.0,34.6,18.2,0.9832
2004-08-24 14:00:00,14,Tuesday,2004-08,1.0,934.0,6.0,75.0,86.0,553.0,33.8,22.8,1.1781
2004-08-24 15:00:00,15,Tuesday,2004-08,1.6,1036.0,9.1,109.0,118.0,770.0,36.3,19.5,1.1539
2004-08-24 16:00:00,16,Tuesday,2004-08,2.0,1076.0,10.4,133.0,129.0,938.0,38.3,17.9,1.181
2004-08-24 17:00:00,17,Tuesday,2004-08,1.7,1055.0,8.7,87.0,90.0,716.0,36.9,20.9,1.2864
2004-08-24 18:00:00,18,Tuesday,2004-08,1.7,1081.0,9.0,80.0,87.0,714.0,33.9,30.0,1.56
2004-08-24 19:00:00,19,Tuesday,2004-08,1.4,1072.0,6.8,70.0,65.0,702.0,29.8,43.4,1.7988
2004-08-24 20:00:00,20,Tuesday,2004-08,1.3,1038.0,5.2,67.0,61.0,687.0,27.5,50.4,1.8274
2004-08-24 21:00:00,21,Tuesday,2004-08,1.3,1059.0,5.7,66.0,62.0,739.0,27.5,50.4,1.8284
2004-08-24 22:00:00,22,Tuesday,2004-08,1.6,1070.0,6.9,97.0,85.0,867.0,28.1,48.0,1.7933
2004-08-24 23:00:00,23,Tuesday,2004-08,1.8,1093.0,7.8,90.0,83.0,927.0,26.9,49.6,1.7299
2004-08-25 00:00:00,0,Wednesday,2004-08,1.5,1016.0,6.8,99.0,84.0,872.0,26.0,48.0,1.5899
2004-08-25 01:00:00,1,Wednesday,2004-08,1.3,988.0,6.3,71.0,71.0,848.0,24.9,50.6,1.5747
2004-08-25 02:00:00,2,Wednesday,2004-08,1.1,930.0,4.7,59.0,62.0,777.0,23.7,53.2,1.5418
2004-08-25 03:00:00,3,Wednesday,2004-08,0.5,815.0,2.0,,,513.0,24.5,50.9,1.5416
2004-08-25 04:00:00,4,Wednesday,2004-08,0.6,884.0,3.6,26.0,40.0,651.0,22.9,56.1,1.5492
2004-08-25 05:00:00,5,Wednesday,2004-08,0.7,913.0,4.4,47.0,50.0,774.0,23.3,55.5,1.5636
2004-08-25 06:00:00,6,Wednesday,2004-08,1.1,994.0,6.4,108.0,78.0,982.0,23.6,54.2,1.5583
2004-08-25 07:00:00,7,Wednesday,2004-08,1.9,1173.0,11.9,160.0,89.0,1175.0,24.9,52.9,1.643
2004-08-25 08:00:00,8,Wednesday,2004-08,3.5,1314.0,21.0,204.0,106.0,1390.0,26.4,50.8,1.7166
2004-08-25 09:00:00,9,Wednesday,2004-08,2.9,1252.0,15.6,193.0,107.0,1352.0,28.1,47.4,1.7753
2004-08-25 10:00:00,10,Wednesday,2004-08,2.2,1151.0,12.1,146.0,93.0,1152.0,30.2,43.2,1.823
2004-08-25 11:00:00,11,Wednesday,2004-08,2.0,1122.0,9.3,126.0,95.0,1022.0,31.2,41.9,1.871
2004-08-25 12:00:00,12,Wednesday,2004-08,1.7,1111.0,8.7,90.0,78.0,922.0,33.9,36.0,1.8692
2004-08-25 13:00:00,13,Wednesday,2004-08,1.6,1058.0,7.9,84.0,76.0,825.0,33.9,34.1,1.7754
2004-08-25 14:00:00,14,Wednesday,2004-08,1.3,972.0,6.2,60.0,66.0,630.0,34.4,30.6,1.6402
2004-08-25 15:00:00,15,Wednesday,2004-08,1.3,985.0,6.3,66.0,71.0,621.0,35.3,28.5,1.6034
2004-08-25 16:00:00,16,Wednesday,2004-08,1.3,1004.0,6.0,57.0,61.0,602.0,36.3,28.3,1.6851
2004-08-25 17:00:00,17,Wednesday,2004-08,1.6,1030.0,7.9,71.0,73.0,668.0,35.3,29.4,1.6577
2004-08-25 18:00:00,18,Wednesday,2004-08,1.3,965.0,5.8,51.0,54.0,564.0,32.5,34.1,1.6453
2004-08-25 19:00:00,19,Wednesday,2004-08,1.4,987.0,6.3,49.0,53.0,581.0,29.1,42.1,1.6695
2004-08-25 20:00:00,20,Wednesday,2004-08,1.4,923.0,6.0,59.0,69.0,604.0,27.8,35.6,1.3116
2004-08-25 21:00:00,21,Wednesday,2004-08,1.3,872.0,6.3,66.0,77.0,590.0,27.0,30.0,1.0542
2004-08-25 22:00:00,22,Wednesday,2004-08,1.4,939.0,6.8,72.0,83.0,650.0,26.3,37.3,1.2555
2004-08-25 23:00:00,23,Wednesday,2004-08,1.5,954.0,7.0,89.0,94.0,745.0,25.2,40.8,1.2877
2004-08-26 00:00:00,0,Thursday,2004-08,1.5,969.0,7.0,75.0,84.0,821.0,24.3,43.3,1.2973
2004-08-26 01:00:00,1,Thursday,2004-08,0.9,882.0,5.0,38.0,55.0,656.0,23.3,45.3,1.2794
2004-08-26 02:00:00,2,Thursday,2004-08,0.6,805.0,2.8,24.0,35.0,520.0,24.1,44.0,1.3034
2004-08-26 03:00:00,3,Thursday,2004-08,0.5,790.0,2.1,,,493.0,23.8,44.8,1.3061
2004-08-26 04:00:00,4,Thursday,2004-08,,779.0,1.7,19.0,31.0,487.0,23.0,47.7,1.3232
2004-08-26 05:00:00,5,Thursday,2004-08,0.5,842.0,2.8,40.0,45.0,595.0,23.7,46.7,1.3501
2004-08-26 06:00:00,6,Thursday,2004-08,1.0,,,63.0,59.0,,,,
2004-08-26 07:00:00,7,Thursday,2004-08,1.9,,,121.0,83.0,,,,
2004-08-26 08:00:00,8,Thursday,2004-08,2.6,,,143.0,90.0,,,,
2004-08-26 09:00:00,9,Thursday,2004-08,1.7,,,104.0,87.0,,,,
2004-08-26 10:00:00,10,Thursday,2004-08,1.7,,,111.0,83.0,,,,
2004-08-26 11:00:00,11,Thursday,2004-08,1.4,,,83.0,71.0,,,,
2004-08-26 12:00:00,12,Thursday,2004-08,1.6,,,90.0,77.0,,,,
2004-08-26 13:00:00,13,Thursday,2004-08,1.3,,,82.0,75.0,,,,
2004-08-26 14:00:00,14,Thursday,2004-08,0.9,,,48.0,52.0,,,,
2004-08-26 15:00:00,15,Thursday,2004-08,1.4,,,89.0,76.0,,,,
2004-08-26 16:00:00,16,Thursday,2004-08,1.0,,,58.0,60.0,,,,
2004-08-26 17:00:00,17,Thursday,2004-08,2.2,,,129.0,99.0,,,,
2004-08-26 18:00:00,18,Thursday,2004-08,1.9,,,103.0,88.0,,,,
2004-08-26 19:00:00,19,Thursday,2004-08,2.1,,,115.0,91.0,,,,
2004-08-26 20:00:00,20,Thursday,2004-08,1.7,,,108.0,91.0,,,,
2004-08-26 21:00:00,21,Thursday,2004-08,1.0,,,60.0,68.0,,,,
2004-08-26 22:00:00,22,Thursday,2004-08,1.1,,,68.0,71.0,,,,
2004-08-26 23:00:00,23,Thursday,2004-08,0.7,,,36.0,49.0,,,,
2004-08-27 00:00:00,0,Friday,2004-08,1.3,,,81.0,71.0,,,,
2004-08-27 01:00:00,1,Friday,2004-08,1.3,,,91.0,76.0,,,,
2004-08-27 02:00:00,2,Friday,2004-08,1.0,,,65.0,67.0,,,,
2004-08-27 03:00:00,3,Friday,2004-08,0.7,,,,,,,,
2004-08-27 04:00:00,4,Friday,2004-08,0.6,,,46.0,58.0,,,,
2004-08-27 05:00:00,5,Friday,2004-08,0.7,,,71.0,53.0,,,,
2004-08-27 06:00:00,6,Friday,2004-08,1.1,,,92.0,52.0,,,,
2004-08-27 07:00:00,7,Friday,2004-08,2.4,,,201.0,68.0,,,,
2004-08-27 08:00:00,8,Friday,2004-08,2.4,,,169.0,69.0,,,,
2004-08-27 09:00:00,9,Friday,2004-08,2.3,,,158.0,83.0,,,,
2004-08-27 10:00:00,10,Friday,2004-08,2.2,,,147.0,99.0,,,,
2004-08-27 11:00:00,11,Friday,2004-08,1.8,,,119.0,101.0,,,,
2004-08-27 12:00:00,12,Friday,2004-08,2.0,,,114.0,104.0,,,,
2004-08-27 13:00:00,13,Friday,2004-08,1.5,,,92.0,89.0,,,,
2004-08-27 14:00:00,14,Friday,2004-08,1.4,,,82.0,88.0,,,,
2004-08-27 15:00:00,15,Friday,2004-08,1.5,,,85.0,89.0,,,,
2004-08-27 16:00:00,16,Friday,2004-08,1.6,,,96.0,92.0,,,,
2004-08-27 17:00:00,17,Friday,2004-08,1.9,,,104.0,109.0,,,,
2004-08-27 18:00:00,18,Friday,2004-08,2.0,,,101.0,107.0,,,,
2004-08-27 19:00:00,19,Friday,2004-08,2.3,,,128.0,116.0,,,,
2004-08-27 20:00:00,20,Friday,2004-08,2.4,,,147.0,124.0,,,,
2004-08-27 21:00:00,21,Friday,2004-08,1.8,,,115.0,112.0,,,,
2004-08-27 22:00:00,22,Friday,2004-08,1.7,,,97.0,99.0,,,,
2004-08-27 23:00:00,23,Friday,2004-08,1.2,,,74.0,85.0,,,,
2004-08-28 00:00:00,0,Saturday,2004-08,0.8,,,50.0,69.0,,,,
2004-08-28 01:00:00,1,Saturday,2004-08,0.7,,,41.0,58.0,,,,
2004-08-28 02:00:00,2,Saturday,2004-08,0.6,,,36.0,49.0,,,,
2004-08-28 03:00:00,3,Saturday,2004-08,0.6,835.0,3.8,,,796.0,19.8,59.3,1.3505
2004-08-28 04:00:00,4,Saturday,2004-08,0.6,792.0,2.5,40.0,56.0,714.0,20.0,59.3,1.3681
2004-08-28 05:00:00,5,Saturday,2004-08,0.4,749.0,1.7,25.0,33.0,584.0,22.5,48.6,1.3077
2004-08-28 06:00:00,6,Saturday,2004-08,0.5,803.0,3.4,38.0,39.0,676.0,19.5,57.0,1.2739
2004-08-28 07:00:00,7,Saturday,2004-08,0.7,818.0,4.3,38.0,43.0,685.0,19.6,56.1,1.2651
2004-08-28 08:00:00,8,Saturday,2004-08,1.2,932.0,7.1,75.0,62.0,894.0,20.7,53.3,1.287
2004-08-28 09:00:00,9,Saturday,2004-08,1.7,977.0,8.3,104.0,81.0,977.0,24.7,41.8,1.2839
2004-08-28 10:00:00,10,Saturday,2004-08,1.8,1011.0,9.1,134.0,102.0,1034.0,29.9,30.5,1.2616
2004-08-28 11:00:00,11,Saturday,2004-08,1.5,975.0,7.7,85.0,86.0,737.0,32.3,27.2,1.2933
2004-08-28 12:00:00,12,Saturday,2004-08,1.2,958.0,7.2,30.0,37.0,660.0,34.3,24.5,1.3021
2004-08-28 13:00:00,13,Saturday,2004-08,1.1,903.0,5.8,49.0,64.0,581.0,33.4,22.5,1.1398
2004-08-28 14:00:00,14,Saturday,2004-08,,854.0,3.5,,,456.0,32.7,22.8,1.1069
2004-08-28 15:00:00,15,Saturday,2004-08,,890.0,4.7,,,483.0,34.5,20.5,1.1028
2004-08-28 16:00:00,16,Saturday,2004-08,,962.0,6.7,,,575.0,35.9,20.3,1.18
2004-08-28 17:00:00,17,Saturday,2004-08,,1028.0,8.9,,,707.0,35.8,23.0,1.3323
2004-08-28 18:00:00,18,Saturday,2004-08,,1031.0,8.0,,,628.0,33.5,29.0,1.4797
2004-08-28 19:00:00,19,Saturday,2004-08,,1087.0,9.0,,,747.0,29.8,39.6,1.6324
2004-08-28 20:00:00,20,Saturday,2004-08,,1029.0,7.1,,,733.0,27.9,43.1,1.6004
2004-08-28 21:00:00,21,Saturday,2004-08,,1070.0,8.8,,,847.0,27.3,44.5,1.5885
2004-08-28 22:00:00,22,Saturday,2004-08,,1059.0,8.4,,,895.0,26.0,47.6,1.5806
2004-08-28 23:00:00,23,Saturday,2004-08,,1125.0,9.3,,,995.0,25.3,52.9,1.6765
2004-08-29 00:00:00,0,Sunday,2004-08,,1062.0,6.4,,,846.0,24.5,56.3,1.7026
2004-08-29 01:00:00,1,Sunday,2004-08,,1049.0,6.9,,,882.0,23.5,59.8,1.7141
2004-08-29 02:00:00,2,Sunday,2004-08,,999.0,7.3,,,909.0,22.6,62.6,1.6945
2004-08-29 03:00:00,3,Sunday,2004-08,,947.0,5.9,,,851.0,21.8,64.6,1.6721
2004-08-29 04:00:00,4,Sunday,2004-08,,904.0,4.8,,,766.0,21.0,66.9,1.6454
2004-08-29 05:00:00,5,Sunday,2004-08,,894.0,3.5,,,765.0,21.2,66.4,1.6468
2004-08-29 06:00:00,6,Sunday,2004-08,,875.0,3.0,,,752.0,21.0,66.5,1.6344
2004-08-29 07:00:00,7,Sunday,2004-08,,870.0,2.8,,,716.0,21.3,64.1,1.6043
2004-08-29 08:00:00,8,Sunday,2004-08,,952.0,4.8,,,825.0,22.7,58.1,1.5856
2004-08-29 09:00:00,9,Sunday,2004-08,,949.0,3.9,,,691.0,25.1,51.8,1.6304
2004-08-29 10:00:00,10,Sunday,2004-08,,1028.0,6.9,,,761.0,29.5,39.0,1.5868
2004-08-29 11:00:00,11,Sunday,2004-08,,1003.0,6.8,,,710.0,32.3,31.8,1.5128
2004-08-29 12:00:00,12,Sunday,2004-08,,934.0,5.0,,,567.0,33.6,28.9,1.4792
2004-08-29 13:00:00,13,Sunday,2004-08,,872.0,4.0,,,493.0,31.9,28.2,1.3116
2004-08-29 14:00:00,14,Sunday,2004-08,,852.0,3.5,,,477.0,32.5,25.9,1.2437
2004-08-29 15:00:00,15,Sunday,2004-08,,881.0,4.1,,,502.0,34.1,23.4,1.2307
2004-08-29 16:00:00,16,Sunday,2004-08,,942.0,5.4,,,568.0,36.2,21.4,1.2664
2004-08-29 17:00:00,17,Sunday,2004-08,,1038.0,8.6,,,714.0,35.6,22.6,1.2984
2004-08-29 18:00:00,18,Sunday,2004-08,,1042.0,8.8,,,717.0,33.6,25.7,1.3101
2004-08-29 19:00:00,19,Sunday,2004-08,,1181.0,13.7,,,935.0,29.9,35.2,1.4603
2004-08-29 20:00:00,20,Sunday,2004-08,,1116.0,11.8,,,954.0,28.3,39.2,1.4826
2004-08-29 21:00:00,21,Sunday,2004-08,,1062.0,8.6,,,839.0,27.0,43.0,1.5118
2004-08-29 22:00:00,22,Sunday,2004-08,,1085.0,9.2,,,880.0,26.2,46.8,1.5669
2004-08-29 23:00:00,23,Sunday,2004-08,,1161.0,12.2,,,1026.0,25.1,51.5,1.621
2004-08-30 00:00:00,0,Monday,2004-08,,1053.0,7.8,,,898.0,24.1,55.3,1.6363
2004-08-30 01:00:00,1,Monday,2004-08,,956.0,4.5,,,717.0,23.8,57.8,1.677
2004-08-30 02:00:00,2,Monday,2004-08,,859.0,2.9,,,607.0,23.7,56.2,1.6255
2004-08-30 03:00:00,3,Monday,2004-08,,813.0,1.8,,,501.0,24.8,52.2,1.6086
2004-08-30 04:00:00,4,Monday,2004-08,,815.0,1.7,,,541.0,22.9,59.4,1.6353
2004-08-30 05:00:00,5,Monday,2004-08,,902.0,3.9,,,708.0,22.0,62.3,1.6266
2004-08-30 06:00:00,6,Monday,2004-08,,1017.0,7.6,,,884.0,21.5,64.0,1.6256
2004-08-30 07:00:00,7,Monday,2004-08,,1336.0,23.3,,,1357.0,22.6,60.3,1.6287
2004-08-30 08:00:00,8,Monday,2004-08,,1393.0,30.7,,,1562.0,23.8,56.5,1.64
2004-08-30 09:00:00,9,Monday,2004-08,,1271.0,20.4,,,1411.0,25.7,50.6,1.6475
2004-08-30 10:00:00,10,Monday,2004-08,,1169.0,13.7,,,1175.0,27.8,45.4,1.6751
2004-08-30 11:00:00,11,Monday,2004-08,,1143.0,11.8,,,1079.0,29.9,39.6,1.6397
2004-08-30 12:00:00,12,Monday,2004-08,,1084.0,10.1,,,923.0,31.6,34.7,1.589
2004-08-30 13:00:00,13,Monday,2004-08,,1051.0,9.3,,,748.0,31.5,34.4,1.5665
2004-08-30 14:00:00,14,Monday,2004-08,,1020.0,7.6,,,635.0,31.2,35.0,1.5669
2004-08-30 15:00:00,15,Monday,2004-08,,1111.0,13.1,,,884.0,33.0,31.4,1.5583
2004-08-30 16:00:00,16,Monday,2004-08,,1125.0,12.2,,,929.0,33.8,29.2,1.5143
2004-08-30 17:00:00,17,Monday,2004-08,,1099.0,11.9,,,779.0,33.0,29.5,1.4613
2004-08-30 18:00:00,18,Monday,2004-08,,1132.0,14.1,,,906.0,32.3,30.2,1.4347
2004-08-30 19:00:00,19,Monday,2004-08,,1077.0,11.3,,,772.0,28.4,38.4,1.4616
2004-08-30 20:00:00,20,Monday,2004-08,,1076.0,10.3,,,883.0,26.9,43.2,1.5052
2004-08-30 21:00:00,21,Monday,2004-08,,1070.0,10.8,,,963.0,26.0,43.6,1.4407
2004-08-30 22:00:00,22,Monday,2004-08,,1052.0,9.4,,,987.0,25.0,47.6,1.4872
2004-08-30 23:00:00,23,Monday,2004-08,,988.0,7.1,,,893.0,24.6,50.9,1.5508
2004-08-31 00:00:00,0,Tuesday,2004-08,,926.0,5.1,,,801.0,24.0,55.6,1.6381
2004-08-31 01:00:00,1,Tuesday,2004-08,,925.0,4.7,,,739.0,23.5,58.3,1.6672
2004-08-31 02:00:00,2,Tuesday,2004-08,,869.0,2.9,,,644.0,22.7,60.8,1.6519
2004-08-31 03:00:00,3,Tuesday,2004-08,,832.0,2.1,,,558.0,24.1,55.5,1.6481
2004-08-31 04:00:00,4,Tuesday,2004-08,,854.0,2.9,,,602.0,22.5,60.9,1.6424
2004-08-31 05:00:00,5,Tuesday,2004-08,,913.0,4.3,,,737.0,22.0,64.5,1.6847
2004-08-31 06:00:00,6,Tuesday,2004-08,,976.0,6.6,,,885.0,22.3,62.9,1.6754
2004-08-31 07:00:00,7,Tuesday,2004-08,,1309.0,21.0,,,1360.0,23.1,60.0,1.6711
2004-08-31 08:00:00,8,Tuesday,2004-08,,1333.0,26.2,,,1455.0,24.7,55.1,1.6872
2004-08-31 09:00:00,9,Tuesday,2004-08,,1209.0,16.1,,,1255.0,27.7,46.1,1.6852
2004-08-31 10:00:00,10,Tuesday,2004-08,,1180.0,15.3,,,1202.0,29.8,38.8,1.6029
2004-08-31 11:00:00,11,Tuesday,2004-08,,1204.0,16.5,,,1250.0,31.5,32.6,1.478
2004-08-31 12:00:00,12,Tuesday,2004-08,,1143.0,14.1,,,1103.0,31.8,30.5,1.4083
2004-08-31 13:00:00,13,Tuesday,2004-08,,1120.0,12.2,,,1049.0,31.4,31.8,1.441
2004-08-31 14:00:00,14,Tuesday,2004-08,2.9,1030.0,8.9,,,791.0,32.5,28.7,1.3796
2004-08-31 15:00:00,15,Tuesday,2004-08,1.9,1058.0,11.0,209.0,101.0,832.0,33.8,25.8,1.3338
2004-08-31 16:00:00,16,Tuesday,2004-08,1.4,1040.0,7.6,132.0,71.0,635.0,34.5,28.6,1.5393
2004-08-31 17:00:00,17,Tuesday,2004-08,2.0,1093.0,10.1,166.0,82.0,733.0,32.7,33.0,1.5987
2004-08-31 18:00:00,18,Tuesday,2004-08,2.7,1184.0,14.1,243.0,104.0,912.0,31.4,35.4,1.5972
2004-08-31 19:00:00,19,Tuesday,2004-08,2.8,1180.0,14.1,247.0,105.0,947.0,27.7,43.5,1.592
2004-08-31 20:00:00,20,Tuesday,2004-08,2.0,1079.0,10.3,165.0,87.0,899.0,26.2,47.8,1.5979
2004-08-31 21:00:00,21,Tuesday,2004-08,2.1,1095.0,11.5,187.0,98.0,984.0,25.7,48.7,1.5825
2004-08-31 22:00:00,22,Tuesday,2004-08,2.0,1073.0,10.9,206.0,105.0,955.0,25.2,50.1,1.58
2004-08-31 23:00:00,23,Tuesday,2004-08,1.8,1063.0,10.4,200.0,104.0,966.0,24.4,53.4,1.6031
2004-09-01 00:00:00,0,Wednesday,2004-09,1.9,1046.0,9.5,189.0,96.0,899.0,23.7,55.4,1.6031
2004-09-01 01:00:00,1,Wednesday,2004-09,1.3,953.0,7.0,136.0,79.0,780.0,22.8,58.5,1.5992
2004-09-01 02:00:00,2,Wednesday,2004-09,0.7,864.0,3.3,83.0,61.0,636.0,22.8,58.5,1.5985
2004-09-01 03:00:00,3,Wednesday,2004-09,0.5,829.0,2.6,,,577.0,22.3,59.7,1.5889
2004-09-01 04:00:00,4,Wednesday,2004-09,0.5,838.0,2.8,72.0,48.0,596.0,20.8,64.9,1.571
2004-09-01 05:00:00,5,Wednesday,2004-09,0.6,913.0,4.3,121.0,63.0,887.0,19.7,66.8,1.5184
2004-09-01 06:00:00,6,Wednesday,2004-09,1.3,1039.0,8.5,268.0,92.0,1115.0,19.8,64.3,1.4678
2004-09-01 07:00:00,7,Wednesday,2004-09,3.6,1252.0,20.9,451.0,99.0,1374.0,20.6,62.3,1.4915
2004-09-01 08:00:00,8,Wednesday,2004-09,4.9,1410.0,35.2,458.0,117.0,1644.0,23.2,54.0,1.5143
2004-09-01 09:00:00,9,Wednesday,2004-09,3.9,1217.0,18.7,487.0,142.0,1375.0,26.3,43.1,1.4542
2004-09-01 10:00:00,10,Wednesday,2004-09,2.2,1114.0,12.8,319.0,121.0,1199.0,29.1,35.4,1.4008
2004-09-01 11:00:00,11,Wednesday,2004-09,1.9,1026.0,11.2,269.0,122.0,992.0,30.0,31.6,1.3176
2004-09-01 12:00:00,12,Wednesday,2004-09,2.2,1051.0,13.3,224.0,108.0,966.0,32.4,26.3,1.2594
2004-09-01 13:00:00,13,Wednesday,2004-09,2.0,1027.0,11.3,162.0,80.0,814.0,31.3,29.1,1.3054
2004-09-01 14:00:00,14,Wednesday,2004-09,1.7,996.0,10.4,189.0,93.0,727.0,31.1,28.6,1.2718
2004-09-01 15:00:00,15,Wednesday,2004-09,2.0,1028.0,12.3,213.0,108.0,806.0,33.3,24.4,1.232
2004-09-01 16:00:00,16,Wednesday,2004-09,2.1,1030.0,12.3,245.0,118.0,852.0,35.5,21.2,1.2022
2004-09-01 17:00:00,17,Wednesday,2004-09,3.2,1133.0,19.4,341.0,149.0,1093.0,34.6,22.0,1.189
2004-09-01 18:00:00,18,Wednesday,2004-09,4.0,1180.0,21.5,382.0,171.0,1211.0,33.3,23.6,1.1842
2004-09-01 19:00:00,19,Wednesday,2004-09,4.4,1261.0,25.7,358.0,154.0,1346.0,30.0,28.5,1.1896
2004-09-01 20:00:00,20,Wednesday,2004-09,3.0,1093.0,14.5,288.0,122.0,1200.0,28.0,33.0,1.2264
2004-09-01 21:00:00,21,Wednesday,2004-09,2.2,1068.0,11.4,252.0,126.0,1192.0,27.2,37.4,1.3279
2004-09-01 22:00:00,22,Wednesday,2004-09,1.7,1031.0,9.5,201.0,121.0,1074.0,26.6,39.9,1.3657
2004-09-01 23:00:00,23,Wednesday,2004-09,1.9,1055.0,11.6,225.0,125.0,1161.0,25.3,41.7,1.3247
2004-09-02 00:00:00,0,Thursday,2004-09,2.0,1060.0,11.4,242.0,126.0,1210.0,24.3,44.7,1.3432
2004-09-02 01:00:00,1,Thursday,2004-09,1.5,962.0,7.5,167.0,96.0,1050.0,24.4,45.6,1.3779
2004-09-02 02:00:00,2,Thursday,2004-09,0.8,874.0,5.3,99.0,73.0,873.0,23.1,49.9,1.3891
2004-09-02 03:00:00,3,Thursday,2004-09,0.6,832.0,3.1,,,766.0,22.7,51.3,1.3977
2004-09-02 04:00:00,4,Thursday,2004-09,0.6,834.0,4.0,87.0,65.0,835.0,21.8,54.1,1.4004
2004-09-02 05:00:00,5,Thursday,2004-09,0.7,865.0,4.6,164.0,90.0,901.0,21.0,56.9,1.3999
2004-09-02 06:00:00,6,Thursday,2004-09,0.8,903.0,5.8,87.0,58.0,853.0,21.8,55.5,1.4323
2004-09-02 07:00:00,7,Thursday,2004-09,2.9,1236.0,20.0,93.0,27.0,1321.0,21.6,57.2,1.4607
2004-09-02 08:00:00,8,Thursday,2004-09,5.2,1464.0,30.0,417.0,67.0,1738.0,22.8,54.2,1.4886
2004-09-02 09:00:00,9,Thursday,2004-09,3.3,1258.0,18.7,406.0,96.0,1603.0,26.2,45.0,1.5098
2004-09-02 10:00:00,10,Thursday,2004-09,,1203.0,15.8,,,1426.0,30.8,34.8,1.5165
2004-09-02 11:00:00,11,Thursday,2004-09,,1156.0,14.3,,,1295.0,34.1,28.8,1.5105
2004-09-02 12:00:00,12,Thursday,2004-09,,1106.0,14.4,,,1093.0,35.9,24.7,1.437
2004-09-02 13:00:00,13,Thursday,2004-09,,1008.0,11.6,,,803.0,33.7,25.1,1.2915
2004-09-02 14:00:00,14,Thursday,2004-09,,1011.0,11.1,,,738.0,34.4,24.0,1.279
2004-09-02 15:00:00,15,Thursday,2004-09,,1049.0,13.5,,,870.0,36.4,20.3,1.214
2004-09-02 16:00:00,16,Thursday,2004-09,,1053.0,13.7,,,873.0,38.7,17.3,1.1729
2004-09-02 17:00:00,17,Thursday,2004-09,,1088.0,15.3,,,889.0,37.2,18.9,1.1774
2004-09-02 18:00:00,18,Thursday,2004-09,,1248.0,26.0,,,1599.0,36.1,20.0,1.1767
2004-09-02 19:00:00,19,Thursday,2004-09,,1374.0,28.6,,,1704.0,32.8,29.4,1.4344
2004-09-02 20:00:00,20,Thursday,2004-09,,1213.0,17.0,,,1424.0,30.0,35.9,1.4958
2004-09-02 21:00:00,21,Thursday,2004-09,,1108.0,12.0,,,1199.0,28.7,38.2,1.4794
2004-09-02 22:00:00,22,Thursday,2004-09,,1071.0,10.1,,,1099.0,28.1,40.4,1.512
2004-09-02 23:00:00,23,Thursday,2004-09,,1044.0,9.7,,,1133.0,27.4,41.4,1.4877
2004-09-03 00:00:00,0,Friday,2004-09,,1045.0,9.6,,,1140.0,26.4,44.0,1.4919
2004-09-03 01:00:00,1,Friday,2004-09,,1004.0,8.5,,,1092.0,24.9,47.9,1.4855
2004-09-03 02:00:00,2,Friday,2004-09,,944.0,5.7,,,1021.0,24.0,50.3,1.476
2004-09-03 03:00:00,3,Friday,2004-09,,868.0,3.1,,,764.0,25.2,47.9,1.5129
2004-09-03 04:00:00,4,Friday,2004-09,,850.0,2.7,,,803.0,24.2,50.6,1.5011
2004-09-03 05:00:00,5,Friday,2004-09,,873.0,3.3,,,744.0,23.1,55.0,1.5357
2004-09-03 06:00:00,6,Friday,2004-09,,905.0,5.1,,,818.0,22.9,56.2,1.5522
2004-09-03 07:00:00,7,Friday,2004-09,,1249.0,18.0,,,1285.0,22.0,59.3,1.5523
2004-09-03 08:00:00,8,Friday,2004-09,,1488.0,34.5,,,1782.0,23.7,54.0,1.5627
2004-09-03 09:00:00,9,Friday,2004-09,,1300.0,20.0,,,1639.0,26.7,45.7,1.5747
2004-09-03 10:00:00,10,Friday,2004-09,,1311.0,18.9,,,1662.0,31.4,34.5,1.5599
2004-09-03 11:00:00,11,Friday,2004-09,,1232.0,17.0,,,1478.0,34.5,28.5,1.5324
2004-09-03 12:00:00,12,Friday,2004-09,,1113.0,13.4,,,1050.0,36.4,23.6,1.4064
2004-09-03 13:00:00,13,Friday,2004-09,,1048.0,11.2,,,846.0,35.1,23.2,1.2884
2004-09-03 14:00:00,14,Friday,2004-09,,1054.0,11.6,,,830.0,35.7,22.2,1.2765
2004-09-03 15:00:00,15,Friday,2004-09,,1104.0,13.5,,,1480.0,37.6,19.6,1.2534
2004-09-03 16:00:00,16,Friday,2004-09,,1130.0,13.9,,,1127.0,38.8,17.6,1.1979
2004-09-03 17:00:00,17,Friday,2004-09,4.6,1229.0,21.9,,,1445.0,39.3,16.0,1.1138
2004-09-03 18:00:00,18,Friday,2004-09,4.3,1347.0,23.2,,,1543.0,37.0,23.6,1.4639
2004-09-03 19:00:00,19,Friday,2004-09,4.9,1424.0,24.5,,,1674.0,33.2,30.1,1.5095
2004-09-03 20:00:00,20,Friday,2004-09,4.0,1305.0,16.3,,,1524.0,31.0,33.1,1.462
2004-09-03 21:00:00,21,Friday,2004-09,2.6,1180.0,13.1,,,1339.0,29.5,33.4,1.3562
2004-09-03 22:00:00,22,Friday,2004-09,1.3,1029.0,8.1,,,992.0,29.1,36.7,1.4502
2004-09-03 23:00:00,23,Friday,2004-09,1.5,1080.0,8.1,,,1048.0,27.8,40.7,1.5002
2004-09-04 00:00:00,0,Saturday,2004-09,2.2,1197.0,11.4,,,1362.0,26.0,45.3,1.4999
2004-09-04 01:00:00,1,Saturday,2004-09,1.2,1006.0,6.7,,,978.0,25.8,45.4,1.487
2004-09-04 02:00:00,2,Saturday,2004-09,0.9,987.0,6.2,,,935.0,25.4,45.9,1.4684
2004-09-04 03:00:00,3,Saturday,2004-09,0.8,958.0,4.5,,,906.0,25.2,46.4,1.464
2004-09-04 04:00:00,4,Saturday,2004-09,0.8,962.0,4.7,,,913.0,23.0,52.7,1.4568
2004-09-04 05:00:00,5,Saturday,2004-09,0.8,958.0,4.6,,,903.0,22.1,54.5,1.4337
2004-09-04 06:00:00,6,Saturday,2004-09,1.0,976.0,5.3,,,898.0,22.5,53.6,1.4422
2004-09-04 07:00:00,7,Saturday,2004-09,1.7,1088.0,9.1,,,1165.0,22.0,55.4,1.4436
2004-09-04 08:00:00,8,Saturday,2004-09,1.9,1159.0,11.0,,,1260.0,23.4,51.6,1.4639
2004-09-04 09:00:00,9,Saturday,2004-09,2.0,1156.0,10.3,,,1250.0,26.7,43.0,1.4808
2004-09-04 10:00:00,10,Saturday,2004-09,2.2,1202.0,11.2,,,1226.0,31.3,32.9,1.4771
2004-09-04 11:00:00,11,Saturday,2004-09,2.3,1226.0,12.9,,,1188.0,34.8,27.1,1.4837
2004-09-04 12:00:00,12,Saturday,2004-09,2.3,1181.0,13.2,,,1072.0,38.3,21.5,1.4263
2004-09-04 13:00:00,13,Saturday,2004-09,1.8,1062.0,9.8,,,782.0,37.1,21.2,1.3107
2004-09-04 14:00:00,14,Saturday,2004-09,1.4,1013.0,7.9,,,594.0,37.3,20.3,1.2771
2004-09-04 15:00:00,15,Saturday,2004-09,1.6,1029.0,8.3,,,607.0,38.3,19.3,1.2736
2004-09-04 16:00:00,16,Saturday,2004-09,2.3,1144.0,11.9,,,879.0,40.7,17.0,1.2793
2004-09-04 17:00:00,17,Saturday,2004-09,2.4,1159.0,12.3,,,945.0,39.5,18.5,1.3076
2004-09-04 18:00:00,18,Saturday,2004-09,2.1,1113.0,10.0,,,946.0,36.6,22.6,1.3664
2004-09-04 19:00:00,19,Saturday,2004-09,1.8,1100.0,9.1,,,882.0,32.8,28.2,1.3842
2004-09-04 20:00:00,20,Saturday,2004-09,1.7,1037.0,7.8,,,735.0,30.7,30.7,1.3338
2004-09-04 21:00:00,21,Saturday,2004-09,1.9,1055.0,10.3,,,874.0,30.1,28.7,1.2052
2004-09-04 22:00:00,22,Saturday,2004-09,1.6,980.0,8.0,,,731.0,29.7,25.4,1.044
2004-09-04 23:00:00,23,Saturday,2004-09,2.6,1083.0,13.3,,,926.0,29.6,24.3,0.9889
2004-09-05 00:00:00,0,Sunday,2004-09,5.8,1399.0,30.3,,,1652.0,28.0,29.1,1.0846
2004-09-05 01:00:00,1,Sunday,2004-09,3.0,1194.0,18.5,,,1452.0,27.2,33.3,1.1788
2004-09-05 02:00:00,2,Sunday,2004-09,1.5,970.0,7.3,,,943.0,27.5,30.9,1.1155
2004-09-05 03:00:00,3,Sunday,2004-09,0.9,898.0,4.2,,,594.0,27.1,33.3,1.1762
2004-09-05 04:00:00,4,Sunday,2004-09,1.1,929.0,5.1,,,607.0,26.4,35.1,1.1919
2004-09-05 05:00:00,5,Sunday,2004-09,0.9,913.0,4.4,,,646.0,25.6,37.6,1.2131
2004-09-05 06:00:00,6,Sunday,2004-09,0.7,854.0,2.2,,,542.0,25.4,38.6,1.2352
2004-09-05 07:00:00,7,Sunday,2004-09,0.6,881.0,2.9,,,550.0,25.5,38.2,1.2296
2004-09-05 08:00:00,8,Sunday,2004-09,0.7,867.0,2.5,,,488.0,27.0,34.3,1.2089
2004-09-05 09:00:00,9,Sunday,2004-09,0.8,885.0,2.8,,,484.0,29.9,29.6,1.2296
2004-09-05 10:00:00,10,Sunday,2004-09,0.9,899.0,3.0,,,481.0,31.9,26.8,1.2477
2004-09-05 11:00:00,11,Sunday,2004-09,1.0,886.0,2.7,,,453.0,33.0,23.5,1.1583
2004-09-05 12:00:00,12,Sunday,2004-09,0.9,864.0,3.0,,,443.0,34.5,19.3,1.0369
2004-09-05 13:00:00,13,Sunday,2004-09,0.7,822.0,2.4,,,403.0,33.2,19.0,0.9533
2004-09-05 14:00:00,14,Sunday,2004-09,0.6,810.0,2.2,,,361.0,32.2,20.5,0.9699
2004-09-05 15:00:00,15,Sunday,2004-09,0.6,784.0,1.9,,,342.0,32.6,17.5,0.8467
2004-09-05 16:00:00,16,Sunday,2004-09,0.8,823.0,2.7,,,366.0,33.0,17.5,0.8683
2004-09-05 17:00:00,17,Sunday,2004-09,0.9,863.0,3.4,,,434.0,32.9,17.5,0.8622
2004-09-05 18:00:00,18,Sunday,2004-09,1.1,880.0,4.3,,,514.0,31.6,18.0,0.8243
2004-09-05 19:00:00,19,Sunday,2004-09,1.7,951.0,7.0,,,718.0,29.3,20.4,0.8162
2004-09-05 20:00:00,20,Sunday,2004-09,1.5,942.0,5.5,,,705.0,27.8,24.4,0.9002
2004-09-05 21:00:00,21,Sunday,2004-09,1.6,988.0,7.0,,,799.0,27.1,26.9,0.9524
2004-09-05 22:00:00,22,Sunday,2004-09,1.7,1008.0,6.7,,,856.0,26.3,29.5,0.9959
2004-09-05 23:00:00,23,Sunday,2004-09,1.3,965.0,5.1,,,667.0,25.9,32.9,1.0826
2004-09-06 00:00:00,0,Monday,2004-09,1.3,957.0,4.1,,,579.0,25.3,36.9,1.1764
2004-09-06 01:00:00,1,Monday,2004-09,1.0,921.0,3.2,,,480.0,24.8,40.1,1.2378
2004-09-06 02:00:00,2,Monday,2004-09,0.6,854.0,1.7,,,400.0,24.3,42.9,1.2906
2004-09-06 03:00:00,3,Monday,2004-09,0.5,826.0,1.0,,,385.0,24.0,45.5,1.3404
2004-09-06 04:00:00,4,Monday,2004-09,,828.0,1.0,,,385.0,23.9,47.4,1.3881
2004-09-06 05:00:00,5,Monday,2004-09,0.4,892.0,1.9,,,516.0,23.5,49.1,1.3991
2004-09-06 06:00:00,6,Monday,2004-09,0.7,954.0,3.1,,,728.0,23.7,49.2,1.4195
2004-09-06 07:00:00,7,Monday,2004-09,1.8,1120.0,7.8,,,1035.0,23.6,49.6,1.4247
2004-09-06 08:00:00,8,Monday,2004-09,1.9,1096.0,8.5,,,988.0,24.3,45.4,1.365
2004-09-06 09:00:00,9,Monday,2004-09,1.7,1058.0,8.0,,,977.0,26.3,38.3,1.2932
2004-09-06 10:00:00,10,Monday,2004-09,1.3,977.0,5.7,,,778.0,27.6,34.2,1.2464
2004-09-06 11:00:00,11,Monday,2004-09,1.4,977.0,6.6,,,736.0,29.2,29.1,1.1586
2004-09-06 12:00:00,12,Monday,2004-09,1.3,943.0,5.3,,,632.0,29.2,28.6,1.1423
2004-09-06 13:00:00,13,Monday,2004-09,1.4,964.0,6.0,,,689.0,29.4,28.3,1.1434
2004-09-06 14:00:00,14,Monday,2004-09,1.2,953.0,5.4,,,641.0,29.8,28.0,1.1558
2004-09-06 15:00:00,15,Monday,2004-09,1.3,967.0,6.1,,,703.0,30.1,26.7,1.1217
2004-09-06 16:00:00,16,Monday,2004-09,1.5,996.0,6.7,,,765.0,30.1,27.2,1.1406
2004-09-06 17:00:00,17,Monday,2004-09,2.3,1091.0,11.7,,,923.0,29.6,27.5,1.1229
2004-09-06 18:00:00,18,Monday,2004-09,2.6,1114.0,13.5,,,1057.0,29.6,27.7,1.1278
2004-09-06 19:00:00,19,Monday,2004-09,2.9,1133.0,13.5,,,1105.0,28.0,30.1,1.1226
2004-09-06 20:00:00,20,Monday,2004-09,1.8,1031.0,8.5,,,897.0,26.8,33.8,1.1723
2004-09-06 21:00:00,21,Monday,2004-09,1.3,952.0,5.5,,,723.0,25.7,35.8,1.16
2004-09-06 22:00:00,22,Monday,2004-09,1.3,949.0,5.8,,,740.0,25.4,35.2,1.1255
2004-09-06 23:00:00,23,Monday,2004-09,1.2,932.0,4.8,,,687.0,25.0,37.3,1.1614
2004-09-07 00:00:00,0,Tuesday,2004-09,1.2,966.0,5.2,,,644.0,24.6,40.5,1.2362
2004-09-07 01:00:00,1,Tuesday,2004-09,0.8,888.0,3.0,,,497.0,24.2,43.8,1.3057
2004-09-07 02:00:00,2,Tuesday,2004-09,0.6,847.0,2.7,,,525.0,24.0,43.7,1.2876
2004-09-07 03:00:00,3,Tuesday,2004-09,0.6,856.0,3.6,,,726.0,21.9,48.3,1.2522
2004-09-07 04:00:00,4,Tuesday,2004-09,0.6,881.0,4.4,,,783.0,22.4,47.2,1.2593
2004-09-07 05:00:00,5,Tuesday,2004-09,0.7,882.0,4.0,,,741.0,22.9,46.5,1.2861
2004-09-07 06:00:00,6,Tuesday,2004-09,1.3,1016.0,7.7,169.0,64.0,1040.0,23.1,47.0,1.3122
2004-09-07 07:00:00,7,Tuesday,2004-09,2.5,1228.0,13.9,231.0,72.0,1324.0,23.7,46.2,1.3376
2004-09-07 08:00:00,8,Tuesday,2004-09,3.4,1311.0,22.0,232.0,73.0,1486.0,25.8,41.9,1.3688
2004-09-07 09:00:00,9,Tuesday,2004-09,2.1,1081.0,10.2,145.0,64.0,1079.0,27.3,38.3,1.3669
2004-09-07 10:00:00,10,Tuesday,2004-09,2.2,1104.0,10.4,170.0,74.0,1081.0,31.0,29.1,1.2885
2004-09-07 11:00:00,11,Tuesday,2004-09,1.7,991.0,8.0,214.0,89.0,806.0,31.6,25.5,1.1638
2004-09-07 12:00:00,12,Tuesday,2004-09,2.1,1008.0,10.1,,,825.0,32.5,21.2,1.0173
2004-09-07 13:00:00,13,Tuesday,2004-09,2.2,986.0,10.7,,,907.0,31.7,20.5,0.9428
2004-09-07 14:00:00,14,Tuesday,2004-09,1.4,948.0,7.9,,,768.0,31.5,21.5,0.9768
2004-09-07 15:00:00,15,Tuesday,2004-09,1.4,919.0,7.1,,,697.0,31.6,20.8,0.9562
2004-09-07 16:00:00,16,Tuesday,2004-09,1.6,958.0,9.0,,,728.0,32.4,19.4,0.9279
2004-09-07 17:00:00,17,Tuesday,2004-09,2.3,1037.0,11.2,,,786.0,31.7,20.3,0.9336
2004-09-07 18:00:00,18,Tuesday,2004-09,3.3,1120.0,16.0,,,1028.0,31.1,21.0,0.9337
2004-09-07 19:00:00,19,Tuesday,2004-09,4.1,1205.0,19.9,,,1317.0,28.9,25.4,0.9933
2004-09-07 20:00:00,20,Tuesday,2004-09,3.3,1172.0,15.3,,,1290.0,27.4,30.8,1.1112
2004-09-07 21:00:00,21,Tuesday,2004-09,2.2,1088.0,11.1,,,1165.0,26.3,34.1,1.1453
2004-09-07 22:00:00,22,Tuesday,2004-09,,1055.0,10.0,,,1086.0,25.4,35.2,1.1288
2004-09-07 23:00:00,23,Tuesday,2004-09,,,,,,,,,
2004-09-08 00:00:00,0,Wednesday,2004-09,,,,,,,,,
2004-09-08 01:00:00,1,Wednesday,2004-09,,,,,,,,,
2004-09-08 02:00:00,2,Wednesday,2004-09,,,,,,,,,
2004-09-08 03:00:00,3,Wednesday,2004-09,,,,,,,,,
2004-09-08 04:00:00,4,Wednesday,2004-09,,,,,,,,,
2004-09-08 05:00:00,5,Wednesday,2004-09,,,,,,,,,
2004-09-08 06:00:00,6,Wednesday,2004-09,,,,,,,,,
2004-09-08 07:00:00,7,Wednesday,2004-09,,,,,,,,,
2004-09-08 08:00:00,8,Wednesday,2004-09,,,,,,,,,
2004-09-08 09:00:00,9,Wednesday,2004-09,,1297.0,34.5,,,1611.0,22.7,33.0,0.8987
2004-09-08 10:00:00,10,Wednesday,2004-09,,,,,,,,,
2004-09-08 11:00:00,11,Wednesday,2004-09,,,,,,,,,
2004-09-08 12:00:00,12,Wednesday,2004-09,,,,,,,,,
2004-09-08 13:00:00,13,Wednesday,2004-09,,,,,,,,,
2004-09-08 14:00:00,14,Wednesday,2004-09,,,,,,,,,
2004-09-08 15:00:00,15,Wednesday,2004-09,,,,,,,,,
2004-09-08 16:00:00,16,Wednesday,2004-09,,,,,,,,,
2004-09-08 17:00:00,17,Wednesday,2004-09,3.4,,,,,,,,
2004-09-08 18:00:00,18,Wednesday,2004-09,4.0,1325.0,18.9,477.0,188.0,1543.0,32.4,19.8,0.9484
2004-09-08 19:00:00,19,Wednesday,2004-09,4.7,1383.0,24.1,502.0,176.0,1678.0,29.9,22.3,0.9235
2004-09-08 20:00:00,20,Wednesday,2004-09,3.8,1254.0,18.1,420.0,163.0,1431.0,28.2,24.8,0.936
2004-09-08 21:00:00,21,Wednesday,2004-09,2.8,1221.0,15.8,344.0,155.0,1413.0,26.8,28.9,1.0019
2004-09-08 22:00:00,22,Wednesday,2004-09,2.6,1226.0,14.6,307.0,146.0,1419.0,25.1,32.3,1.0131
2004-09-08 23:00:00,23,Wednesday,2004-09,2.0,1100.0,10.6,251.0,131.0,1145.0,25.4,30.5,0.9722
2004-09-09 00:00:00,0,Thursday,2004-09,1.4,999.0,7.5,180.0,119.0,960.0,24.9,28.3,0.8775
2004-09-09 01:00:00,1,Thursday,2004-09,1.2,980.0,7.4,141.0,98.0,949.0,23.2,30.5,0.8558
2004-09-09 02:00:00,2,Thursday,2004-09,0.6,859.0,3.8,105.0,89.0,819.0,22.3,33.6,0.8959
2004-09-09 03:00:00,3,Thursday,2004-09,0.3,814.0,2.3,,,745.0,23.0,33.0,0.9184
2004-09-09 04:00:00,4,Thursday,2004-09,0.2,806.0,2.3,74.0,68.0,725.0,21.4,35.7,0.8982
2004-09-09 05:00:00,5,Thursday,2004-09,0.4,813.0,2.7,91.0,65.0,710.0,21.7,33.4,0.8545
2004-09-09 06:00:00,6,Thursday,2004-09,0.6,889.0,4.9,143.0,81.0,806.0,20.3,35.5,0.8342
2004-09-09 07:00:00,7,Thursday,2004-09,3.0,1200.0,18.2,553.0,136.0,1416.0,19.7,37.5,0.8501
2004-09-09 08:00:00,8,Thursday,2004-09,3.2,1289.0,21.4,542.0,130.0,1521.0,21.0,35.6,0.8736
2004-09-09 09:00:00,9,Thursday,2004-09,3.5,1355.0,21.3,590.0,157.0,1605.0,25.0,28.9,0.9025
2004-09-09 10:00:00,10,Thursday,2004-09,3.1,1277.0,19.9,590.0,171.0,1481.0,31.0,21.9,0.9708
2004-09-09 11:00:00,11,Thursday,2004-09,2.2,1156.0,14.8,387.0,143.0,1188.0,34.9,18.5,1.0189
2004-09-09 12:00:00,12,Thursday,2004-09,1.7,1054.0,12.6,252.0,116.0,940.0,37.1,15.0,0.9297
2004-09-09 13:00:00,13,Thursday,2004-09,2.0,1096.0,13.0,310.0,129.0,986.0,35.0,17.3,0.9542
2004-09-09 14:00:00,14,Thursday,2004-09,2.5,1160.0,16.2,396.0,168.0,1162.0,35.1,17.5,0.9733
2004-09-09 15:00:00,15,Thursday,2004-09,2.4,1148.0,15.0,329.0,152.0,1047.0,35.4,16.6,0.9385
2004-09-09 16:00:00,16,Thursday,2004-09,2.9,1166.0,16.2,393.0,175.0,1180.0,38.4,13.8,0.9221
2004-09-09 17:00:00,17,Thursday,2004-09,4.2,1315.0,22.7,522.0,212.0,1399.0,37.6,14.5,0.9277
2004-09-09 18:00:00,18,Thursday,2004-09,5.4,1425.0,32.3,631.0,220.0,2321.0,35.2,16.6,0.9242
2004-09-09 19:00:00,19,Thursday,2004-09,4.3,1329.0,22.3,435.0,175.0,1894.0,31.2,25.5,1.1379
2004-09-09 20:00:00,20,Thursday,2004-09,3.6,1299.0,16.6,407.0,165.0,1606.0,29.3,30.7,1.229
2004-09-09 21:00:00,21,Thursday,2004-09,2.0,1123.0,11.0,255.0,136.0,1297.0,28.3,30.1,1.1392
2004-09-09 22:00:00,22,Thursday,2004-09,1.5,1089.0,11.3,180.0,111.0,1182.0,27.4,31.5,1.133
2004-09-09 23:00:00,23,Thursday,2004-09,1.5,1081.0,9.3,186.0,114.0,1138.0,26.2,35.7,1.1929
2004-09-10 00:00:00,0,Friday,2004-09,1.2,1031.0,7.3,147.0,96.0,972.0,25.2,38.1,1.2049
2004-09-10 01:00:00,1,Friday,2004-09,1.0,969.0,5.5,101.0,75.0,799.0,24.4,39.1,1.1784
2004-09-10 02:00:00,2,Friday,2004-09,0.5,881.0,3.5,69.0,58.0,630.0,23.7,39.1,1.1289
2004-09-10 03:00:00,3,Friday,2004-09,0.5,869.0,2.8,,,586.0,24.2,38.5,1.1491
2004-09-10 04:00:00,4,Friday,2004-09,0.4,866.0,2.9,49.0,41.0,629.0,24.5,38.5,1.1688
2004-09-10 05:00:00,5,Friday,2004-09,0.5,895.0,3.6,91.0,55.0,709.0,22.4,43.5,1.1624
2004-09-10 06:00:00,6,Friday,2004-09,0.7,933.0,5.5,144.0,73.0,858.0,22.3,43.8,1.1631
2004-09-10 07:00:00,7,Friday,2004-09,2.4,1209.0,15.5,430.0,108.0,1300.0,21.4,45.8,1.1515
2004-09-10 08:00:00,8,Friday,2004-09,4.1,1417.0,28.3,606.0,147.0,1676.0,22.9,41.3,1.1383
2004-09-10 09:00:00,9,Friday,2004-09,3.0,1227.0,17.8,519.0,150.0,1384.0,26.6,30.3,1.0378
2004-09-10 10:00:00,10,Friday,2004-09,2.0,1093.0,12.8,353.0,131.0,1125.0,30.3,23.0,0.977
2004-09-10 11:00:00,11,Friday,2004-09,2.5,1135.0,15.7,429.0,144.0,1189.0,32.8,18.9,0.9234
2004-09-10 12:00:00,12,Friday,2004-09,2.4,1112.0,15.4,345.0,151.0,1088.0,34.3,17.7,0.9416
2004-09-10 13:00:00,13,Friday,2004-09,2.6,1147.0,15.6,417.0,165.0,1118.0,33.3,18.9,0.9536
2004-09-10 14:00:00,14,Friday,2004-09,1.9,1086.0,12.6,276.0,135.0,924.0,33.0,20.1,0.9959
2004-09-10 15:00:00,15,Friday,2004-09,2.1,1077.0,12.2,280.0,143.0,935.0,33.6,19.6,1.0029
2004-09-10 16:00:00,16,Friday,2004-09,2.5,1110.0,13.4,365.0,153.0,1009.0,34.9,18.4,1.0106
2004-09-10 17:00:00,17,Friday,2004-09,2.7,1146.0,14.3,363.0,149.0,1016.0,33.4,20.3,1.027
2004-09-10 18:00:00,18,Friday,2004-09,3.3,1211.0,16.5,393.0,164.0,1188.0,31.6,22.7,1.041
2004-09-10 19:00:00,19,Friday,2004-09,3.2,1218.0,17.4,385.0,180.0,1290.0,29.2,26.9,1.0709
2004-09-10 20:00:00,20,Friday,2004-09,2.6,1136.0,12.9,307.0,159.0,1130.0,27.7,30.1,1.0991
2004-09-10 21:00:00,21,Friday,2004-09,1.4,1017.0,8.2,194.0,119.0,880.0,27.1,31.0,1.0991
2004-09-10 22:00:00,22,Friday,2004-09,1.6,1063.0,9.2,205.0,127.0,996.0,26.0,33.4,1.1071
2004-09-10 23:00:00,23,Friday,2004-09,1.7,1083.0,9.3,223.0,131.0,1054.0,25.1,35.7,1.1222
2004-09-11 00:00:00,0,Saturday,2004-09,1.6,1077.0,10.4,176.0,101.0,1081.0,24.3,38.5,1.1525
2004-09-11 01:00:00,1,Saturday,2004-09,,968.0,6.2,,,828.0,23.4,40.7,1.1551
2004-09-11 02:00:00,2,Saturday,2004-09,,898.0,4.2,,,661.0,23.2,41.2,1.1561
2004-09-11 03:00:00,3,Saturday,2004-09,,859.0,3.1,,,582.0,23.6,40.5,1.1667
2004-09-11 04:00:00,4,Saturday,2004-09,,849.0,2.3,,,544.0,23.5,40.9,1.1677
2004-09-11 05:00:00,5,Saturday,2004-09,,886.0,3.1,,,647.0,20.5,48.4,1.1557
2004-09-11 06:00:00,6,Saturday,2004-09,,932.0,4.0,,,720.0,20.7,48.4,1.1663
2004-09-11 07:00:00,7,Saturday,2004-09,,1144.0,10.8,,,1207.0,19.9,50.8,1.1694
2004-09-11 08:00:00,8,Saturday,2004-09,,1222.0,13.0,,,1273.0,21.3,47.2,1.1825
2004-09-11 09:00:00,9,Saturday,2004-09,,1202.0,10.3,,,1303.0,24.0,40.8,1.1993
2004-09-11 10:00:00,10,Saturday,2004-09,,1323.0,16.3,,,1479.0,28.7,30.3,1.1769
2004-09-11 11:00:00,11,Saturday,2004-09,,1219.0,12.7,,,1191.0,31.9,24.7,1.1477
2004-09-11 12:00:00,12,Saturday,2004-09,,1121.0,9.7,,,932.0,33.8,21.9,1.1331
2004-09-11 13:00:00,13,Saturday,2004-09,,1096.0,9.1,,,826.0,32.7,22.7,1.1044
2004-09-11 14:00:00,14,Saturday,2004-09,,1019.0,7.0,,,631.0,33.0,21.3,1.0512
2004-09-11 15:00:00,15,Saturday,2004-09,,1045.0,7.0,,,598.0,33.9,21.2,1.0989
2004-09-11 16:00:00,16,Saturday,2004-09,,1147.0,9.5,,,796.0,35.9,20.3,1.1845
2004-09-11 17:00:00,17,Saturday,2004-09,,1145.0,9.8,,,759.0,34.2,22.6,1.197
2004-09-11 18:00:00,18,Saturday,2004-09,,1202.0,11.7,,,886.0,32.0,27.3,1.2752
2004-09-11 19:00:00,19,Saturday,2004-09,,1283.0,13.9,,,1071.0,29.3,32.6,1.3105
2004-09-11 20:00:00,20,Saturday,2004-09,,1148.0,8.7,,,826.0,27.2,38.0,1.347
2004-09-11 21:00:00,21,Saturday,2004-09,,1229.0,10.9,,,1103.0,26.1,41.1,1.3705
2004-09-11 22:00:00,22,Saturday,2004-09,,1287.0,12.3,,,1221.0,25.3,44.6,1.4161
2004-09-11 23:00:00,23,Saturday,2004-09,,1285.0,12.4,,,1449.0,24.6,47.2,1.4424
2004-09-12 00:00:00,0,Sunday,2004-09,,1251.0,12.1,,,1364.0,24.1,48.8,1.4412
2004-09-12 01:00:00,1,Sunday,2004-09,,1120.0,8.0,,,1111.0,23.6,50.4,1.447
2004-09-12 02:00:00,2,Sunday,2004-09,,1108.0,8.4,,,1129.0,22.0,55.8,1.4585
2004-09-12 03:00:00,3,Sunday,2004-09,,961.0,4.9,,,799.0,22.4,53.6,1.4379
2004-09-12 04:00:00,4,Sunday,2004-09,,950.0,4.2,,,771.0,21.6,55.8,1.4228
2004-09-12 05:00:00,5,Sunday,2004-09,,901.0,2.3,,,646.0,21.8,55.2,1.4184
2004-09-12 06:00:00,6,Sunday,2004-09,,903.0,2.5,,,705.0,21.7,55.4,1.4192
2004-09-12 07:00:00,7,Sunday,2004-09,,1024.0,4.9,,,908.0,20.6,59.8,1.435
2004-09-12 08:00:00,8,Sunday,2004-09,,1093.0,6.6,,,1047.0,22.1,55.3,1.4495
2004-09-12 09:00:00,9,Sunday,2004-09,,1097.0,6.5,,,1015.0,24.8,48.2,1.4883
2004-09-12 10:00:00,10,Sunday,2004-09,,1126.0,6.4,,,938.0,27.9,43.4,1.6017
2004-09-12 11:00:00,11,Sunday,2004-09,,1139.0,5.6,,,849.0,30.1,38.5,1.6212
2004-09-12 12:00:00,12,Sunday,2004-09,,1178.0,6.4,,,844.0,28.2,48.6,1.8253
2004-09-12 13:00:00,13,Sunday,2004-09,,1243.0,7.6,,,1036.0,24.8,70.4,2.1766
2004-09-12 14:00:00,14,Sunday,2004-09,,1017.0,3.5,,,729.0,27.8,49.4,1.8209
2004-09-12 15:00:00,15,Sunday,2004-09,,1048.0,3.3,,,556.0,25.4,59.9,1.9168
2004-09-12 16:00:00,16,Sunday,2004-09,,1254.0,6.6,,,846.0,26.1,66.8,2.231
2004-09-12 17:00:00,17,Sunday,2004-09,,1287.0,8.3,,,942.0,28.0,53.2,1.981
2004-09-12 18:00:00,18,Sunday,2004-09,,1215.0,8.0,,,902.0,27.4,51.4,1.8404
2004-09-12 19:00:00,19,Sunday,2004-09,,1363.0,12.6,,,1178.0,25.7,55.8,1.8149
2004-09-12 20:00:00,20,Sunday,2004-09,,1436.0,17.5,,,1426.0,24.6,60.3,1.8363
2004-09-12 21:00:00,21,Sunday,2004-09,,1365.0,14.8,,,1394.0,24.2,61.6,1.8381
2004-09-12 22:00:00,22,Sunday,2004-09,,1506.0,23.3,,,1935.0,23.8,63.5,1.8495
2004-09-12 23:00:00,23,Sunday,2004-09,,1227.0,12.2,,,1360.0,23.0,64.8,1.802
2004-09-13 00:00:00,0,Monday,2004-09,,1038.0,7.2,,,1061.0,23.0,63.3,1.7589
2004-09-13 01:00:00,1,Monday,2004-09,,934.0,4.6,,,870.0,22.8,63.3,1.7355
2004-09-13 02:00:00,2,Monday,2004-09,,900.0,3.8,,,799.0,21.0,68.6,1.6873
2004-09-13 03:00:00,3,Monday,2004-09,,870.0,3.7,,,779.0,20.4,70.7,1.6734
2004-09-13 04:00:00,4,Monday,2004-09,,875.0,4.0,,,809.0,19.4,73.4,1.6417
2004-09-13 05:00:00,5,Monday,2004-09,,940.0,5.5,,,914.0,19.5,72.0,1.6118
2004-09-13 06:00:00,6,Monday,2004-09,,1053.0,8.3,,,1033.0,19.7,70.3,1.5925
2004-09-13 07:00:00,7,Monday,2004-09,,1509.0,28.2,,,1572.0,20.4,66.7,1.577
2004-09-13 08:00:00,8,Monday,2004-09,,1559.0,32.1,,,1704.0,21.8,61.8,1.5966
2004-09-13 09:00:00,9,Monday,2004-09,,1313.0,17.7,,,1455.0,23.0,60.2,1.6652
2004-09-13 10:00:00,10,Monday,2004-09,3.1,1372.0,18.4,475.0,138.0,1588.0,25.4,53.0,1.6963
2004-09-13 11:00:00,11,Monday,2004-09,2.9,1320.0,16.3,395.0,138.0,1482.0,30.0,41.6,1.7324
2004-09-13 12:00:00,12,Monday,2004-09,3.0,1346.0,18.2,353.0,138.0,1458.0,32.6,34.8,1.6872
2004-09-13 13:00:00,13,Monday,2004-09,3.0,1307.0,17.9,397.0,137.0,1356.0,32.2,34.2,1.6145
2004-09-13 14:00:00,14,Monday,2004-09,2.2,1157.0,12.6,274.0,120.0,1100.0,32.1,33.5,1.569
2004-09-13 15:00:00,15,Monday,2004-09,2.0,1154.0,11.3,505.0,208.0,1212.0,32.6,31.8,1.5361
2004-09-13 16:00:00,16,Monday,2004-09,2.3,1172.0,14.9,275.0,128.0,1049.0,35.2,25.2,1.4111
2004-09-13 17:00:00,17,Monday,2004-09,3.1,1241.0,18.5,360.0,145.0,1149.0,34.3,24.7,1.3154
2004-09-13 18:00:00,18,Monday,2004-09,,1379.0,25.2,,,1370.0,31.5,29.9,1.3638
2004-09-13 19:00:00,19,Monday,2004-09,6.2,1570.0,35.9,597.0,168.0,1716.0,29.0,36.6,1.4452
2004-09-13 20:00:00,20,Monday,2004-09,4.7,1418.0,26.7,728.0,177.0,1600.0,27.1,42.2,1.4949
2004-09-13 21:00:00,21,Monday,2004-09,3.0,1317.0,19.9,891.0,172.0,1592.0,26.1,46.4,1.5445
2004-09-13 22:00:00,22,Monday,2004-09,2.1,1204.0,14.6,346.0,112.0,1491.0,25.1,49.4,1.548
2004-09-13 23:00:00,23,Monday,2004-09,1.0,1014.0,6.9,98.0,39.0,1084.0,26.0,46.4,1.5375
2004-09-14 00:00:00,0,Tuesday,2004-09,0.8,956.0,5.6,144.0,68.0,1007.0,24.7,49.2,1.5116
2004-09-14 01:00:00,1,Tuesday,2004-09,0.7,891.0,3.9,110.0,51.0,823.0,24.8,49.0,1.5092
2004-09-14 02:00:00,2,Tuesday,2004-09,,856.0,3.2,,,788.0,23.5,52.6,1.5035
2004-09-14 03:00:00,3,Tuesday,2004-09,,863.0,3.9,,,791.0,20.8,62.1,1.5044
2004-09-14 04:00:00,4,Tuesday,2004-09,,911.0,4.6,,,924.0,19.9,65.5,1.5078
2004-09-14 05:00:00,5,Tuesday,2004-09,,936.0,5.0,,,941.0,20.6,62.9,1.5088
2004-09-14 06:00:00,6,Tuesday,2004-09,,1087.0,9.6,,,1103.0,21.3,59.4,1.4918
2004-09-14 07:00:00,7,Tuesday,2004-09,,1540.0,27.8,,,1657.0,22.0,58.3,1.5199
2004-09-14 08:00:00,8,Tuesday,2004-09,,1513.0,32.1,,,1743.0,23.2,55.4,1.5559
2004-09-14 09:00:00,9,Tuesday,2004-09,,1409.0,20.9,,,1601.0,26.5,50.2,1.713
2004-09-14 10:00:00,10,Tuesday,2004-09,,1219.0,11.8,,,1253.0,29.0,45.5,1.7976
2004-09-14 11:00:00,11,Tuesday,2004-09,,1286.0,15.8,,,1295.0,30.1,42.0,1.7602
2004-09-14 12:00:00,12,Tuesday,2004-09,,1228.0,15.8,,,1192.0,32.3,35.9,1.7067
2004-09-14 13:00:00,13,Tuesday,2004-09,,1140.0,14.0,,,1046.0,33.2,33.8,1.69
2004-09-14 14:00:00,14,Tuesday,2004-09,,1052.0,8.2,,,803.0,34.0,33.6,1.7591
2004-09-14 15:00:00,15,Tuesday,2004-09,,1282.0,13.7,,,1116.0,29.9,45.6,1.8942
2004-09-14 16:00:00,16,Tuesday,2004-09,,1378.0,19.5,,,1347.0,27.7,53.7,1.967
2004-09-14 17:00:00,17,Tuesday,2004-09,,1506.0,26.7,,,1530.0,28.0,52.7,1.9604
2004-09-14 18:00:00,18,Tuesday,2004-09,,1310.0,18.7,,,1240.0,28.6,48.2,1.8616
2004-09-14 19:00:00,19,Tuesday,2004-09,,1204.0,13.9,,,1092.0,24.8,61.6,1.9067
2004-09-14 20:00:00,20,Tuesday,2004-09,,1071.0,6.7,,,740.0,20.3,77.2,1.8204
2004-09-14 21:00:00,21,Tuesday,2004-09,,967.0,4.2,,,670.0,19.7,82.5,1.8674
2004-09-14 22:00:00,22,Tuesday,2004-09,,947.0,3.6,,,640.0,20.6,78.8,1.8885
2004-09-14 23:00:00,23,Tuesday,2004-09,,1011.0,4.4,,,918.0,19.2,87.2,1.9195
2004-09-15 00:00:00,0,Wednesday,2004-09,,971.0,4.2,,,804.0,20.5,81.5,1.936
2004-09-15 01:00:00,1,Wednesday,2004-09,,886.0,2.6,,,694.0,21.4,74.0,1.8683
2004-09-15 02:00:00,2,Wednesday,2004-09,,908.0,3.1,,,796.0,20.5,78.2,1.8678
2004-09-15 03:00:00,3,Wednesday,2004-09,,901.0,3.0,,,804.0,20.7,77.8,1.8764
2004-09-15 04:00:00,4,Wednesday,2004-09,,915.0,3.4,,,829.0,20.5,78.0,1.8636
2004-09-15 05:00:00,5,Wednesday,2004-09,,940.0,4.0,,,848.0,20.6,76.2,1.8272
2004-09-15 06:00:00,6,Wednesday,2004-09,,1048.0,7.8,,,992.0,20.1,77.4,1.802
2004-09-15 07:00:00,7,Wednesday,2004-09,,1298.0,16.1,,,1256.0,20.9,73.3,1.787
2004-09-15 08:00:00,8,Wednesday,2004-09,,1487.0,27.6,,,1598.0,21.2,72.3,1.8007
2004-09-15 09:00:00,9,Wednesday,2004-09,,1327.0,17.8,,,1403.0,22.5,68.9,1.8511
2004-09-15 10:00:00,10,Wednesday,2004-09,,1363.0,18.5,,,1497.0,23.7,64.5,1.8682
2004-09-15 11:00:00,11,Wednesday,2004-09,,1393.0,21.6,,,1500.0,23.2,68.4,1.9243
2004-09-15 12:00:00,12,Wednesday,2004-09,,1361.0,21.0,,,1549.0,23.5,69.2,1.9776
2004-09-15 13:00:00,13,Wednesday,2004-09,,1289.0,17.2,,,1374.0,24.1,65.5,1.9371
2004-09-15 14:00:00,14,Wednesday,2004-09,,1265.0,16.1,,,1270.0,24.2,65.6,1.9501
2004-09-15 15:00:00,15,Wednesday,2004-09,,1339.0,18.6,,,1360.0,24.6,63.9,1.9459
2004-09-15 16:00:00,16,Wednesday,2004-09,,1269.0,17.2,,,1296.0,26.3,56.5,1.9018
2004-09-15 17:00:00,17,Wednesday,2004-09,3.3,1299.0,17.3,341.0,112.0,1319.0,26.9,53.1,1.8557
2004-09-15 18:00:00,18,Wednesday,2004-09,6.1,1546.0,28.6,622.0,170.0,1649.0,26.5,50.8,1.7334
2004-09-15 19:00:00,19,Wednesday,2004-09,6.7,1571.0,31.8,615.0,173.0,1686.0,25.1,55.8,1.7511
2004-09-15 20:00:00,20,Wednesday,2004-09,4.4,1312.0,20.1,443.0,135.0,1380.0,23.9,58.9,1.7276
2004-09-15 21:00:00,21,Wednesday,2004-09,1.9,1074.0,9.2,219.0,93.0,1079.0,23.1,62.8,1.7562
2004-09-15 22:00:00,22,Wednesday,2004-09,1.8,1127.0,10.3,203.0,74.0,1096.0,22.1,67.3,1.7671
2004-09-15 23:00:00,23,Wednesday,2004-09,1.5,1040.0,8.6,165.0,69.0,1049.0,22.1,66.5,1.7441
2004-09-16 00:00:00,0,Thursday,2004-09,1.6,1060.0,8.6,339.0,109.0,1161.0,21.1,70.1,1.7366
2004-09-16 01:00:00,1,Thursday,2004-09,0.8,911.0,4.8,103.0,55.0,865.0,21.9,67.1,1.7394
2004-09-16 02:00:00,2,Thursday,2004-09,0.5,853.0,2.6,74.0,49.0,768.0,21.7,67.4,1.7262
2004-09-16 03:00:00,3,Thursday,2004-09,0.7,915.0,4.3,,,845.0,20.2,73.8,1.7229
2004-09-16 04:00:00,4,Thursday,2004-09,0.6,897.0,4.5,72.0,42.0,843.0,19.1,76.0,1.6668
2004-09-16 05:00:00,5,Thursday,2004-09,0.9,976.0,6.6,180.0,50.0,964.0,19.4,75.4,1.6802
2004-09-16 06:00:00,6,Thursday,2004-09,1.4,1066.0,10.1,239.0,53.0,1065.0,19.7,74.4,1.6829
2004-09-16 07:00:00,7,Thursday,2004-09,4.2,1435.0,23.4,664.0,86.0,1467.0,19.9,74.3,1.7083
2004-09-16 08:00:00,8,Thursday,2004-09,4.1,1420.0,25.0,525.0,81.0,1510.0,20.4,72.8,1.7198
2004-09-16 09:00:00,9,Thursday,2004-09,3.6,1365.0,21.6,543.0,96.0,1518.0,21.6,67.7,1.7254
2004-09-16 10:00:00,10,Thursday,2004-09,2.5,1171.0,13.0,390.0,96.0,1276.0,22.9,59.1,1.633
2004-09-16 11:00:00,11,Thursday,2004-09,1.3,982.0,6.8,217.0,79.0,873.0,18.7,73.1,1.5608
2004-09-16 12:00:00,12,Thursday,2004-09,1.7,1021.0,10.0,248.0,95.0,958.0,21.1,58.3,1.4444
2004-09-16 13:00:00,13,Thursday,2004-09,2.1,1044.0,11.7,333.0,127.0,1076.0,23.3,47.1,1.3281
2004-09-16 14:00:00,14,Thursday,2004-09,1.7,1005.0,9.8,279.0,102.0,952.0,22.9,47.9,1.3208
2004-09-16 15:00:00,15,Thursday,2004-09,1.9,1021.0,10.2,339.0,107.0,977.0,23.3,46.2,1.301
2004-09-16 16:00:00,16,Thursday,2004-09,2.3,1064.0,12.0,315.0,110.0,1059.0,23.7,45.4,1.315
2004-09-16 17:00:00,17,Thursday,2004-09,3.3,1167.0,17.7,365.0,124.0,1199.0,23.8,46.1,1.3373
2004-09-16 18:00:00,18,Thursday,2004-09,3.5,1167.0,18.8,338.0,113.0,1212.0,23.0,49.3,1.3689
2004-09-16 19:00:00,19,Thursday,2004-09,3.6,1164.0,17.6,318.0,104.0,1193.0,21.9,53.1,1.3787
2004-09-16 20:00:00,20,Thursday,2004-09,2.9,1092.0,13.8,302.0,117.0,1105.0,21.3,54.8,1.3742
2004-09-16 21:00:00,21,Thursday,2004-09,2.0,997.0,9.4,214.0,94.0,926.0,21.2,55.2,1.3699
2004-09-16 22:00:00,22,Thursday,2004-09,1.9,966.0,9.6,,,1231.0,21.4,54.8,1.3813
2004-09-16 23:00:00,23,Thursday,2004-09,1.5,969.0,8.5,,,995.0,20.8,57.2,1.3925
2004-09-17 00:00:00,0,Friday,2004-09,1.1,944.0,10.7,363.0,109.0,1094.0,21.3,55.8,1.3974
2004-09-17 01:00:00,1,Friday,2004-09,0.8,834.0,6.1,178.0,72.0,774.0,21.4,52.1,1.3125
2004-09-17 02:00:00,2,Friday,2004-09,0.5,796.0,3.2,55.0,40.0,558.0,20.6,56.6,1.3583
2004-09-17 03:00:00,3,Friday,2004-09,0.4,777.0,2.0,,,510.0,20.0,59.1,1.3694
2004-09-17 04:00:00,4,Friday,2004-09,0.3,752.0,1.2,32.0,23.0,471.0,19.7,61.9,1.4017
2004-09-17 05:00:00,5,Friday,2004-09,0.3,755.0,1.3,35.0,24.0,471.0,19.6,59.1,1.3346
2004-09-17 06:00:00,6,Friday,2004-09,0.5,800.0,2.2,84.0,41.0,529.0,19.8,56.7,1.2941
2004-09-17 07:00:00,7,Friday,2004-09,2.4,1147.0,14.6,456.0,99.0,1114.0,20.2,55.6,1.3043
2004-09-17 08:00:00,8,Friday,2004-09,2.2,1036.0,9.7,342.0,91.0,987.0,19.7,57.8,1.3112
2004-09-17 09:00:00,9,Friday,2004-09,1.4,926.0,6.7,239.0,81.0,851.0,20.2,53.1,1.2442
2004-09-17 10:00:00,10,Friday,2004-09,1.6,961.0,7.6,337.0,95.0,901.0,22.0,47.0,1.2259
2004-09-17 11:00:00,11,Friday,2004-09,1.6,951.0,8.6,351.0,113.0,949.0,23.5,41.6,1.1884
2004-09-17 12:00:00,12,Friday,2004-09,1.6,962.0,9.0,209.0,89.0,855.0,22.8,41.8,1.1417
2004-09-17 13:00:00,13,Friday,2004-09,2.1,1004.0,10.7,257.0,88.0,911.0,23.4,40.4,1.15
2004-09-17 14:00:00,14,Friday,2004-09,1.1,893.0,6.3,169.0,81.0,672.0,23.2,42.8,1.2017
2004-09-17 15:00:00,15,Friday,2004-09,1.6,990.0,9.4,216.0,82.0,826.0,23.6,43.2,1.2433
2004-09-17 16:00:00,16,Friday,2004-09,2.4,1071.0,12.5,303.0,115.0,988.0,23.9,40.8,1.1937
2004-09-17 17:00:00,17,Friday,2004-09,2.9,1140.0,15.2,320.0,112.0,1105.0,23.6,42.8,1.23
2004-09-17 18:00:00,18,Friday,2004-09,2.7,1103.0,14.8,310.0,116.0,1089.0,23.2,43.3,1.2161
2004-09-17 19:00:00,19,Friday,2004-09,3.1,1082.0,15.9,341.0,129.0,1077.0,22.8,42.5,1.1608
2004-09-17 20:00:00,20,Friday,2004-09,2.2,991.0,10.0,272.0,110.0,923.0,22.3,42.2,1.1209
2004-09-17 21:00:00,21,Friday,2004-09,1.5,935.0,6.9,229.0,105.0,824.0,22.1,43.0,1.1271
2004-09-17 22:00:00,22,Friday,2004-09,1.2,908.0,5.5,168.0,90.0,717.0,22.2,42.7,1.1237
2004-09-17 23:00:00,23,Friday,2004-09,1.3,927.0,6.3,173.0,94.0,734.0,22.1,42.8,1.1265
2004-09-18 00:00:00,0,Saturday,2004-09,1.4,936.0,6.7,186.0,96.0,776.0,22.1,43.5,1.1443
2004-09-18 01:00:00,1,Saturday,2004-09,0.9,847.0,3.7,112.0,70.0,594.0,21.5,45.6,1.1528
2004-09-18 02:00:00,2,Saturday,2004-09,0.7,812.0,3.2,79.0,57.0,518.0,21.1,44.5,1.098
2004-09-18 03:00:00,3,Saturday,2004-09,0.6,804.0,2.4,,,496.0,20.4,47.1,1.1178
2004-09-18 04:00:00,4,Saturday,2004-09,,793.0,2.7,62.0,45.0,514.0,20.6,45.9,1.0993
2004-09-18 05:00:00,5,Saturday,2004-09,0.5,775.0,2.3,58.0,42.0,468.0,20.2,46.7,1.0899
2004-09-18 06:00:00,6,Saturday,2004-09,0.8,835.0,3.6,122.0,71.0,621.0,20.1,47.8,1.1144
2004-09-18 07:00:00,7,Saturday,2004-09,1.2,913.0,6.4,173.0,82.0,757.0,20.0,50.7,1.1724
2004-09-18 08:00:00,8,Saturday,2004-09,1.1,903.0,5.0,176.0,81.0,712.0,20.7,49.7,1.197
2004-09-18 09:00:00,9,Saturday,2004-09,1.6,982.0,7.9,233.0,89.0,859.0,24.3,39.5,1.1842
2004-09-18 10:00:00,10,Saturday,2004-09,1.4,925.0,6.6,210.0,83.0,728.0,25.4,34.8,1.1119
2004-09-18 11:00:00,11,Saturday,2004-09,1.2,895.0,5.2,178.0,82.0,640.0,26.6,30.7,1.0501
2004-09-18 12:00:00,12,Saturday,2004-09,1.4,930.0,6.6,189.0,78.0,680.0,27.7,28.1,1.0272
2004-09-18 13:00:00,13,Saturday,2004-09,1.6,953.0,7.6,210.0,79.0,704.0,27.6,28.7,1.0406
2004-09-18 14:00:00,14,Saturday,2004-09,1.1,885.0,5.0,162.0,78.0,619.0,27.6,29.2,1.0594
2004-09-18 15:00:00,15,Saturday,2004-09,1.1,903.0,5.3,137.0,73.0,583.0,28.1,28.6,1.0715
2004-09-18 16:00:00,16,Saturday,2004-09,1.3,927.0,5.3,165.0,73.0,594.0,29.1,26.8,1.0648
2004-09-18 17:00:00,17,Saturday,2004-09,1.5,979.0,6.5,204.0,100.0,700.0,28.4,28.3,1.0798
2004-09-18 18:00:00,18,Saturday,2004-09,2.0,1050.0,9.2,266.0,122.0,912.0,26.6,32.1,1.102
2004-09-18 19:00:00,19,Saturday,2004-09,2.4,1091.0,11.6,299.0,132.0,1038.0,25.3,35.3,1.1262
2004-09-18 20:00:00,20,Saturday,2004-09,2.0,1040.0,9.2,234.0,116.0,952.0,24.7,37.1,1.1397
2004-09-18 21:00:00,21,Saturday,2004-09,1.5,997.0,7.5,181.0,109.0,887.0,23.5,40.6,1.1588
2004-09-18 22:00:00,22,Saturday,2004-09,1.7,1042.0,9.0,210.0,109.0,1004.0,22.8,43.4,1.1915
2004-09-18 23:00:00,23,Saturday,2004-09,2.5,1191.0,12.1,304.0,116.0,1221.0,22.2,47.9,1.2626
2004-09-19 00:00:00,0,Sunday,2004-09,2.2,1149.0,10.5,255.0,104.0,1177.0,21.3,50.5,1.2652
2004-09-19 01:00:00,1,Sunday,2004-09,1.4,973.0,7.1,149.0,81.0,957.0,20.6,53.2,1.2742
2004-09-19 02:00:00,2,Sunday,2004-09,1.2,940.0,6.2,112.0,64.0,853.0,19.6,56.6,1.2797
2004-09-19 03:00:00,3,Sunday,2004-09,1.2,949.0,7.8,,,884.0,18.8,59.8,1.2847
2004-09-19 04:00:00,4,Sunday,2004-09,0.9,830.0,3.8,90.0,54.0,736.0,18.8,59.5,1.2758
2004-09-19 05:00:00,5,Sunday,2004-09,0.5,773.0,2.3,46.0,35.0,590.0,19.3,57.0,1.2603
2004-09-19 06:00:00,6,Sunday,2004-09,0.6,811.0,2.9,76.0,44.0,655.0,18.2,60.8,1.2567
2004-09-19 07:00:00,7,Sunday,2004-09,1.0,901.0,4.8,139.0,62.0,854.0,16.8,66.8,1.2721
2004-09-19 08:00:00,8,Sunday,2004-09,1.3,969.0,7.7,179.0,68.0,953.0,18.6,60.0,1.2757
2004-09-19 09:00:00,9,Sunday,2004-09,1.7,1027.0,8.8,224.0,85.0,1050.0,22.2,48.0,1.2678
2004-09-19 10:00:00,10,Sunday,2004-09,2.2,1094.0,10.6,272.0,110.0,1114.0,26.5,35.7,1.2149
2004-09-19 11:00:00,11,Sunday,2004-09,2.1,1083.0,10.2,251.0,115.0,1049.0,30.0,28.5,1.1883
2004-09-19 12:00:00,12,Sunday,2004-09,2.2,1098.0,11.0,250.0,129.0,996.0,32.2,24.7,1.1696
2004-09-19 13:00:00,13,Sunday,2004-09,2.0,1059.0,11.9,178.0,106.0,841.0,29.6,28.6,1.1628
2004-09-19 14:00:00,14,Sunday,2004-09,2.0,1021.0,10.8,137.0,87.0,769.0,29.8,28.5,1.1809
2004-09-19 15:00:00,15,Sunday,2004-09,1.2,925.0,5.1,119.0,70.0,541.0,31.1,26.1,1.163
2004-09-19 16:00:00,16,Sunday,2004-09,1.8,1045.0,8.3,193.0,106.0,742.0,34.6,22.4,1.212
2004-09-19 17:00:00,17,Sunday,2004-09,4.3,1303.0,20.7,329.0,151.0,1196.0,33.2,25.4,1.2722
2004-09-19 18:00:00,18,Sunday,2004-09,3.8,1254.0,16.8,413.0,179.0,1338.0,30.0,31.4,1.3074
2004-09-19 19:00:00,19,Sunday,2004-09,4.4,1345.0,20.4,489.0,188.0,1416.0,27.5,38.1,1.3756
2004-09-19 20:00:00,20,Sunday,2004-09,3.8,1273.0,15.3,470.0,187.0,1341.0,26.2,42.5,1.423
2004-09-19 21:00:00,21,Sunday,2004-09,1.9,1096.0,8.8,228.0,121.0,1019.0,24.7,46.4,1.4206
2004-09-19 22:00:00,22,Sunday,2004-09,1.7,1077.0,8.5,169.0,99.0,935.0,23.6,50.0,1.4383
2004-09-19 23:00:00,23,Sunday,2004-09,1.8,1084.0,8.7,189.0,100.0,1081.0,22.7,53.6,1.4632
2004-09-20 00:00:00,0,Monday,2004-09,1.1,980.0,5.7,100.0,79.0,903.0,22.7,53.8,1.4666
2004-09-20 01:00:00,1,Monday,2004-09,0.8,882.0,4.0,71.0,57.0,731.0,22.8,53.0,1.4577
2004-09-20 02:00:00,2,Monday,2004-09,0.7,851.0,3.0,52.0,43.0,625.0,21.4,57.6,1.4469
2004-09-20 03:00:00,3,Monday,2004-09,0.6,819.0,2.2,,,613.0,19.9,62.3,1.4363
2004-09-20 04:00:00,4,Monday,2004-09,0.5,804.0,2.2,57.0,50.0,646.0,19.5,63.5,1.4269
2004-09-20 05:00:00,5,Monday,2004-09,0.5,823.0,2.7,69.0,47.0,671.0,20.2,60.8,1.4243
2004-09-20 06:00:00,6,Monday,2004-09,0.9,903.0,4.7,126.0,60.0,801.0,19.4,63.5,1.4139
2004-09-20 07:00:00,7,Monday,2004-09,3.5,1310.0,21.7,376.0,91.0,1353.0,18.7,65.6,1.4039
2004-09-20 08:00:00,8,Monday,2004-09,,1436.0,32.2,,,1682.0,20.1,60.6,1.4062
2004-09-20 09:00:00,9,Monday,2004-09,5.7,1479.0,27.5,737.0,159.0,1749.0,23.5,49.7,1.4156
2004-09-20 10:00:00,10,Monday,2004-09,3.5,1285.0,18.1,481.0,173.0,1582.0,26.4,41.9,1.4237
2004-09-20 11:00:00,11,Monday,2004-09,3.7,1262.0,18.6,425.0,174.0,1484.0,29.9,34.0,1.4096
2004-09-20 12:00:00,12,Monday,2004-09,3.1,1225.0,17.6,330.0,165.0,1321.0,31.5,30.8,1.4017
2004-09-20 13:00:00,13,Monday,2004-09,3.0,1162.0,16.3,303.0,136.0,1125.0,30.2,30.2,1.2744
2004-09-20 14:00:00,14,Monday,2004-09,2.6,1103.0,11.8,283.0,125.0,967.0,30.5,29.3,1.2612
2004-09-20 15:00:00,15,Monday,2004-09,2.4,1120.0,11.9,264.0,122.0,975.0,31.8,27.4,1.2673
2004-09-20 16:00:00,16,Monday,2004-09,2.6,1169.0,15.5,280.0,124.0,1025.0,34.3,23.2,1.2326
2004-09-20 17:00:00,17,Monday,2004-09,5.0,1386.0,28.8,505.0,184.0,1469.0,34.1,23.0,1.2081
2004-09-20 18:00:00,18,Monday,2004-09,5.6,1426.0,31.1,566.0,200.0,1648.0,30.5,29.2,1.2585
2004-09-20 19:00:00,19,Monday,2004-09,6.5,1476.0,34.9,681.0,225.0,1785.0,28.1,32.4,1.2173
2004-09-20 20:00:00,20,Monday,2004-09,4.1,1167.0,19.5,448.0,168.0,1371.0,26.5,31.7,1.0787
2004-09-20 21:00:00,21,Monday,2004-09,2.1,1032.0,11.7,231.0,118.0,1071.0,24.8,33.7,1.0377
2004-09-20 22:00:00,22,Monday,2004-09,2.0,1034.0,9.9,230.0,115.0,1118.0,23.9,38.1,1.1123
2004-09-20 23:00:00,23,Monday,2004-09,1.4,986.0,7.7,146.0,94.0,931.0,23.0,43.0,1.1897
2004-09-21 00:00:00,0,Tuesday,2004-09,0.8,908.0,4.4,77.0,62.0,722.0,23.5,44.7,1.2755
2004-09-21 01:00:00,1,Tuesday,2004-09,0.8,891.0,4.1,82.0,68.0,773.0,22.3,47.7,1.2643
2004-09-21 02:00:00,2,Tuesday,2004-09,0.6,843.0,3.1,55.0,50.0,665.0,22.1,49.8,1.3094
2004-09-21 03:00:00,3,Tuesday,2004-09,0.5,822.0,2.4,,,594.0,21.8,51.4,1.3272
2004-09-21 04:00:00,4,Tuesday,2004-09,0.4,814.0,2.1,42.0,36.0,565.0,20.8,55.9,1.3581
2004-09-21 05:00:00,5,Tuesday,2004-09,0.6,869.0,3.3,102.0,53.0,688.0,18.8,63.0,1.3582
2004-09-21 06:00:00,6,Tuesday,2004-09,1.4,1013.0,8.1,231.0,79.0,974.0,18.3,65.5,1.3686
2004-09-21 07:00:00,7,Tuesday,2004-09,5.6,1515.0,31.4,699.0,133.0,1591.0,18.2,66.1,1.3679
2004-09-21 08:00:00,8,Tuesday,2004-09,7.3,1587.0,41.2,738.0,148.0,1820.0,19.6,60.7,1.3713
2004-09-21 09:00:00,9,Tuesday,2004-09,5.3,1490.0,27.3,665.0,161.0,1807.0,22.6,51.4,1.392
2004-09-21 10:00:00,10,Tuesday,2004-09,4.4,1435.0,24.2,598.0,191.0,1704.0,25.8,44.2,1.4512
2004-09-21 11:00:00,11,Tuesday,2004-09,3.1,1246.0,17.0,340.0,158.0,1270.0,28.5,39.0,1.4928
2004-09-21 12:00:00,12,Tuesday,2004-09,3.3,1266.0,17.7,374.0,157.0,1265.0,30.1,35.1,1.4782
2004-09-21 13:00:00,13,Tuesday,2004-09,3.8,1277.0,19.3,401.0,188.0,1226.0,29.4,36.4,1.4718
2004-09-21 14:00:00,14,Tuesday,2004-09,2.3,1142.0,12.7,275.0,143.0,987.0,29.2,37.9,1.5116
2004-09-21 15:00:00,15,Tuesday,2004-09,2.6,1207.0,14.6,278.0,152.0,1024.0,30.5,34.9,1.5015
2004-09-21 16:00:00,16,Tuesday,2004-09,3.2,1252.0,17.8,342.0,168.0,1127.0,31.5,31.4,1.431
2004-09-21 17:00:00,17,Tuesday,2004-09,5.0,1399.0,26.6,479.0,205.0,1442.0,31.2,31.4,1.3987
2004-09-21 18:00:00,18,Tuesday,2004-09,5.6,1464.0,30.3,553.0,204.0,1639.0,28.5,37.2,1.4282
2004-09-21 19:00:00,19,Tuesday,2004-09,5.4,1422.0,28.7,531.0,210.0,1624.0,26.7,42.3,1.4618
2004-09-21 20:00:00,20,Tuesday,2004-09,4.4,1308.0,20.0,428.0,173.0,1454.0,24.8,49.0,1.5092
2004-09-21 21:00:00,21,Tuesday,2004-09,2.4,1137.0,11.9,229.0,123.0,1138.0,23.6,53.6,1.5374
2004-09-21 22:00:00,22,Tuesday,2004-09,1.5,1040.0,8.1,145.0,92.0,951.0,23.0,55.8,1.548
2004-09-21 23:00:00,23,Tuesday,2004-09,1.3,1018.0,7.7,112.0,77.0,864.0,22.1,58.4,1.5393
2004-09-22 00:00:00,0,Wednesday,2004-09,1.1,962.0,5.9,99.0,74.0,868.0,22.6,56.3,1.5233
2004-09-22 01:00:00,1,Wednesday,2004-09,1.0,930.0,5.1,98.0,74.0,825.0,21.0,61.3,1.5031
2004-09-22 02:00:00,2,Wednesday,2004-09,0.6,812.0,2.4,54.0,47.0,626.0,23.0,54.0,1.501
2004-09-22 03:00:00,3,Wednesday,2004-09,0.5,826.0,2.4,,,605.0,19.8,65.3,1.4894
2004-09-22 04:00:00,4,Wednesday,2004-09,0.6,878.0,3.8,59.0,44.0,822.0,18.3,70.8,1.4794
2004-09-22 05:00:00,5,Wednesday,2004-09,0.8,922.0,5.0,162.0,69.0,905.0,18.1,72.5,1.4876
2004-09-22 06:00:00,6,Wednesday,2004-09,1.5,1047.0,9.7,268.0,79.0,1075.0,18.3,71.0,1.4807
2004-09-22 07:00:00,7,Wednesday,2004-09,4.1,1376.0,25.9,531.0,108.0,1541.0,18.5,68.9,1.4565
2004-09-22 08:00:00,8,Wednesday,2004-09,5.5,1514.0,34.3,517.0,119.0,1749.0,20.1,62.7,1.461
2004-09-22 09:00:00,9,Wednesday,2004-09,5.5,1494.0,29.0,701.0,165.0,1798.0,23.5,52.0,1.4833
2004-09-22 10:00:00,10,Wednesday,2004-09,3.7,1316.0,20.0,510.0,172.0,1584.0,26.8,42.7,1.4864
2004-09-22 11:00:00,11,Wednesday,2004-09,3.3,1269.0,18.3,415.0,180.0,1441.0,29.1,36.7,1.4543
2004-09-22 12:00:00,12,Wednesday,2004-09,2.5,1152.0,13.4,243.0,130.0,1093.0,30.8,32.0,1.4014
2004-09-22 13:00:00,13,Wednesday,2004-09,2.6,1138.0,14.0,267.0,120.0,1019.0,27.9,37.0,1.372
2004-09-22 14:00:00,14,Wednesday,2004-09,2.2,1132.0,12.1,233.0,117.0,944.0,28.5,37.3,1.4291
2004-09-22 15:00:00,15,Wednesday,2004-09,2.6,1186.0,15.3,295.0,141.0,1046.0,30.2,32.9,1.3865
2004-09-22 16:00:00,16,Wednesday,2004-09,2.9,1228.0,16.1,309.0,151.0,1089.0,32.9,27.7,1.3622
2004-09-22 17:00:00,17,Wednesday,2004-09,5.0,1424.0,27.3,506.0,218.0,1537.0,32.2,28.8,1.3624
2004-09-22 18:00:00,18,Wednesday,2004-09,5.1,1427.0,26.2,479.0,213.0,1566.0,28.8,39.0,1.5203
2004-09-22 19:00:00,19,Wednesday,2004-09,5.2,1387.0,26.7,460.0,194.0,1510.0,26.7,43.3,1.4881
2004-09-22 20:00:00,20,Wednesday,2004-09,3.8,1284.0,18.3,363.0,167.0,1300.0,24.6,54.0,1.6461
2004-09-22 21:00:00,21,Wednesday,2004-09,2.2,1110.0,11.9,213.0,115.0,1058.0,23.4,59.9,1.6992
2004-09-22 22:00:00,22,Wednesday,2004-09,2.1,1110.0,11.5,183.0,98.0,1002.0,22.5,62.6,1.6883
2004-09-22 23:00:00,23,Wednesday,2004-09,1.8,1077.0,9.6,163.0,93.0,923.0,22.9,62.0,1.7127
2004-09-23 00:00:00,0,Thursday,2004-09,1.6,1037.0,8.0,152.0,87.0,836.0,22.2,64.9,1.719
2004-09-23 01:00:00,1,Thursday,2004-09,1.4,1002.0,6.9,104.0,71.0,779.0,21.4,68.5,1.7261
2004-09-23 02:00:00,2,Thursday,2004-09,0.8,865.0,3.7,61.0,49.0,678.0,22.2,63.0,1.6673
2004-09-23 03:00:00,3,Thursday,2004-09,0.5,824.0,2.4,,,601.0,22.4,59.9,1.6069
2004-09-23 04:00:00,4,Thursday,2004-09,,824.0,2.2,54.0,44.0,593.0,21.1,63.8,1.5817
2004-09-23 05:00:00,5,Thursday,2004-09,0.5,847.0,2.5,84.0,58.0,670.0,22.9,57.5,1.5879
2004-09-23 06:00:00,6,Thursday,2004-09,0.9,961.0,6.3,132.0,66.0,837.0,21.3,63.2,1.5794
2004-09-23 07:00:00,7,Thursday,2004-09,3.2,1336.0,21.6,422.0,112.0,1400.0,21.3,63.5,1.5941
2004-09-23 08:00:00,8,Thursday,2004-09,2.8,1251.0,18.8,282.0,104.0,1393.0,23.7,54.4,1.5765
2004-09-23 09:00:00,9,Thursday,2004-09,2.7,1290.0,18.1,293.0,103.0,1415.0,25.0,50.8,1.5903
2004-09-23 10:00:00,10,Thursday,2004-09,2.4,1215.0,14.8,334.0,118.0,1285.0,26.3,48.1,1.6199
2004-09-23 11:00:00,11,Thursday,2004-09,2.7,1248.0,15.9,324.0,129.0,1230.0,26.4,47.3,1.6006
2004-09-23 12:00:00,12,Thursday,2004-09,2.8,1233.0,16.1,294.0,127.0,1147.0,29.3,39.5,1.5855
2004-09-23 13:00:00,13,Thursday,2004-09,2.9,1229.0,17.2,273.0,130.0,1107.0,29.0,39.6,1.5581
2004-09-23 14:00:00,14,Thursday,2004-09,2.6,1206.0,15.8,275.0,130.0,1068.0,29.8,38.0,1.5642
2004-09-23 15:00:00,15,Thursday,2004-09,2.6,1215.0,15.1,282.0,118.0,1115.0,30.4,37.2,1.588
2004-09-23 16:00:00,16,Thursday,2004-09,3.2,1330.0,18.9,323.0,146.0,1362.0,31.5,34.9,1.5903
2004-09-23 17:00:00,17,Thursday,2004-09,4.6,1446.0,25.2,442.0,190.0,1619.0,31.6,34.8,1.5925
2004-09-23 18:00:00,18,Thursday,2004-09,4.9,1446.0,26.1,431.0,189.0,1572.0,29.0,40.5,1.5949
2004-09-23 19:00:00,19,Thursday,2004-09,4.7,1421.0,25.6,402.0,173.0,1446.0,27.2,45.9,1.6302
2004-09-23 20:00:00,20,Thursday,2004-09,3.3,1247.0,16.9,313.0,148.0,1233.0,26.2,48.7,1.6256
2004-09-23 21:00:00,21,Thursday,2004-09,2.3,1168.0,12.6,228.0,116.0,1102.0,25.1,50.5,1.584
2004-09-23 22:00:00,22,Thursday,2004-09,2.1,1111.0,10.3,218.0,109.0,1028.0,24.1,50.7,1.4959
2004-09-23 23:00:00,23,Thursday,2004-09,1.7,1071.0,8.9,179.0,94.0,942.0,22.5,53.7,1.4486
2004-09-24 00:00:00,0,Friday,2004-09,1.0,969.0,6.5,97.0,64.0,773.0,22.7,53.7,1.458
2004-09-24 01:00:00,1,Friday,2004-09,0.9,942.0,5.3,83.0,59.0,737.0,21.5,57.9,1.4658
2004-09-24 02:00:00,2,Friday,2004-09,0.7,923.0,4.6,80.0,64.0,815.0,22.3,55.8,1.4828
2004-09-24 03:00:00,3,Friday,2004-09,0.4,813.0,2.0,,,627.0,22.7,53.8,1.4673
2004-09-24 04:00:00,4,Friday,2004-09,0.4,851.0,2.5,66.0,52.0,642.0,21.1,59.9,1.4789
2004-09-24 05:00:00,5,Friday,2004-09,0.5,868.0,2.8,109.0,55.0,610.0,20.4,63.0,1.4946
2004-09-24 06:00:00,6,Friday,2004-09,1.3,1062.0,8.4,232.0,83.0,929.0,20.8,62.2,1.5119
2004-09-24 07:00:00,7,Friday,2004-09,3.5,1418.0,21.1,535.0,114.0,1427.0,21.3,61.6,1.5452
2004-09-24 08:00:00,8,Friday,2004-09,5.5,1600.0,34.0,684.0,137.0,1776.0,21.9,60.2,1.56
2004-09-24 09:00:00,9,Friday,2004-09,5.6,1583.0,29.4,803.0,160.0,1788.0,23.0,56.4,1.5614
2004-09-24 10:00:00,10,Friday,2004-09,3.4,1338.0,20.3,539.0,138.0,1521.0,25.1,49.5,1.5572
2004-09-24 11:00:00,11,Friday,2004-09,3.2,1285.0,18.4,364.0,134.0,1293.0,26.6,44.3,1.5229
2004-09-24 12:00:00,12,Friday,2004-09,3.7,1376.0,22.3,422.0,143.0,1435.0,26.2,46.0,1.5422
2004-09-24 13:00:00,13,Friday,2004-09,4.6,1467.0,26.9,483.0,153.0,1592.0,25.4,48.7,1.5594
2004-09-24 14:00:00,14,Friday,2004-09,4.2,1442.0,24.0,496.0,145.0,1551.0,25.6,48.3,1.558
2004-09-24 15:00:00,15,Friday,2004-09,3.3,1358.0,19.3,403.0,123.0,1429.0,25.7,47.8,1.5548
2004-09-24 16:00:00,16,Friday,2004-09,2.7,1222.0,14.5,282.0,96.0,1195.0,24.9,49.2,1.5251
2004-09-24 17:00:00,17,Friday,2004-09,2.2,1134.0,11.1,268.0,107.0,981.0,18.3,75.4,1.5682
2004-09-24 18:00:00,18,Friday,2004-09,2.8,1120.0,10.4,306.0,119.0,962.0,16.3,73.9,1.3601
2004-09-24 19:00:00,19,Friday,2004-09,2.9,1103.0,10.5,293.0,109.0,914.0,15.6,75.7,1.3345
2004-09-24 20:00:00,20,Friday,2004-09,2.0,985.0,5.8,240.0,107.0,785.0,15.4,76.6,1.3334
2004-09-24 21:00:00,21,Friday,2004-09,0.7,795.0,2.2,93.0,57.0,482.0,14.0,75.4,1.1988
2004-09-24 22:00:00,22,Friday,2004-09,0.6,787.0,2.0,99.0,60.0,446.0,14.9,60.5,1.0213
2004-09-24 23:00:00,23,Friday,2004-09,1.2,839.0,3.8,55.0,22.0,553.0,15.5,50.9,0.888
2004-09-25 00:00:00,0,Saturday,2004-09,1.2,835.0,3.9,19.0,2.0,592.0,15.6,50.0,0.8773
2004-09-25 01:00:00,1,Saturday,2004-09,1.1,837.0,3.7,26.0,7.0,584.0,15.4,53.6,0.9326
2004-09-25 02:00:00,2,Saturday,2004-09,0.6,761.0,1.7,26.0,8.0,451.0,15.4,53.9,0.9334
2004-09-25 03:00:00,3,Saturday,2004-09,0.3,718.0,1.0,,,382.0,15.3,52.4,0.9017
2004-09-25 04:00:00,4,Saturday,2004-09,0.3,724.0,1.0,42.0,27.0,391.0,15.3,53.1,0.9181
2004-09-25 05:00:00,5,Saturday,2004-09,0.3,718.0,0.9,32.0,14.0,398.0,15.4,53.7,0.9295
2004-09-25 06:00:00,6,Saturday,2004-09,0.4,744.0,1.3,25.0,3.0,430.0,15.5,53.3,0.9308
2004-09-25 07:00:00,7,Saturday,2004-09,0.6,782.0,2.1,28.0,9.0,461.0,15.4,52.7,0.9178
2004-09-25 08:00:00,8,Saturday,2004-09,0.7,798.0,2.5,41.0,14.0,500.0,15.7,51.1,0.9056
2004-09-25 09:00:00,9,Saturday,2004-09,1.0,867.0,4.6,130.0,52.0,594.0,16.9,47.7,0.9142
2004-09-25 10:00:00,10,Saturday,2004-09,1.1,862.0,4.3,173.0,64.0,603.0,18.2,41.9,0.8674
2004-09-25 11:00:00,11,Saturday,2004-09,1.5,915.0,6.5,168.0,66.0,686.0,19.1,37.0,0.8104
2004-09-25 12:00:00,12,Saturday,2004-09,1.4,857.0,6.0,51.0,14.0,622.0,19.3,34.8,0.771
2004-09-25 13:00:00,13,Saturday,2004-09,1.4,837.0,6.0,31.0,9.0,624.0,19.8,31.2,0.7127
2004-09-25 14:00:00,14,Saturday,2004-09,1.0,805.0,4.5,41.0,12.0,565.0,19.8,31.1,0.7104
2004-09-25 15:00:00,15,Saturday,2004-09,0.9,781.0,3.9,41.0,14.0,514.0,20.2,28.6,0.6717
2004-09-25 16:00:00,16,Saturday,2004-09,1.1,815.0,4.6,54.0,21.0,536.0,22.1,24.8,0.6514
2004-09-25 17:00:00,17,Saturday,2004-09,1.3,877.0,6.7,112.0,43.0,669.0,21.1,27.7,0.6853
2004-09-25 18:00:00,18,Saturday,2004-09,1.8,926.0,8.9,178.0,62.0,786.0,20.1,30.3,0.7045
2004-09-25 19:00:00,19,Saturday,2004-09,2.4,987.0,9.8,218.0,68.0,891.0,19.5,33.0,0.7384
2004-09-25 20:00:00,20,Saturday,2004-09,2.7,1004.0,10.8,241.0,81.0,926.0,19.3,32.3,0.7163
2004-09-25 21:00:00,21,Saturday,2004-09,1.7,897.0,7.4,223.0,88.0,902.0,18.4,33.2,0.6975
2004-09-25 22:00:00,22,Saturday,2004-09,2.2,1002.0,10.3,279.0,99.0,1011.0,17.8,36.5,0.7366
2004-09-25 23:00:00,23,Saturday,2004-09,2.8,1126.0,13.8,330.0,98.0,1249.0,17.8,39.9,0.8035
2004-09-26 00:00:00,0,Sunday,2004-09,2.4,1067.0,10.9,330.0,97.0,1133.0,17.0,43.0,0.8242
2004-09-26 01:00:00,1,Sunday,2004-09,2.5,1063.0,11.7,341.0,101.0,1166.0,15.5,52.2,0.9136
2004-09-26 02:00:00,2,Sunday,2004-09,1.4,915.0,7.8,205.0,90.0,953.0,15.6,51.9,0.9135
2004-09-26 03:00:00,3,Sunday,2004-09,1.4,906.0,7.7,,,912.0,13.5,59.4,0.9176
2004-09-26 04:00:00,4,Sunday,2004-09,,844.0,5.5,130.0,61.0,831.0,13.4,59.9,0.9173
2004-09-26 05:00:00,5,Sunday,2004-09,0.9,816.0,4.5,102.0,55.0,793.0,12.5,63.2,0.9146
2004-09-26 06:00:00,6,Sunday,2004-09,0.6,768.0,3.3,79.0,46.0,700.0,13.6,57.6,0.8941
2004-09-26 07:00:00,7,Sunday,2004-09,1.0,835.0,5.4,148.0,56.0,780.0,12.2,63.2,0.8964
2004-09-26 08:00:00,8,Sunday,2004-09,1.6,944.0,8.2,261.0,83.0,931.0,14.6,56.4,0.9319
2004-09-26 09:00:00,9,Sunday,2004-09,0.9,810.0,3.0,107.0,55.0,575.0,19.8,38.6,0.8831
2004-09-26 10:00:00,10,Sunday,2004-09,0.9,819.0,3.0,103.0,47.0,507.0,21.6,33.4,0.8519
2004-09-26 11:00:00,11,Sunday,2004-09,1.0,844.0,3.5,122.0,61.0,518.0,22.0,32.2,0.8407
2004-09-26 12:00:00,12,Sunday,2004-09,1.0,846.0,3.6,127.0,58.0,518.0,22.7,30.2,0.8217
2004-09-26 13:00:00,13,Sunday,2004-09,0.9,842.0,4.0,110.0,59.0,516.0,22.3,30.4,0.8063
2004-09-26 14:00:00,14,Sunday,2004-09,0.9,840.0,4.2,98.0,54.0,507.0,22.1,30.5,0.7981
2004-09-26 15:00:00,15,Sunday,2004-09,0.9,815.0,3.1,146.0,69.0,490.0,22.1,29.5,0.7761
2004-09-26 16:00:00,16,Sunday,2004-09,0.9,838.0,3.5,119.0,54.0,465.0,23.4,27.1,0.7681
2004-09-26 17:00:00,17,Sunday,2004-09,2.7,992.0,10.3,234.0,95.0,781.0,23.1,27.0,0.7538
2004-09-26 18:00:00,18,Sunday,2004-09,2.2,990.0,7.8,261.0,99.0,765.0,21.5,31.4,0.7943
2004-09-26 19:00:00,19,Sunday,2004-09,3.3,1066.0,10.7,371.0,127.0,1006.0,20.3,35.5,0.833
2004-09-26 20:00:00,20,Sunday,2004-09,2.1,971.0,7.3,266.0,98.0,798.0,19.6,36.3,0.8193
2004-09-26 21:00:00,21,Sunday,2004-09,1.8,963.0,7.7,268.0,112.0,938.0,18.7,39.7,0.8482
2004-09-26 22:00:00,22,Sunday,2004-09,1.9,1010.0,8.6,294.0,115.0,996.0,18.0,42.7,0.8745
2004-09-26 23:00:00,23,Sunday,2004-09,2.3,1054.0,10.0,303.0,114.0,1109.0,17.1,47.6,0.9208
2004-09-27 00:00:00,0,Monday,2004-09,1.9,998.0,8.5,241.0,103.0,1042.0,16.6,51.3,0.9634
2004-09-27 01:00:00,1,Monday,2004-09,1.3,919.0,5.8,142.0,81.0,940.0,15.9,55.2,0.9881
2004-09-27 02:00:00,2,Monday,2004-09,1.0,884.0,5.0,110.0,75.0,900.0,14.9,58.9,0.9891
2004-09-27 03:00:00,3,Monday,2004-09,0.6,803.0,2.9,,,774.0,14.1,61.0,0.9799
2004-09-27 04:00:00,4,Monday,2004-09,0.6,820.0,3.4,104.0,64.0,790.0,14.0,62.6,0.9948
2004-09-27 05:00:00,5,Monday,2004-09,0.9,894.0,5.6,179.0,71.0,908.0,14.1,61.7,0.9844
2004-09-27 06:00:00,6,Monday,2004-09,1.5,988.0,9.0,361.0,99.0,1035.0,14.4,60.3,0.9802
2004-09-27 07:00:00,7,Monday,2004-09,5.5,1372.0,26.9,799.0,132.0,1556.0,15.0,57.7,0.9778
2004-09-27 08:00:00,8,Monday,2004-09,4.0,1209.0,18.8,614.0,135.0,1392.0,16.9,50.3,0.958
2004-09-27 09:00:00,9,Monday,2004-09,1.8,951.0,8.2,275.0,94.0,904.0,19.7,40.2,0.9108
2004-09-27 10:00:00,10,Monday,2004-09,1.9,992.0,9.1,325.0,103.0,936.0,22.2,33.6,0.8886
2004-09-27 11:00:00,11,Monday,2004-09,1.7,964.0,9.2,327.0,123.0,907.0,23.7,29.6,0.8537
2004-09-27 12:00:00,12,Monday,2004-09,1.6,917.0,8.3,252.0,95.0,744.0,21.9,30.7,0.7961
2004-09-27 13:00:00,13,Monday,2004-09,1.9,937.0,9.1,226.0,90.0,773.0,22.3,29.5,0.7838
2004-09-27 14:00:00,14,Monday,2004-09,1.6,961.0,9.2,230.0,99.0,812.0,23.8,27.0,0.7845
2004-09-27 15:00:00,15,Monday,2004-09,1.8,969.0,9.6,244.0,107.0,856.0,23.3,28.3,0.8012
2004-09-27 16:00:00,16,Monday,2004-09,2.0,1020.0,11.8,251.0,112.0,927.0,24.2,27.2,0.8128
2004-09-27 17:00:00,17,Monday,2004-09,3.1,1107.0,17.3,346.0,132.0,1131.0,25.1,25.8,0.8065
2004-09-27 18:00:00,18,Monday,2004-09,3.9,1119.0,17.8,407.0,148.0,1270.0,22.3,29.2,0.7773
2004-09-27 19:00:00,19,Monday,2004-09,4.3,1173.0,20.9,490.0,158.0,1365.0,20.8,32.5,0.7873
2004-09-27 20:00:00,20,Monday,2004-09,3.5,1097.0,14.9,434.0,145.0,1274.0,19.1,36.8,0.8066
2004-09-27 21:00:00,21,Monday,2004-09,2.4,1018.0,11.3,345.0,128.0,1169.0,18.1,39.9,0.8232
2004-09-27 22:00:00,22,Monday,2004-09,1.5,932.0,8.4,192.0,105.0,1000.0,17.4,42.8,0.8463
2004-09-27 23:00:00,23,Monday,2004-09,1.3,897.0,6.8,157.0,90.0,910.0,16.7,46.6,0.8793
2004-09-28 00:00:00,0,Tuesday,2004-09,1.0,840.0,4.9,148.0,85.0,829.0,17.1,46.8,0.9054
2004-09-28 01:00:00,1,Tuesday,2004-09,0.8,802.0,3.5,105.0,73.0,756.0,15.3,51.9,0.8982
2004-09-28 02:00:00,2,Tuesday,2004-09,0.5,765.0,2.8,141.0,74.0,742.0,15.0,52.8,0.8929
2004-09-28 03:00:00,3,Tuesday,2004-09,0.4,741.0,2.1,,,686.0,14.4,54.5,0.8887
2004-09-28 04:00:00,4,Tuesday,2004-09,0.5,748.0,2.2,107.0,61.0,677.0,12.8,59.8,0.8801
2004-09-28 05:00:00,5,Tuesday,2004-09,0.7,791.0,3.9,166.0,69.0,748.0,11.9,62.7,0.8726
2004-09-28 06:00:00,6,Tuesday,2004-09,1.2,875.0,7.3,241.0,82.0,890.0,12.1,62.6,0.8825
2004-09-28 07:00:00,7,Tuesday,2004-09,2.4,1085.0,15.5,368.0,120.0,1155.0,13.5,58.2,0.8944
2004-09-28 08:00:00,8,Tuesday,2004-09,4.3,1268.0,27.1,498.0,135.0,1533.0,14.4,55.7,0.9087
2004-09-28 09:00:00,9,Tuesday,2004-09,4.1,1236.0,21.3,641.0,152.0,1550.0,17.8,45.7,0.9224
2004-09-28 10:00:00,10,Tuesday,2004-09,3.7,1274.0,19.9,667.0,177.0,2236.0,21.0,37.2,0.9155
2004-09-28 11:00:00,11,Tuesday,2004-09,3.4,1250.0,19.4,550.0,181.0,2178.0,24.5,29.8,0.9008
2004-09-28 12:00:00,12,Tuesday,2004-09,3.8,1224.0,21.8,483.0,176.0,1901.0,26.4,26.4,0.8969
2004-09-28 13:00:00,13,Tuesday,2004-09,4.1,1220.0,21.7,524.0,163.0,1743.0,25.2,26.8,0.8451
2004-09-28 14:00:00,14,Tuesday,2004-09,3.4,1166.0,18.9,481.0,174.0,1502.0,26.1,24.8,0.8283
2004-09-28 15:00:00,15,Tuesday,2004-09,2.3,1050.0,13.0,305.0,117.0,1153.0,26.2,24.4,0.8174
2004-09-28 16:00:00,16,Tuesday,2004-09,3.2,1174.0,18.8,396.0,145.0,1287.0,28.9,21.3,0.8382
2004-09-28 17:00:00,17,Tuesday,2004-09,4.8,1323.0,26.8,501.0,173.0,1547.0,28.0,23.3,0.8681
2004-09-28 18:00:00,18,Tuesday,2004-09,6.7,1432.0,36.9,702.0,204.0,1842.0,24.7,27.9,0.8559
2004-09-28 19:00:00,19,Tuesday,2004-09,7.5,1479.0,39.3,755.0,209.0,1908.0,23.0,33.6,0.9302
2004-09-28 20:00:00,20,Tuesday,2004-09,4.5,1309.0,23.1,524.0,175.0,1693.0,20.9,45.8,1.1159
2004-09-28 21:00:00,21,Tuesday,2004-09,2.1,1089.0,11.6,247.0,129.0,1336.0,19.8,48.6,1.113
2004-09-28 22:00:00,22,Tuesday,2004-09,1.5,1009.0,8.3,196.0,111.0,1177.0,19.8,47.7,1.0885
2004-09-28 23:00:00,23,Tuesday,2004-09,1.1,930.0,5.7,135.0,85.0,977.0,18.6,49.1,1.0435
2004-09-29 00:00:00,0,Wednesday,2004-09,1.1,929.0,5.9,146.0,86.0,974.0,17.2,53.9,1.0498
2004-09-29 01:00:00,1,Wednesday,2004-09,0.9,872.0,4.1,106.0,71.0,872.0,16.3,56.8,1.047
2004-09-29 02:00:00,2,Wednesday,2004-09,0.5,790.0,2.2,70.0,60.0,734.0,17.4,53.4,1.0541
2004-09-29 03:00:00,3,Wednesday,2004-09,0.4,793.0,2.0,,,668.0,15.5,58.8,1.0309
2004-09-29 04:00:00,4,Wednesday,2004-09,,789.0,2.2,62.0,48.0,698.0,14.6,62.1,1.0236
2004-09-29 05:00:00,5,Wednesday,2004-09,0.4,769.0,2.0,60.0,45.0,650.0,17.1,52.5,1.013
2004-09-29 06:00:00,6,Wednesday,2004-09,0.7,852.0,4.0,92.0,53.0,749.0,15.2,58.3,0.9986
2004-09-29 07:00:00,7,Wednesday,2004-09,2.0,1100.0,13.4,277.0,94.0,1106.0,14.9,59.2,0.9985
2004-09-29 08:00:00,8,Wednesday,2004-09,4.2,1326.0,28.0,600.0,122.0,1609.0,15.1,59.0,1.0086
2004-09-29 09:00:00,9,Wednesday,2004-09,5.2,1433.0,28.6,693.0,170.0,1770.0,19.0,47.8,1.0434
2004-09-29 10:00:00,10,Wednesday,2004-09,3.8,1310.0,21.4,617.0,174.0,1633.0,22.4,38.8,1.04
2004-09-29 11:00:00,11,Wednesday,2004-09,3.7,1304.0,19.1,569.0,191.0,1583.0,25.4,33.3,1.0679
2004-09-29 12:00:00,12,Wednesday,2004-09,3.4,1286.0,19.6,409.0,179.0,1449.0,27.2,30.4,1.081
2004-09-29 13:00:00,13,Wednesday,2004-09,3.1,1217.0,15.8,335.0,148.0,1451.0,25.5,34.8,1.1152
2004-09-29 14:00:00,14,Wednesday,2004-09,2.4,1104.0,13.5,290.0,129.0,1147.0,26.4,28.5,0.9658
2004-09-29 15:00:00,15,Wednesday,2004-09,2.8,1143.0,15.9,312.0,148.0,1108.0,27.7,25.1,0.9158
2004-09-29 16:00:00,16,Wednesday,2004-09,3.6,1205.0,19.9,440.0,184.0,1267.0,28.6,23.2,0.8917
2004-09-29 17:00:00,17,Wednesday,2004-09,4.0,1276.0,21.6,450.0,188.0,1303.0,27.2,26.3,0.9317
2004-09-29 18:00:00,18,Wednesday,2004-09,5.6,1440.0,31.0,578.0,204.0,1643.0,25.3,33.0,1.0473
2004-09-29 19:00:00,19,Wednesday,2004-09,6.3,1467.0,34.1,615.0,201.0,1749.0,23.2,36.9,1.0346
2004-09-29 20:00:00,20,Wednesday,2004-09,4.7,1339.0,22.8,536.0,165.0,1585.0,21.6,43.3,1.1019
2004-09-29 21:00:00,21,Wednesday,2004-09,1.9,1108.0,12.3,238.0,133.0,1315.0,21.1,44.8,1.1088
2004-09-29 22:00:00,22,Wednesday,2004-09,1.9,1116.0,10.9,249.0,125.0,1290.0,19.7,49.3,1.1148
2004-09-29 23:00:00,23,Wednesday,2004-09,1.2,981.0,7.1,150.0,101.0,1059.0,20.3,47.8,1.1281
2004-09-30 00:00:00,0,Thursday,2004-09,0.9,947.0,5.7,108.0,79.0,943.0,19.4,50.3,1.1201
2004-09-30 01:00:00,1,Thursday,2004-09,,939.0,5.3,,,913.0,18.3,53.1,1.1056
2004-09-30 02:00:00,2,Thursday,2004-09,,862.0,2.9,,,720.0,17.5,56.1,1.1103
2004-09-30 03:00:00,3,Thursday,2004-09,,827.0,1.9,,,640.0,19.2,50.3,1.1087
2004-09-30 04:00:00,4,Thursday,2004-09,,879.0,2.4,,,779.0,16.6,59.6,1.117
2004-09-30 05:00:00,5,Thursday,2004-09,,911.0,4.0,,,850.0,17.5,57.1,1.1311
2004-09-30 06:00:00,6,Thursday,2004-09,,1051.0,8.1,,,1020.0,17.6,57.6,1.1471
2004-09-30 07:00:00,7,Thursday,2004-09,,1496.0,24.8,,,1605.0,18.0,57.0,1.1665
2004-09-30 08:00:00,8,Thursday,2004-09,,1610.0,36.3,,,1866.0,18.5,55.9,1.1779
2004-09-30 09:00:00,9,Thursday,2004-09,,1428.0,20.9,,,1621.0,18.6,57.2,1.2146
2004-09-30 10:00:00,10,Thursday,2004-09,,1459.0,22.2,,,1712.0,20.2,53.0,1.2407
2004-09-30 11:00:00,11,Thursday,2004-09,,1486.0,23.5,,,1770.0,21.3,50.1,1.2539
2004-09-30 12:00:00,12,Thursday,2004-09,1.7,1158.0,10.8,,,1175.0,24.6,42.8,1.3053
2004-09-30 13:00:00,13,Thursday,2004-09,1.7,1200.0,11.2,223.0,101.0,1157.0,24.6,44.1,1.3477
2004-09-30 14:00:00,14,Thursday,2004-09,2.2,1290.0,15.1,267.0,113.0,1219.0,25.6,43.4,1.4049
2004-09-30 15:00:00,15,Thursday,2004-09,2.8,1366.0,17.4,308.0,121.0,1288.0,26.1,42.6,1.4172
2004-09-30 16:00:00,16,Thursday,2004-09,3.9,1505.0,23.4,422.0,146.0,1503.0,25.8,44.8,1.4644
2004-09-30 17:00:00,17,Thursday,2004-09,6.5,1728.0,35.9,623.0,188.0,1861.0,25.4,47.9,1.5346
2004-09-30 18:00:00,18,Thursday,2004-09,6.3,1673.0,34.0,572.0,182.0,1781.0,24.6,50.0,1.5241
2004-09-30 19:00:00,19,Thursday,2004-09,5.7,1636.0,30.1,514.0,166.0,1745.0,23.6,54.4,1.5687
2004-09-30 20:00:00,20,Thursday,2004-09,4.4,1468.0,20.0,414.0,142.0,1590.0,22.6,59.5,1.6155
2004-09-30 21:00:00,21,Thursday,2004-09,1.6,1180.0,10.5,143.0,84.0,1127.0,22.1,61.3,1.6133
2004-09-30 22:00:00,22,Thursday,2004-09,1.5,1138.0,9.0,147.0,87.0,1098.0,22.1,61.3,1.6053
2004-09-30 23:00:00,23,Thursday,2004-09,1.7,1192.0,10.7,159.0,91.0,1176.0,21.1,64.7,1.5956
2004-10-01 00:00:00,0,Friday,2004-10,1.9,1176.0,10.4,206.0,91.0,1178.0,20.3,66.4,1.5591
2004-10-01 01:00:00,1,Friday,2004-10,1.6,1137.0,9.7,140.0,74.0,1091.0,19.4,69.3,1.5418
2004-10-01 02:00:00,2,Friday,2004-10,1.3,1035.0,6.9,132.0,69.0,1002.0,19.0,70.8,1.5417
2004-10-01 03:00:00,3,Friday,2004-10,0.8,943.0,4.0,,,876.0,20.2,65.8,1.5442
2004-10-01 04:00:00,4,Friday,2004-10,0.6,904.0,3.0,81.0,54.0,824.0,19.8,67.2,1.5322
2004-10-01 05:00:00,5,Friday,2004-10,0.7,966.0,4.3,120.0,60.0,892.0,19.0,70.3,1.5308
2004-10-01 06:00:00,6,Friday,2004-10,1.6,1124.0,9.8,279.0,69.0,1092.0,18.8,71.8,1.5372
2004-10-01 07:00:00,7,Friday,2004-10,2.9,1348.0,17.2,392.0,91.0,1413.0,20.2,66.3,1.555
2004-10-01 08:00:00,8,Friday,2004-10,4.1,1499.0,27.9,433.0,97.0,1565.0,20.8,64.3,1.563
2004-10-01 09:00:00,9,Friday,2004-10,3.7,1427.0,20.5,531.0,114.0,1594.0,22.3,59.3,1.5705
2004-10-01 10:00:00,10,Friday,2004-10,3.6,1473.0,21.2,619.0,129.0,1677.0,23.2,56.6,1.5929
2004-10-01 11:00:00,11,Friday,2004-10,3.4,1440.0,19.9,522.0,137.0,1616.0,23.8,54.7,1.587
2004-10-01 12:00:00,12,Friday,2004-10,3.7,1474.0,21.1,505.0,134.0,1610.0,23.5,56.2,1.6048
2004-10-01 13:00:00,13,Friday,2004-10,4.1,1485.0,22.3,465.0,132.0,1614.0,23.9,54.4,1.5963
2004-10-01 14:00:00,14,Friday,2004-10,3.2,,,383.0,123.0,,,,
2004-10-01 15:00:00,15,Friday,2004-10,2.4,1306.0,12.9,278.0,105.0,1286.0,25.4,47.4,1.517
2004-10-01 16:00:00,16,Friday,2004-10,3.4,1464.0,18.4,372.0,136.0,1487.0,26.4,45.4,1.54
2004-10-01 17:00:00,17,Friday,2004-10,5.6,1629.0,26.5,540.0,169.0,1703.0,25.8,46.9,1.5375
2004-10-01 18:00:00,18,Friday,2004-10,,1629.0,29.4,,,1773.0,25.3,49.6,1.5805
2004-10-01 19:00:00,19,Friday,2004-10,,1707.0,33.7,,,1848.0,24.2,54.3,1.6117
2004-10-01 20:00:00,20,Friday,2004-10,,1424.0,19.9,,,1550.0,22.8,58.1,1.5951
2004-10-01 21:00:00,21,Friday,2004-10,,1297.0,13.5,,,1350.0,21.5,63.2,1.5993
2004-10-01 22:00:00,22,Friday,2004-10,,1214.0,11.2,,,1235.0,21.3,63.0,1.5798
2004-10-01 23:00:00,23,Friday,2004-10,,1160.0,9.1,,,1162.0,20.8,64.1,1.554
2004-10-02 00:00:00,0,Saturday,2004-10,,1232.0,10.9,,,1211.0,20.6,64.0,1.5346
2004-10-02 01:00:00,1,Saturday,2004-10,,1134.0,8.4,,,1097.0,20.6,63.4,1.519
2004-10-02 02:00:00,2,Saturday,2004-10,,1071.0,7.1,,,1021.0,20.4,64.4,1.522
2004-10-02 03:00:00,3,Saturday,2004-10,,968.0,4.3,,,913.0,21.3,61.0,1.529
2004-10-02 04:00:00,4,Saturday,2004-10,,994.0,4.0,,,909.0,20.5,64.0,1.5247
2004-10-02 05:00:00,5,Saturday,2004-10,,1046.0,5.8,,,983.0,20.3,65.3,1.5321
2004-10-02 06:00:00,6,Saturday,2004-10,,1066.0,6.3,,,1024.0,20.1,65.9,1.5321
2004-10-02 07:00:00,7,Saturday,2004-10,,1277.0,12.3,,,1243.0,20.2,65.6,1.5368
2004-10-02 08:00:00,8,Saturday,2004-10,,1290.0,13.3,,,1253.0,21.1,62.8,1.5481
2004-10-02 09:00:00,9,Saturday,2004-10,,1268.0,12.5,,,1240.0,22.5,57.5,1.5518
2004-10-02 10:00:00,10,Saturday,2004-10,,1243.0,10.5,,,1155.0,24.2,51.9,1.5426
2004-10-02 11:00:00,11,Saturday,2004-10,,1300.0,12.1,,,1193.0,25.2,48.9,1.5437
2004-10-02 12:00:00,12,Saturday,2004-10,,1278.0,12.1,,,1153.0,25.8,47.8,1.5662
2004-10-02 13:00:00,13,Saturday,2004-10,,1249.0,11.2,,,1034.0,25.7,49.2,1.5988
2004-10-02 14:00:00,14,Saturday,2004-10,,1145.0,7.2,,,870.0,25.8,49.6,1.6213
2004-10-02 15:00:00,15,Saturday,2004-10,,1199.0,8.7,,,890.0,25.7,48.8,1.5913
2004-10-02 16:00:00,16,Saturday,2004-10,,1236.0,9.6,,,946.0,26.5,45.9,1.5626
2004-10-02 17:00:00,17,Saturday,2004-10,,1289.0,11.6,,,1033.0,25.4,48.9,1.565
2004-10-02 18:00:00,18,Saturday,2004-10,,1299.0,12.7,,,1107.0,24.4,52.5,1.583
2004-10-02 19:00:00,19,Saturday,2004-10,,1506.0,20.7,,,1395.0,23.9,54.6,1.5936
2004-10-02 20:00:00,20,Saturday,2004-10,,1432.0,17.8,,,1342.0,22.9,57.9,1.5958
2004-10-02 21:00:00,21,Saturday,2004-10,,1193.0,11.2,,,1152.0,22.1,61.1,1.6012
2004-10-02 22:00:00,22,Saturday,2004-10,,1188.0,10.8,,,1128.0,20.8,65.6,1.5898
2004-10-02 23:00:00,23,Saturday,2004-10,,1162.0,9.4,,,1104.0,21.7,60.8,1.563
2004-10-03 00:00:00,0,Sunday,2004-10,,1106.0,8.5,,,1055.0,21.1,62.8,1.5505
2004-10-03 01:00:00,1,Sunday,2004-10,,1037.0,6.5,,,904.0,20.7,63.2,1.524
2004-10-03 02:00:00,2,Sunday,2004-10,,982.0,5.1,,,835.0,21.2,61.5,1.5241
2004-10-03 03:00:00,3,Sunday,2004-10,,944.0,4.5,,,781.0,20.3,64.6,1.518
2004-10-03 04:00:00,4,Sunday,2004-10,,929.0,3.9,,,761.0,20.2,64.4,1.5035
2004-10-03 05:00:00,5,Sunday,2004-10,,906.0,3.3,,,742.0,20.1,65.3,1.5153
2004-10-03 06:00:00,6,Sunday,2004-10,,907.0,3.2,,,779.0,19.9,66.0,1.5141
2004-10-03 07:00:00,7,Sunday,2004-10,,1013.0,5.4,,,894.0,19.8,66.4,1.5145
2004-10-03 08:00:00,8,Sunday,2004-10,,1055.0,5.6,,,927.0,20.4,64.1,1.5178
2004-10-03 09:00:00,9,Sunday,2004-10,,1138.0,7.5,,,1034.0,21.6,60.8,1.5496
2004-10-03 10:00:00,10,Sunday,2004-10,,1250.0,10.7,,,1217.0,23.5,54.5,1.5553
2004-10-03 11:00:00,11,Sunday,2004-10,,1165.0,8.4,,,1093.0,25.7,46.6,1.5105
2004-10-03 12:00:00,12,Sunday,2004-10,,1229.0,11.3,,,1073.0,26.6,43.7,1.5031
2004-10-03 13:00:00,13,Sunday,2004-10,,1168.0,8.3,,,969.0,27.4,41.8,1.5056
2004-10-03 14:00:00,14,Sunday,2004-10,,1092.0,6.0,,,777.0,27.4,42.8,1.5344
2004-10-03 15:00:00,15,Sunday,2004-10,,1109.0,6.7,,,743.0,27.1,43.3,1.5255
2004-10-03 16:00:00,16,Sunday,2004-10,,1133.0,6.2,,,777.0,26.9,44.4,1.551
2004-10-03 17:00:00,17,Sunday,2004-10,,1192.0,7.7,,,819.0,26.9,44.4,1.5538
2004-10-03 18:00:00,18,Sunday,2004-10,,1298.0,11.0,,,1056.0,24.7,51.9,1.5868
2004-10-03 19:00:00,19,Sunday,2004-10,,1524.0,20.8,,,1481.0,23.7,55.6,1.6074
2004-10-03 20:00:00,20,Sunday,2004-10,,1540.0,21.4,,,1590.0,22.7,59.6,1.6261
2004-10-03 21:00:00,21,Sunday,2004-10,,1190.0,10.4,,,1211.0,21.9,61.4,1.5946
2004-10-03 22:00:00,22,Sunday,2004-10,,1092.0,8.3,,,1052.0,22.0,59.8,1.562
2004-10-03 23:00:00,23,Sunday,2004-10,,1079.0,7.8,,,1000.0,20.5,64.9,1.5473
2004-10-04 00:00:00,0,Monday,2004-10,,995.0,5.5,,,874.0,19.8,66.9,1.5277
2004-10-04 01:00:00,1,Monday,2004-10,,960.0,5.2,,,852.0,18.4,71.6,1.4997
2004-10-04 02:00:00,2,Monday,2004-10,,890.0,3.2,,,728.0,18.9,68.6,1.4818
2004-10-04 03:00:00,3,Monday,2004-10,,860.0,2.7,,,713.0,17.8,72.3,1.4546
2004-10-04 04:00:00,4,Monday,2004-10,,860.0,3.0,,,734.0,17.1,73.9,1.4262
2004-10-04 05:00:00,5,Monday,2004-10,,883.0,4.0,,,777.0,17.7,70.3,1.4088
2004-10-04 06:00:00,6,Monday,2004-10,,929.0,5.6,,,815.0,17.1,71.8,1.3936
2004-10-04 07:00:00,7,Monday,2004-10,,1100.0,11.1,,,1002.0,18.3,67.5,1.4044
2004-10-04 08:00:00,8,Monday,2004-10,,1257.0,20.1,,,1302.0,18.5,67.0,1.4135
2004-10-04 09:00:00,9,Monday,2004-10,,1402.0,23.6,,,1542.0,19.9,61.7,1.4193
2004-10-04 10:00:00,10,Monday,2004-10,,1376.0,21.0,,,1571.0,22.9,52.6,1.4519
2004-10-04 11:00:00,11,Monday,2004-10,,1374.0,21.8,,,1614.0,24.2,49.0,1.4586
2004-10-04 12:00:00,12,Monday,2004-10,,1381.0,22.1,,,1583.0,25.8,44.7,1.459
2004-10-04 13:00:00,13,Monday,2004-10,,1282.0,18.2,,,1285.0,26.0,44.5,1.4731
2004-10-04 14:00:00,14,Monday,2004-10,,1188.0,14.2,,,1094.0,27.1,40.2,1.4217
2004-10-04 15:00:00,15,Monday,2004-10,,1227.0,14.9,,,1113.0,27.4,39.8,1.4318
2004-10-04 16:00:00,16,Monday,2004-10,,1364.0,21.1,,,1395.0,28.9,36.3,1.4291
2004-10-04 17:00:00,17,Monday,2004-10,,1531.0,30.3,,,1620.0,28.4,37.5,1.4251
2004-10-04 18:00:00,18,Monday,2004-10,,1694.0,41.6,,,1882.0,26.0,43.9,1.4562
2004-10-04 19:00:00,19,Monday,2004-10,,1723.0,44.7,,,2006.0,24.3,49.6,1.486
2004-10-04 20:00:00,20,Monday,2004-10,,1356.0,21.3,,,1643.0,23.3,53.0,1.4939
2004-10-04 21:00:00,21,Monday,2004-10,,1084.0,10.0,,,1239.0,22.6,55.1,1.4899
2004-10-04 22:00:00,22,Monday,2004-10,,1039.0,8.9,,,1121.0,21.2,59.3,1.4787
2004-10-04 23:00:00,23,Monday,2004-10,,1011.0,7.4,,,1012.0,20.6,60.9,1.4642
2004-10-05 00:00:00,0,Tuesday,2004-10,,968.0,6.4,,,961.0,20.0,63.1,1.4592
2004-10-05 01:00:00,1,Tuesday,2004-10,,867.0,3.7,,,825.0,19.7,63.4,1.4383
2004-10-05 02:00:00,2,Tuesday,2004-10,,820.0,2.5,,,703.0,20.8,58.8,1.4305
2004-10-05 03:00:00,3,Tuesday,2004-10,,826.0,2.7,,,752.0,17.8,69.8,1.4058
2004-10-05 04:00:00,4,Tuesday,2004-10,,835.0,2.5,,,741.0,18.8,65.3,1.4023
2004-10-05 05:00:00,5,Tuesday,2004-10,,887.0,4.1,,,786.0,17.6,69.5,1.3889
2004-10-05 06:00:00,6,Tuesday,2004-10,,990.0,7.8,,,952.0,17.4,69.7,1.3714
2004-10-05 07:00:00,7,Tuesday,2004-10,,1511.0,30.8,,,1601.0,17.4,70.1,1.3783
2004-10-05 08:00:00,8,Tuesday,2004-10,,1352.0,26.4,,,1621.0,18.5,65.5,1.3787
2004-10-05 09:00:00,9,Tuesday,2004-10,,1337.0,21.6,,,1622.0,20.6,58.5,1.4054
2004-10-05 10:00:00,10,Tuesday,2004-10,,1435.0,22.8,,,1759.0,23.9,48.7,1.4269
2004-10-05 11:00:00,11,Tuesday,2004-10,,1377.0,19.3,,,1666.0,26.0,43.8,1.4499
2004-10-05 12:00:00,12,Tuesday,2004-10,,1562.0,30.4,,,1918.0,28.6,37.3,1.4423
2004-10-05 13:00:00,13,Tuesday,2004-10,,1358.0,23.4,,,1525.0,27.9,38.0,1.4029
2004-10-05 14:00:00,14,Tuesday,2004-10,,1301.0,17.1,,,1332.0,28.4,37.6,1.4282
2004-10-05 15:00:00,15,Tuesday,2004-10,,1255.0,14.6,,,1183.0,28.5,37.3,1.4329
2004-10-05 16:00:00,16,Tuesday,2004-10,,1410.0,21.6,,,1414.0,30.8,31.8,1.3908
2004-10-05 17:00:00,17,Tuesday,2004-10,,1578.0,31.9,,,1680.0,29.7,33.1,1.3546
2004-10-05 18:00:00,18,Tuesday,2004-10,,1700.0,40.5,,,2004.0,27.0,40.2,1.4158
2004-10-05 19:00:00,19,Tuesday,2004-10,,1778.0,41.6,,,2094.0,25.6,47.5,1.539
2004-10-05 20:00:00,20,Tuesday,2004-10,,1539.0,23.9,,,1780.0,23.9,57.2,1.6774
2004-10-05 21:00:00,21,Tuesday,2004-10,,1409.0,20.3,,,1640.0,22.7,60.8,1.6582
2004-10-05 22:00:00,22,Tuesday,2004-10,,1231.0,12.8,,,1379.0,21.8,59.9,1.5492
2004-10-05 23:00:00,23,Tuesday,2004-10,,1092.0,8.7,,,1139.0,22.4,58.3,1.561
2004-10-06 00:00:00,0,Wednesday,2004-10,,1036.0,6.8,,,1001.0,21.7,60.2,1.5442
2004-10-06 01:00:00,1,Wednesday,2004-10,,984.0,5.3,,,910.0,21.2,61.4,1.5258
2004-10-06 02:00:00,2,Wednesday,2004-10,,950.0,4.6,,,895.0,19.3,68.4,1.513
2004-10-06 03:00:00,3,Wednesday,2004-10,,889.0,3.2,,,805.0,19.8,65.1,1.49
2004-10-06 04:00:00,4,Wednesday,2004-10,,865.0,2.8,,,761.0,20.0,62.9,1.4495
2004-10-06 05:00:00,5,Wednesday,2004-10,,917.0,3.6,,,805.0,18.3,68.5,1.4291
2004-10-06 06:00:00,6,Wednesday,2004-10,,997.0,6.2,,,894.0,18.1,68.5,1.4067
2004-10-06 07:00:00,7,Wednesday,2004-10,,1433.0,24.2,,,1439.0,17.6,70.5,1.4057
2004-10-06 08:00:00,8,Wednesday,2004-10,,1516.0,32.0,,,1706.0,18.3,67.8,1.4091
2004-10-06 09:00:00,9,Wednesday,2004-10,,1528.0,25.8,,,1756.0,20.4,61.2,1.447
2004-10-06 10:00:00,10,Wednesday,2004-10,,1347.0,16.2,,,1493.0,22.5,55.6,1.499
2004-10-06 11:00:00,11,Wednesday,2004-10,,1392.0,17.7,,,1567.0,25.7,46.4,1.507
2004-10-06 12:00:00,12,Wednesday,2004-10,,1359.0,16.5,,,1376.0,26.8,44.6,1.5467
2004-10-06 13:00:00,13,Wednesday,2004-10,,1391.0,18.3,,,1399.0,26.0,46.4,1.5414
2004-10-06 14:00:00,14,Wednesday,2004-10,,1335.0,14.6,,,1293.0,26.3,46.0,1.5478
2004-10-06 15:00:00,15,Wednesday,2004-10,,1402.0,17.1,,,1348.0,27.4,43.9,1.5811
2004-10-06 16:00:00,16,Wednesday,2004-10,,1406.0,17.2,,,1314.0,29.6,36.7,1.4936
2004-10-06 17:00:00,17,Wednesday,2004-10,,1527.0,24.6,,,1507.0,28.7,37.3,1.4486
2004-10-06 18:00:00,18,Wednesday,2004-10,,1559.0,26.9,,,1660.0,25.7,44.1,1.4331
2004-10-06 19:00:00,19,Wednesday,2004-10,,1840.0,44.0,,,2143.0,24.5,49.5,1.5022
2004-10-06 20:00:00,20,Wednesday,2004-10,,1666.0,31.0,,,1968.0,23.3,54.4,1.5386
2004-10-06 21:00:00,21,Wednesday,2004-10,,1336.0,16.8,,,1490.0,22.4,57.9,1.5449
2004-10-06 22:00:00,22,Wednesday,2004-10,,1189.0,11.0,,,1249.0,22.7,55.8,1.5218
2004-10-06 23:00:00,23,Wednesday,2004-10,,1226.0,11.4,,,1265.0,20.4,62.4,1.4758
2004-10-07 00:00:00,0,Thursday,2004-10,,1171.0,9.9,,,1181.0,20.3,64.2,1.5063
2004-10-07 01:00:00,1,Thursday,2004-10,,1002.0,5.0,,,954.0,21.4,60.6,1.5236
2004-10-07 02:00:00,2,Thursday,2004-10,,950.0,3.7,,,875.0,20.3,66.3,1.5657
2004-10-07 03:00:00,3,Thursday,2004-10,,930.0,3.1,,,838.0,20.9,62.2,1.5182
2004-10-07 04:00:00,4,Thursday,2004-10,,924.0,2.9,,,825.0,19.9,66.1,1.5198
2004-10-07 05:00:00,5,Thursday,2004-10,,994.0,4.4,,,882.0,19.8,67.1,1.5305
2004-10-07 06:00:00,6,Thursday,2004-10,,1089.0,7.4,,,990.0,20.1,64.4,1.4967
2004-10-07 07:00:00,7,Thursday,2004-10,,1468.0,19.4,,,1423.0,19.7,66.4,1.5035
2004-10-07 08:00:00,8,Thursday,2004-10,,1696.0,37.1,,,1823.0,20.9,62.4,1.5226
2004-10-07 09:00:00,9,Thursday,2004-10,,1479.0,22.2,,,1581.0,22.5,57.0,1.5314
2004-10-07 10:00:00,10,Thursday,2004-10,,1425.0,18.5,,,1500.0,23.5,53.4,1.5241
2004-10-07 11:00:00,11,Thursday,2004-10,,1279.0,14.0,,,1268.0,24.7,48.2,1.4802
2004-10-07 12:00:00,12,Thursday,2004-10,,1319.0,15.5,,,1230.0,27.1,40.9,1.4405
2004-10-07 13:00:00,13,Thursday,2004-10,,1329.0,15.7,,,1204.0,25.9,44.2,1.4576
2004-10-07 14:00:00,14,Thursday,2004-10,,1327.0,15.7,,,1205.0,26.9,41.8,1.4555
2004-10-07 15:00:00,15,Thursday,2004-10,,1282.0,12.7,,,1103.0,27.2,40.7,1.4481
2004-10-07 16:00:00,16,Thursday,2004-10,2.9,1342.0,15.3,267.0,87.0,1195.0,28.6,37.6,1.4468
2004-10-07 17:00:00,17,Thursday,2004-10,5.4,1623.0,28.8,398.0,111.0,1618.0,28.0,38.5,1.437
2004-10-07 18:00:00,18,Thursday,2004-10,5.3,1576.0,26.1,418.0,119.0,1637.0,25.2,45.8,1.4464
2004-10-07 19:00:00,19,Thursday,2004-10,6.7,1747.0,37.1,515.0,128.0,1876.0,24.0,50.6,1.4892
2004-10-07 20:00:00,20,Thursday,2004-10,7.0,1757.0,35.7,669.0,117.0,1959.0,23.2,54.7,1.5296
2004-10-07 21:00:00,21,Thursday,2004-10,2.8,1331.0,16.5,326.0,92.0,1477.0,22.3,57.1,1.5219
2004-10-07 22:00:00,22,Thursday,2004-10,1.7,1182.0,11.0,209.0,73.0,1210.0,21.8,58.2,1.5036
2004-10-07 23:00:00,23,Thursday,2004-10,1.7,1162.0,10.8,183.0,60.0,1160.0,20.9,61.3,1.4923
2004-10-08 00:00:00,0,Friday,2004-10,1.7,1147.0,9.6,165.0,60.0,1116.0,20.6,62.0,1.4827
2004-10-08 01:00:00,1,Friday,2004-10,1.2,1040.0,6.5,111.0,53.0,974.0,20.3,62.5,1.472
2004-10-08 02:00:00,2,Friday,2004-10,0.7,920.0,3.6,67.0,47.0,820.0,20.5,62.1,1.4771
2004-10-08 03:00:00,3,Friday,2004-10,0.7,931.0,3.3,,,792.0,18.7,68.5,1.4586
2004-10-08 04:00:00,4,Friday,2004-10,0.8,954.0,4.4,88.0,43.0,839.0,18.2,70.3,1.4498
2004-10-08 05:00:00,5,Friday,2004-10,0.9,981.0,5.5,147.0,47.0,898.0,18.2,70.1,1.4552
2004-10-08 06:00:00,6,Friday,2004-10,1.7,1147.0,10.8,279.0,50.0,1096.0,18.2,70.0,1.4519
2004-10-08 07:00:00,7,Friday,2004-10,5.7,1606.0,31.2,665.0,81.0,1786.0,19.4,66.5,1.4801
2004-10-08 08:00:00,8,Friday,2004-10,4.3,1490.0,24.8,592.0,75.0,1604.0,19.5,66.9,1.4999
2004-10-08 09:00:00,9,Friday,2004-10,3.9,1473.0,24.2,557.0,87.0,1637.0,21.1,61.1,1.5056
2004-10-08 10:00:00,10,Friday,2004-10,5.1,1582.0,29.5,693.0,128.0,1827.0,23.2,54.7,1.5349
2004-10-08 11:00:00,11,Friday,2004-10,3.7,1468.0,21.0,530.0,105.0,1641.0,24.4,52.5,1.5807
2004-10-08 12:00:00,12,Friday,2004-10,3.3,1413.0,19.6,412.0,101.0,1505.0,26.4,45.8,1.553
2004-10-08 13:00:00,13,Friday,2004-10,3.6,1400.0,21.2,366.0,100.0,1465.0,27.7,39.2,1.4356
2004-10-08 14:00:00,14,Friday,2004-10,3.2,1361.0,18.0,344.0,98.0,1368.0,28.0,39.6,1.4738
2004-10-08 15:00:00,15,Friday,2004-10,3.5,1389.0,20.5,339.0,98.0,1748.0,28.7,38.4,1.486
2004-10-08 16:00:00,16,Friday,2004-10,2.4,1305.0,15.6,297.0,98.0,1301.0,28.5,39.4,1.5147
2004-10-08 17:00:00,17,Friday,2004-10,2.9,1354.0,19.2,294.0,90.0,1338.0,28.4,39.8,1.5191
2004-10-08 18:00:00,18,Friday,2004-10,2.3,1352.0,20.0,211.0,84.0,1337.0,26.4,45.9,1.5572
2004-10-08 19:00:00,19,Friday,2004-10,3.1,1472.0,21.1,323.0,101.0,1516.0,25.2,49.5,1.5665
2004-10-08 20:00:00,20,Friday,2004-10,2.9,1412.0,18.6,333.0,98.0,1435.0,24.9,50.9,1.5856
2004-10-08 21:00:00,21,Friday,2004-10,1.5,1221.0,12.3,163.0,76.0,1178.0,24.6,52.2,1.5951
2004-10-08 22:00:00,22,Friday,2004-10,1.5,1230.0,10.3,151.0,71.0,1111.0,24.0,54.4,1.6049
2004-10-08 23:00:00,23,Friday,2004-10,1.7,1247.0,9.6,167.0,71.0,1112.0,23.8,56.1,1.6298
2004-10-09 00:00:00,0,Saturday,2004-10,1.6,1217.0,9.9,174.0,66.0,1109.0,22.3,60.6,1.608
2004-10-09 01:00:00,1,Saturday,2004-10,1.3,1158.0,8.6,142.0,62.0,1072.0,21.9,61.5,1.5967
2004-10-09 02:00:00,2,Saturday,2004-10,1.4,1150.0,7.3,155.0,58.0,1030.0,21.1,64.5,1.594
2004-10-09 03:00:00,3,Saturday,2004-10,0.9,1061.0,5.4,,,935.0,21.0,64.4,1.5828
2004-10-09 04:00:00,4,Saturday,2004-10,0.9,1062.0,5.1,96.0,48.0,922.0,21.3,63.9,1.5951
2004-10-09 05:00:00,5,Saturday,2004-10,1.3,1157.0,7.8,154.0,53.0,1054.0,20.8,66.7,1.6201
2004-10-09 06:00:00,6,Saturday,2004-10,1.3,1167.0,8.2,211.0,55.0,1082.0,20.6,67.5,1.621
2004-10-09 07:00:00,7,Saturday,2004-10,2.9,1403.0,17.6,381.0,63.0,1365.0,20.9,66.3,1.6165
2004-10-09 08:00:00,8,Saturday,2004-10,3.2,1453.0,20.1,470.0,69.0,1497.0,21.5,63.7,1.6186
2004-10-09 09:00:00,9,Saturday,2004-10,3.4,1455.0,18.7,464.0,84.0,1540.0,23.7,56.0,1.6238
2004-10-09 10:00:00,10,Saturday,2004-10,3.6,1512.0,19.5,450.0,95.0,1554.0,26.0,48.2,1.598
2004-10-09 11:00:00,11,Saturday,2004-10,2.3,1331.0,13.0,274.0,80.0,1252.0,28.5,42.4,1.6286
2004-10-09 12:00:00,12,Saturday,2004-10,3.1,1472.0,18.2,306.0,87.0,1455.0,28.1,45.3,1.6957
2004-10-09 13:00:00,13,Saturday,2004-10,3.3,1430.0,16.2,308.0,94.0,1339.0,29.0,43.9,1.7309
2004-10-09 14:00:00,14,Saturday,2004-10,1.9,1264.0,11.0,186.0,76.0,1062.0,28.9,44.3,1.7392
2004-10-09 15:00:00,15,Saturday,2004-10,2.6,1378.0,15.9,238.0,92.0,1266.0,29.6,42.3,1.7248
2004-10-09 16:00:00,16,Saturday,2004-10,2.7,1377.0,14.2,249.0,94.0,1223.0,29.4,42.9,1.7308
2004-10-09 17:00:00,17,Saturday,2004-10,3.7,1527.0,19.9,378.0,110.0,1469.0,28.7,45.1,1.7468
2004-10-09 18:00:00,18,Saturday,2004-10,3.8,1573.0,21.7,386.0,109.0,1553.0,27.0,51.2,1.7928
2004-10-09 19:00:00,19,Saturday,2004-10,4.8,1674.0,25.7,461.0,122.0,1689.0,26.5,52.7,1.7966
2004-10-09 20:00:00,20,Saturday,2004-10,3.5,1455.0,17.3,394.0,107.0,1387.0,26.2,51.7,1.7334
2004-10-09 21:00:00,21,Saturday,2004-10,2.2,1242.0,11.2,266.0,83.0,1139.0,24.8,56.4,1.7447
2004-10-09 22:00:00,22,Saturday,2004-10,1.5,1181.0,8.9,158.0,62.0,960.0,24.9,56.0,1.7367
2004-10-09 23:00:00,23,Saturday,2004-10,3.4,1468.0,15.2,319.0,89.0,1293.0,24.5,57.5,1.7433
2004-10-10 00:00:00,0,Sunday,2004-10,3.7,1520.0,17.2,409.0,103.0,1357.0,24.7,56.9,1.7438
2004-10-10 01:00:00,1,Sunday,2004-10,2.0,1203.0,11.9,223.0,74.0,1103.0,23.9,59.2,1.7327
2004-10-10 02:00:00,2,Sunday,2004-10,1.4,1096.0,8.1,107.0,52.0,857.0,23.8,60.2,1.7515
2004-10-10 03:00:00,3,Sunday,2004-10,1.1,991.0,4.9,,,658.0,23.5,61.3,1.7538
2004-10-10 04:00:00,4,Sunday,2004-10,,941.0,3.6,50.0,38.0,549.0,22.8,64.0,1.7507
2004-10-10 05:00:00,5,Sunday,2004-10,0.7,952.0,3.7,56.0,39.0,627.0,22.2,65.6,1.7355
2004-10-10 06:00:00,6,Sunday,2004-10,1.2,1082.0,6.3,163.0,59.0,930.0,21.3,69.1,1.7275
2004-10-10 07:00:00,7,Sunday,2004-10,1.3,1095.0,7.7,187.0,56.0,1001.0,21.3,68.2,1.7127
2004-10-10 08:00:00,8,Sunday,2004-10,1.1,1049.0,6.3,150.0,51.0,917.0,22.2,65.2,1.7256
2004-10-10 09:00:00,9,Sunday,2004-10,1.0,1055.0,5.6,103.0,51.0,834.0,24.1,59.0,1.7449
2004-10-10 10:00:00,10,Sunday,2004-10,1.2,1074.0,5.1,143.0,58.0,796.0,24.3,61.6,1.8468
2004-10-10 11:00:00,11,Sunday,2004-10,1.9,1229.0,9.0,220.0,68.0,1040.0,24.8,59.6,1.8351
2004-10-10 12:00:00,12,Sunday,2004-10,2.3,1228.0,9.3,301.0,81.0,1110.0,24.5,58.8,1.7838
2004-10-10 13:00:00,13,Sunday,2004-10,1.6,1107.0,5.9,214.0,73.0,836.0,21.0,76.8,1.8881
2004-10-10 14:00:00,14,Sunday,2004-10,1.3,1031.0,4.4,162.0,69.0,704.0,19.8,78.0,1.7879
2004-10-10 15:00:00,15,Sunday,2004-10,1.8,1155.0,5.8,232.0,81.0,773.0,19.4,80.5,1.7917
2004-10-10 16:00:00,16,Sunday,2004-10,1.7,1131.0,6.6,254.0,82.0,811.0,19.6,79.1,1.7877
2004-10-10 17:00:00,17,Sunday,2004-10,1.8,1143.0,7.8,224.0,71.0,848.0,20.8,73.1,1.7695
2004-10-10 18:00:00,18,Sunday,2004-10,2.0,1145.0,8.4,247.0,81.0,892.0,21.1,68.6,1.7014
2004-10-10 19:00:00,19,Sunday,2004-10,2.2,1169.0,8.3,334.0,87.0,992.0,21.1,68.3,1.6914
2004-10-10 20:00:00,20,Sunday,2004-10,1.6,1105.0,8.1,239.0,72.0,950.0,21.2,67.7,1.6848
2004-10-10 21:00:00,21,Sunday,2004-10,1.3,1049.0,6.1,168.0,63.0,882.0,20.8,68.6,1.6719
2004-10-10 22:00:00,22,Sunday,2004-10,1.5,1069.0,6.7,185.0,63.0,883.0,20.8,68.1,1.6585
2004-10-10 23:00:00,23,Sunday,2004-10,1.5,1073.0,6.6,178.0,63.0,892.0,20.7,68.4,1.6507
2004-10-11 00:00:00,0,Monday,2004-10,1.3,1039.0,6.1,132.0,55.0,836.0,20.1,70.5,1.6384
2004-10-11 01:00:00,1,Monday,2004-10,1.4,1021.0,6.0,135.0,52.0,837.0,20.2,67.9,1.5901
2004-10-11 02:00:00,2,Monday,2004-10,0.5,825.0,1.4,39.0,32.0,498.0,19.4,70.4,1.5663
2004-10-11 03:00:00,3,Monday,2004-10,0.4,828.0,1.7,,,494.0,18.8,73.8,1.5885
2004-10-11 04:00:00,4,Monday,2004-10,0.4,847.0,1.9,33.0,29.0,507.0,17.9,77.7,1.5795
2004-10-11 05:00:00,5,Monday,2004-10,0.6,903.0,3.4,90.0,44.0,660.0,18.2,76.9,1.5945
2004-10-11 06:00:00,6,Monday,2004-10,1.1,1041.0,7.2,164.0,53.0,902.0,18.6,74.9,1.5918
2004-10-11 07:00:00,7,Monday,2004-10,2.9,1314.0,19.0,336.0,62.0,1240.0,19.6,70.3,1.5821
2004-10-11 08:00:00,8,Monday,2004-10,3.5,1326.0,24.5,366.0,68.0,1395.0,20.2,66.6,1.5567
2004-10-11 09:00:00,9,Monday,2004-10,4.6,1464.0,25.6,565.0,85.0,1625.0,19.7,68.9,1.5638
2004-10-11 10:00:00,10,Monday,2004-10,3.4,1313.0,17.1,536.0,88.0,1359.0,19.2,73.4,1.6192
2004-10-11 11:00:00,11,Monday,2004-10,2.3,1202.0,12.3,416.0,82.0,1152.0,20.0,69.6,1.607
2004-10-11 12:00:00,12,Monday,2004-10,2.7,1225.0,15.2,379.0,91.0,1159.0,21.1,64.0,1.5795
2004-10-11 13:00:00,13,Monday,2004-10,3.1,1257.0,18.3,368.0,87.0,1179.0,20.2,67.4,1.5832
2004-10-11 14:00:00,14,Monday,2004-10,3.2,1271.0,17.2,444.0,90.0,1227.0,20.2,68.9,1.6074
2004-10-11 15:00:00,15,Monday,2004-10,2.5,1179.0,14.1,352.0,97.0,1119.0,21.9,57.6,1.4942
2004-10-11 16:00:00,16,Monday,2004-10,3.4,1278.0,18.3,375.0,99.0,1243.0,23.2,52.0,1.4642
2004-10-11 17:00:00,17,Monday,2004-10,4.8,1435.0,25.0,479.0,109.0,1449.0,21.7,59.1,1.5115
2004-10-11 18:00:00,18,Monday,2004-10,4.5,1326.0,22.2,448.0,95.0,1405.0,20.8,61.4,1.4898
2004-10-11 19:00:00,19,Monday,2004-10,4.0,1324.0,21.4,388.0,80.0,1444.0,19.9,64.2,1.4711
2004-10-11 20:00:00,20,Monday,2004-10,3.2,1206.0,16.2,376.0,76.0,1386.0,19.7,65.1,1.4769
2004-10-11 21:00:00,21,Monday,2004-10,1.9,1052.0,10.3,224.0,62.0,1102.0,20.0,63.3,1.4672
2004-10-11 22:00:00,22,Monday,2004-10,1.9,1057.0,8.9,206.0,57.0,1041.0,19.0,66.1,1.4415
2004-10-11 23:00:00,23,Monday,2004-10,1.3,952.0,6.5,143.0,57.0,881.0,18.8,60.9,1.3032
2004-10-12 00:00:00,0,Tuesday,2004-10,1.1,911.0,5.1,113.0,54.0,791.0,18.9,60.7,1.311
2004-10-12 01:00:00,1,Tuesday,2004-10,1.0,898.0,4.6,93.0,50.0,796.0,18.1,65.2,1.343
2004-10-12 02:00:00,2,Tuesday,2004-10,0.5,809.0,2.1,58.0,44.0,647.0,18.3,65.1,1.3529
2004-10-12 03:00:00,3,Tuesday,2004-10,0.6,823.0,2.4,,,716.0,18.3,66.9,1.3952
2004-10-12 04:00:00,4,Tuesday,2004-10,0.5,814.0,3.2,56.0,34.0,719.0,17.8,67.5,1.3674
2004-10-12 05:00:00,5,Tuesday,2004-10,0.8,857.0,3.9,105.0,44.0,733.0,16.9,66.7,1.2772
2004-10-12 06:00:00,6,Tuesday,2004-10,1.2,935.0,6.0,243.0,74.0,835.0,17.8,60.6,1.2276
2004-10-12 07:00:00,7,Tuesday,2004-10,2.7,1159.0,13.8,492.0,101.0,1094.0,17.6,60.8,1.2151
2004-10-12 08:00:00,8,Tuesday,2004-10,3.0,1102.0,14.8,435.0,103.0,1114.0,17.9,57.8,1.1751
2004-10-12 09:00:00,9,Tuesday,2004-10,,979.0,8.4,,,903.0,18.1,56.4,1.1645
2004-10-12 10:00:00,10,Tuesday,2004-10,,998.0,9.0,,,914.0,18.2,55.9,1.1547
2004-10-12 11:00:00,11,Tuesday,2004-10,,962.0,8.3,,,872.0,19.7,49.1,1.1148
2004-10-12 12:00:00,12,Tuesday,2004-10,,985.0,9.5,,,860.0,20.8,45.8,1.1126
2004-10-12 13:00:00,13,Tuesday,2004-10,,1043.0,12.1,,,959.0,20.5,46.0,1.1
2004-10-12 14:00:00,14,Tuesday,2004-10,,929.0,7.4,,,814.0,18.9,50.6,1.0927
2004-10-12 15:00:00,15,Tuesday,2004-10,,946.0,8.0,,,827.0,18.4,51.6,1.0832
2004-10-12 16:00:00,16,Tuesday,2004-10,,955.0,7.9,,,804.0,17.9,52.6,1.0711
2004-10-12 17:00:00,17,Tuesday,2004-10,,1004.0,10.9,,,906.0,17.1,54.2,1.0503
2004-10-12 18:00:00,18,Tuesday,2004-10,,1037.0,12.1,,,958.0,16.5,56.2,1.0455
2004-10-12 19:00:00,19,Tuesday,2004-10,,1066.0,14.7,,,1032.0,16.7,54.1,1.0212
2004-10-12 20:00:00,20,Tuesday,2004-10,,890.0,6.0,,,772.0,15.4,57.7,1.0008
2004-10-12 21:00:00,21,Tuesday,2004-10,,843.0,4.3,,,618.0,15.5,57.1,0.9971
2004-10-12 22:00:00,22,Tuesday,2004-10,,834.0,4.1,,,614.0,15.6,55.9,0.985
2004-10-12 23:00:00,23,Tuesday,2004-10,,809.0,3.1,,,550.0,14.8,58.4,0.9777
2004-10-13 00:00:00,0,Wednesday,2004-10,,786.0,2.2,,,511.0,14.8,57.9,0.9662
2004-10-13 01:00:00,1,Wednesday,2004-10,,747.0,1.5,,,469.0,14.6,57.6,0.9517
2004-10-13 02:00:00,2,Wednesday,2004-10,,723.0,0.9,,,425.0,14.6,57.1,0.9428
2004-10-13 03:00:00,3,Wednesday,2004-10,,704.0,0.5,,,394.0,14.4,57.6,0.9416
2004-10-13 04:00:00,4,Wednesday,2004-10,,709.0,0.6,,,392.0,14.5,57.4,0.9413
2004-10-13 05:00:00,5,Wednesday,2004-10,,726.0,0.7,,,408.0,14.3,58.4,0.9501
2004-10-13 06:00:00,6,Wednesday,2004-10,,798.0,2.2,,,517.0,14.7,57.4,0.9564
2004-10-13 07:00:00,7,Wednesday,2004-10,,925.0,5.8,,,750.0,14.3,58.1,0.9404
2004-10-13 08:00:00,8,Wednesday,2004-10,,906.0,5.9,,,787.0,14.0,58.3,0.9294
2004-10-13 09:00:00,9,Wednesday,2004-10,1.5,896.0,5.9,286.0,78.0,788.0,15.4,53.2,0.9246
2004-10-13 10:00:00,10,Wednesday,2004-10,1.2,882.0,5.3,281.0,72.0,760.0,16.5,49.9,0.9289
2004-10-13 11:00:00,11,Wednesday,2004-10,,948.0,6.9,,,839.0,17.4,47.6,0.9387
2004-10-13 12:00:00,12,Wednesday,2004-10,,945.0,7.7,,,827.0,18.0,46.1,0.9401
2004-10-13 13:00:00,13,Wednesday,2004-10,,942.0,7.3,,,765.0,17.9,46.5,0.9474
2004-10-13 14:00:00,14,Wednesday,2004-10,,943.0,7.2,,,814.0,17.4,48.3,0.955
2004-10-13 15:00:00,15,Wednesday,2004-10,,894.0,6.0,,,737.0,16.0,52.6,0.9489
2004-10-13 16:00:00,16,Wednesday,2004-10,,984.0,8.3,,,875.0,15.3,58.7,1.0154
2004-10-13 17:00:00,17,Wednesday,2004-10,,1044.0,11.2,,,983.0,15.2,55.9,0.9572
2004-10-13 18:00:00,18,Wednesday,2004-10,,981.0,10.1,,,942.0,14.8,56.3,0.9459
2004-10-13 19:00:00,19,Wednesday,2004-10,,1021.0,10.6,,,971.0,14.7,57.8,0.9626
2004-10-13 20:00:00,20,Wednesday,2004-10,,943.0,7.2,,,891.0,14.8,57.3,0.9603
2004-10-13 21:00:00,21,Wednesday,2004-10,,863.0,4.4,,,724.0,14.9,57.1,0.9581
2004-10-13 22:00:00,22,Wednesday,2004-10,,847.0,3.8,,,719.0,15.2,55.5,0.9521
2004-10-13 23:00:00,23,Wednesday,2004-10,,859.0,3.8,,,705.0,15.3,55.4,0.9564
2004-10-14 00:00:00,0,Thursday,2004-10,,861.0,4.0,,,718.0,15.1,56.9,0.9673
2004-10-14 01:00:00,1,Thursday,2004-10,,786.0,2.2,,,584.0,15.0,56.4,0.9554
2004-10-14 02:00:00,2,Thursday,2004-10,,740.0,1.1,,,469.0,14.9,56.4,0.9474
2004-10-14 03:00:00,3,Thursday,2004-10,,730.0,0.8,,,438.0,15.2,54.7,0.9394
2004-10-14 04:00:00,4,Thursday,2004-10,,728.0,0.8,,,432.0,15.1,55.4,0.9439
2004-10-14 05:00:00,5,Thursday,2004-10,,755.0,1.2,,,487.0,14.9,56.8,0.9541
2004-10-14 06:00:00,6,Thursday,2004-10,,854.0,3.2,,,655.0,15.2,55.9,0.9589
2004-10-14 07:00:00,7,Thursday,2004-10,,1079.0,10.2,,,1009.0,15.3,56.3,0.9684
2004-10-14 08:00:00,8,Thursday,2004-10,,1097.0,13.6,,,1113.0,15.6,55.4,0.9725
2004-10-14 09:00:00,9,Thursday,2004-10,,1024.0,9.9,,,1030.0,16.3,53.3,0.9809
2004-10-14 10:00:00,10,Thursday,2004-10,,990.0,9.1,,,986.0,20.4,42.2,0.9964
2004-10-14 11:00:00,11,Thursday,2004-10,,1013.0,8.0,,,975.0,21.9,39.4,1.0234
2004-10-14 12:00:00,12,Thursday,2004-10,,1051.0,9.7,,,984.0,21.5,41.2,1.0399
2004-10-14 13:00:00,13,Thursday,2004-10,,1052.0,9.7,,,982.0,22.2,41.4,1.097
2004-10-14 14:00:00,14,Thursday,2004-10,,1141.0,12.0,,,1117.0,21.0,46.8,1.1508
2004-10-14 15:00:00,15,Thursday,2004-10,,1130.0,11.3,,,1177.0,21.9,44.9,1.1635
2004-10-14 16:00:00,16,Thursday,2004-10,,1099.0,10.4,,,1129.0,21.5,46.7,1.1837
2004-10-14 17:00:00,17,Thursday,2004-10,,1182.0,12.4,,,1217.0,19.7,56.6,1.2811
2004-10-14 18:00:00,18,Thursday,2004-10,,1211.0,14.6,,,1234.0,18.8,60.8,1.3036
2004-10-14 19:00:00,19,Thursday,2004-10,,1340.0,21.0,,,1412.0,19.3,59.6,1.3195
2004-10-14 20:00:00,20,Thursday,2004-10,,1299.0,17.9,,,1350.0,17.6,69.2,1.3803
2004-10-14 21:00:00,21,Thursday,2004-10,,1046.0,7.3,,,968.0,16.4,77.1,1.4243
2004-10-14 22:00:00,22,Thursday,2004-10,,949.0,4.8,,,759.0,16.6,77.3,1.4491
2004-10-14 23:00:00,23,Thursday,2004-10,,966.0,4.8,,,741.0,15.9,78.1,1.4039
2004-10-15 00:00:00,0,Friday,2004-10,,1062.0,7.7,,,866.0,15.1,82.3,1.4009
2004-10-15 01:00:00,1,Friday,2004-10,,934.0,4.3,,,757.0,14.8,83.8,1.4005
2004-10-15 02:00:00,2,Friday,2004-10,,862.0,3.0,,,675.0,14.4,84.6,1.3794
2004-10-15 03:00:00,3,Friday,2004-10,,823.0,2.1,,,624.0,15.8,77.6,1.3792
2004-10-15 04:00:00,4,Friday,2004-10,,839.0,2.3,,,605.0,15.2,79.4,1.3605
2004-10-15 05:00:00,5,Friday,2004-10,,879.0,3.5,,,703.0,14.8,81.9,1.3735
2004-10-15 06:00:00,6,Friday,2004-10,,1095.0,10.0,,,998.0,14.6,82.9,1.3706
2004-10-15 07:00:00,7,Friday,2004-10,,1359.0,20.5,,,1311.0,14.8,80.4,1.3428
2004-10-15 08:00:00,8,Friday,2004-10,,1354.0,22.2,,,1403.0,15.6,77.1,1.3527
2004-10-15 09:00:00,9,Friday,2004-10,,1420.0,24.1,,,1573.0,17.3,70.9,1.3876
2004-10-15 10:00:00,10,Friday,2004-10,,1265.0,17.4,,,1354.0,22.2,51.3,1.3543
2004-10-15 11:00:00,11,Friday,2004-10,,1146.0,14.2,,,1131.0,24.4,43.9,1.3184
2004-10-15 12:00:00,12,Friday,2004-10,,1150.0,15.0,,,1113.0,22.7,47.6,1.2989
2004-10-15 13:00:00,13,Friday,2004-10,,1282.0,18.3,,,1258.0,20.5,61.5,1.4673
2004-10-15 14:00:00,14,Friday,2004-10,,1067.0,13.0,,,985.0,23.3,40.4,1.1421
2004-10-15 15:00:00,15,Friday,2004-10,,1185.0,18.1,,,1197.0,23.2,39.9,1.1172
2004-10-15 16:00:00,16,Friday,2004-10,,1312.0,23.1,,,1402.0,21.5,44.5,1.129
2004-10-15 17:00:00,17,Friday,2004-10,,1319.0,24.9,,,1491.0,20.9,48.5,1.1878
2004-10-15 18:00:00,18,Friday,2004-10,,1255.0,21.7,,,1396.0,19.8,53.1,1.216
2004-10-15 19:00:00,19,Friday,2004-10,,1123.0,14.1,,,1198.0,20.1,53.6,1.2477
2004-10-15 20:00:00,20,Friday,2004-10,,1126.0,11.9,,,1166.0,19.6,56.0,1.2623
2004-10-15 21:00:00,21,Friday,2004-10,,924.0,5.1,,,752.0,18.6,60.4,1.2817
2004-10-15 22:00:00,22,Friday,2004-10,,982.0,6.8,,,717.0,14.5,78.3,1.288
2004-10-15 23:00:00,23,Friday,2004-10,,936.0,4.8,,,693.0,16.3,70.5,1.2921
2004-10-16 00:00:00,0,Saturday,2004-10,,1069.0,7.2,,,816.0,14.1,83.8,1.346
2004-10-16 01:00:00,1,Saturday,2004-10,,967.0,5.4,,,766.0,14.5,81.3,1.3399
2004-10-16 02:00:00,2,Saturday,2004-10,,869.0,3.0,,,631.0,14.7,80.7,1.3414
2004-10-16 03:00:00,3,Saturday,2004-10,,916.0,3.7,,,683.0,14.5,82.1,1.3493
2004-10-16 04:00:00,4,Saturday,2004-10,,886.0,3.6,,,654.0,15.0,78.4,1.3333
2004-10-16 05:00:00,5,Saturday,2004-10,,926.0,4.7,,,759.0,14.5,80.5,1.3221
2004-10-16 06:00:00,6,Saturday,2004-10,,971.0,6.9,,,876.0,14.6,79.0,1.3082
2004-10-16 07:00:00,7,Saturday,2004-10,,1029.0,7.7,,,926.0,15.0,74.8,1.2672
2004-10-16 08:00:00,8,Saturday,2004-10,,1124.0,12.2,,,1091.0,15.9,70.4,1.2658
2004-10-16 09:00:00,9,Saturday,2004-10,,1063.0,9.6,,,1045.0,17.4,62.3,1.2282
2004-10-16 10:00:00,10,Saturday,2004-10,,1028.0,9.6,,,928.0,21.3,42.9,1.0727
2004-10-16 11:00:00,11,Saturday,2004-10,,944.0,8.3,,,777.0,22.0,38.9,1.0154
2004-10-16 12:00:00,12,Saturday,2004-10,,913.0,7.0,,,640.0,20.3,41.3,0.9745
2004-10-16 13:00:00,13,Saturday,2004-10,,966.0,8.2,,,741.0,20.2,45.6,1.0663
2004-10-16 14:00:00,14,Saturday,2004-10,,833.0,4.5,,,483.0,20.8,37.4,0.9107
2004-10-16 15:00:00,15,Saturday,2004-10,,891.0,5.5,,,522.0,21.6,35.9,0.9164
2004-10-16 16:00:00,16,Saturday,2004-10,,995.0,8.7,,,718.0,22.0,35.7,0.9329
2004-10-16 17:00:00,17,Saturday,2004-10,,1038.0,8.7,,,798.0,19.9,42.0,0.9665
2004-10-16 18:00:00,18,Saturday,2004-10,,1146.0,14.0,,,1174.0,19.2,46.3,1.0158
2004-10-16 19:00:00,19,Saturday,2004-10,,1059.0,9.5,,,891.0,17.9,56.9,1.1545
2004-10-16 20:00:00,20,Saturday,2004-10,,1065.0,7.9,,,799.0,14.7,75.5,1.2554
2004-10-16 21:00:00,21,Saturday,2004-10,,1013.0,6.2,,,855.0,15.1,78.9,1.3409
2004-10-16 22:00:00,22,Saturday,2004-10,,942.0,4.0,,,734.0,17.2,66.7,1.2987
2004-10-16 23:00:00,23,Saturday,2004-10,,925.0,4.4,,,691.0,15.4,73.2,1.2755
2004-10-17 00:00:00,0,Sunday,2004-10,,871.0,2.6,,,557.0,16.5,68.5,1.2753
2004-10-17 01:00:00,1,Sunday,2004-10,,864.0,2.7,,,523.0,16.4,70.3,1.3031
2004-10-17 02:00:00,2,Sunday,2004-10,,929.0,3.8,,,610.0,15.4,78.1,1.3557
2004-10-17 03:00:00,3,Sunday,2004-10,,912.0,3.6,,,574.0,15.8,75.5,1.3436
2004-10-17 04:00:00,4,Sunday,2004-10,,817.0,2.2,,,470.0,16.0,69.5,1.2549
2004-10-17 05:00:00,5,Sunday,2004-10,,786.0,1.7,,,434.0,15.0,71.0,1.2032
2004-10-17 06:00:00,6,Sunday,2004-10,,827.0,2.1,,,507.0,13.9,75.2,1.1884
2004-10-17 07:00:00,7,Sunday,2004-10,,789.0,2.3,,,467.0,15.9,62.1,1.1103
2004-10-17 08:00:00,8,Sunday,2004-10,,875.0,4.8,,,591.0,15.9,61.0,1.0911
2004-10-17 09:00:00,9,Sunday,2004-10,,959.0,5.6,,,717.0,17.1,58.7,1.1332
2004-10-17 10:00:00,10,Sunday,2004-10,,969.0,6.8,,,774.0,19.2,51.9,1.1404
2004-10-17 11:00:00,11,Sunday,2004-10,,947.0,6.2,,,697.0,21.5,42.6,1.0798
2004-10-17 12:00:00,12,Sunday,2004-10,,960.0,6.8,,,701.0,21.6,39.9,1.0156
2004-10-17 13:00:00,13,Sunday,2004-10,,1017.0,11.1,,,752.0,21.6,40.4,1.0309
2004-10-17 14:00:00,14,Sunday,2004-10,,979.0,12.2,,,760.0,22.0,37.3,0.9768
2004-10-17 15:00:00,15,Sunday,2004-10,,843.0,4.7,,,505.0,22.1,35.2,0.9253
2004-10-17 16:00:00,16,Sunday,2004-10,,877.0,5.1,,,529.0,22.4,36.0,0.9621
2004-10-17 17:00:00,17,Sunday,2004-10,,1053.0,12.7,,,832.0,20.9,40.3,0.9866
2004-10-17 18:00:00,18,Sunday,2004-10,,1047.0,11.6,,,904.0,19.8,41.5,0.9489
2004-10-17 19:00:00,19,Sunday,2004-10,,1105.0,12.7,,,1050.0,18.2,46.0,0.9538
2004-10-17 20:00:00,20,Sunday,2004-10,,1008.0,9.7,,,1000.0,17.3,50.3,0.9837
2004-10-17 21:00:00,21,Sunday,2004-10,,975.0,7.8,,,911.0,15.8,57.6,1.0271
2004-10-17 22:00:00,22,Sunday,2004-10,,954.0,6.8,,,858.0,15.5,59.7,1.0413
2004-10-17 23:00:00,23,Sunday,2004-10,,987.0,8.1,,,903.0,15.5,60.6,1.0574
2004-10-18 00:00:00,0,Monday,2004-10,,880.0,5.4,,,781.0,15.8,59.9,1.0676
2004-10-18 01:00:00,1,Monday,2004-10,,856.0,4.4,,,714.0,14.8,64.3,1.073
2004-10-18 02:00:00,2,Monday,2004-10,,788.0,2.4,,,625.0,14.8,64.7,1.0788
2004-10-18 03:00:00,3,Monday,2004-10,,760.0,1.6,,,568.0,13.8,67.6,1.0581
2004-10-18 04:00:00,4,Monday,2004-10,,777.0,1.8,,,616.0,14.5,65.0,1.0672
2004-10-18 05:00:00,5,Monday,2004-10,,825.0,3.1,,,710.0,14.0,67.4,1.0703
2004-10-18 06:00:00,6,Monday,2004-10,,1011.0,9.2,,,953.0,12.6,73.6,1.0699
2004-10-18 07:00:00,7,Monday,2004-10,,1237.0,20.8,,,1271.0,13.3,70.4,1.0711
2004-10-18 08:00:00,8,Monday,2004-10,,1298.0,26.8,,,1447.0,14.4,65.8,1.0773
2004-10-18 09:00:00,9,Monday,2004-10,,1153.0,17.7,,,1296.0,16.8,57.8,1.0947
2004-10-18 10:00:00,10,Monday,2004-10,,1101.0,14.2,,,1217.0,19.7,49.3,1.1199
2004-10-18 11:00:00,11,Monday,2004-10,,1215.0,16.8,,,1341.0,21.1,47.2,1.1659
2004-10-18 12:00:00,12,Monday,2004-10,,1163.0,16.0,,,1180.0,22.2,43.2,1.1427
2004-10-18 13:00:00,13,Monday,2004-10,,1285.0,19.9,,,1365.0,21.4,47.2,1.1927
2004-10-18 14:00:00,14,Monday,2004-10,,1288.0,18.5,,,1410.0,19.9,55.4,1.2702
2004-10-18 15:00:00,15,Monday,2004-10,,1362.0,21.4,,,1529.0,20.3,54.0,1.2744
2004-10-18 16:00:00,16,Monday,2004-10,,1405.0,22.8,,,1573.0,20.0,56.5,1.3051
2004-10-18 17:00:00,17,Monday,2004-10,,1610.0,36.5,,,1810.0,19.7,57.8,1.3138
2004-10-18 18:00:00,18,Monday,2004-10,,1612.0,38.8,,,1834.0,19.3,59.0,1.3077
2004-10-18 19:00:00,19,Monday,2004-10,,1520.0,32.3,,,1672.0,18.5,60.3,1.2706
2004-10-18 20:00:00,20,Monday,2004-10,,1489.0,29.3,,,1686.0,17.8,66.3,1.341
2004-10-18 21:00:00,21,Monday,2004-10,,1181.0,14.2,,,1302.0,17.6,65.9,1.3175
2004-10-18 22:00:00,22,Monday,2004-10,,995.0,8.0,,,1023.0,17.5,63.5,1.2622
2004-10-18 23:00:00,23,Monday,2004-10,,998.0,7.4,,,992.0,16.5,67.2,1.2491
2004-10-19 00:00:00,0,Tuesday,2004-10,,984.0,7.2,,,960.0,16.2,69.1,1.259
2004-10-19 01:00:00,1,Tuesday,2004-10,,1022.0,8.0,,,955.0,14.9,74.7,1.2564
2004-10-19 02:00:00,2,Tuesday,2004-10,,951.0,6.5,,,887.0,14.1,76.7,1.2273
2004-10-19 03:00:00,3,Tuesday,2004-10,,910.0,5.2,,,851.0,14.0,76.6,1.2202
2004-10-19 04:00:00,4,Tuesday,2004-10,,932.0,5.6,,,903.0,14.9,73.8,1.24
2004-10-19 05:00:00,5,Tuesday,2004-10,,974.0,7.0,,,954.0,15.2,73.1,1.257
2004-10-19 06:00:00,6,Tuesday,2004-10,,1117.0,11.5,,,1107.0,15.2,73.4,1.2626
2004-10-19 07:00:00,7,Tuesday,2004-10,,1367.0,21.7,,,1442.0,15.2,74.7,1.2824
2004-10-19 08:00:00,8,Tuesday,2004-10,,1583.0,37.9,,,1818.0,15.8,71.7,1.278
2004-10-19 09:00:00,9,Tuesday,2004-10,,1526.0,30.1,,,1802.0,16.6,68.4,1.2829
2004-10-19 10:00:00,10,Tuesday,2004-10,,1399.0,24.5,,,1671.0,17.6,64.9,1.2925
2004-10-19 11:00:00,11,Tuesday,2004-10,,1436.0,25.2,,,1710.0,18.3,63.8,1.331
2004-10-19 12:00:00,12,Tuesday,2004-10,,1455.0,26.5,,,1746.0,19.4,61.1,1.3652
2004-10-19 13:00:00,13,Tuesday,2004-10,,1311.0,19.6,,,1495.0,20.9,58.1,1.4193
2004-10-19 14:00:00,14,Tuesday,2004-10,,1174.0,13.4,,,1203.0,22.0,54.0,1.4114
2004-10-19 15:00:00,15,Tuesday,2004-10,,1242.0,15.3,,,1252.0,22.8,53.0,1.4482
2004-10-19 16:00:00,16,Tuesday,2004-10,,1267.0,15.1,,,1528.0,21.7,57.6,1.4756
2004-10-19 17:00:00,17,Tuesday,2004-10,,1401.0,21.1,,,1629.0,21.3,60.8,1.5205
2004-10-19 18:00:00,18,Tuesday,2004-10,,1428.0,23.6,,,1608.0,21.2,61.7,1.5309
2004-10-19 19:00:00,19,Tuesday,2004-10,,1478.0,25.7,,,1664.0,21.2,62.2,1.5473
2004-10-19 20:00:00,20,Tuesday,2004-10,,1518.0,27.2,,,1666.0,20.8,65.1,1.5782
2004-10-19 21:00:00,21,Tuesday,2004-10,,1468.0,24.4,,,1594.0,19.9,69.0,1.5877
2004-10-19 22:00:00,22,Tuesday,2004-10,,1369.0,20.3,,,1421.0,18.8,73.7,1.5785
2004-10-19 23:00:00,23,Tuesday,2004-10,,1244.0,14.8,,,1337.0,19.2,71.3,1.5723
2004-10-20 00:00:00,0,Wednesday,2004-10,,1217.0,12.8,,,1270.0,19.0,71.6,1.5549
2004-10-20 01:00:00,1,Wednesday,2004-10,,1103.0,10.0,,,1156.0,19.5,69.7,1.5596
2004-10-20 02:00:00,2,Wednesday,2004-10,,1118.0,9.3,,,1124.0,19.4,70.1,1.5626
2004-10-20 03:00:00,3,Wednesday,2004-10,,1087.0,9.3,,,1049.0,18.4,74.5,1.5634
2004-10-20 04:00:00,4,Wednesday,2004-10,,1069.0,8.8,,,1044.0,18.7,73.4,1.5701
2004-10-20 05:00:00,5,Wednesday,2004-10,,1112.0,10.2,,,1109.0,18.4,74.6,1.5631
2004-10-20 06:00:00,6,Wednesday,2004-10,,1196.0,13.1,,,1224.0,18.5,74.4,1.5661
2004-10-20 07:00:00,7,Wednesday,2004-10,,1522.0,26.1,,,1611.0,18.8,73.0,1.5737
2004-10-20 08:00:00,8,Wednesday,2004-10,,1715.0,37.9,,,2004.0,19.9,69.9,1.6036
2004-10-20 09:00:00,9,Wednesday,2004-10,,1582.0,26.2,,,1776.0,21.3,66.1,1.6556
2004-10-20 10:00:00,10,Wednesday,2004-10,,1494.0,23.1,,,1723.0,23.0,61.8,1.7135
2004-10-20 11:00:00,11,Wednesday,2004-10,,1631.0,26.0,,,1916.0,22.4,64.6,1.7271
2004-10-20 12:00:00,12,Wednesday,2004-10,,1650.0,28.1,,,1955.0,23.8,59.9,1.7376
2004-10-20 13:00:00,13,Wednesday,2004-10,,1640.0,28.0,,,1894.0,24.7,56.9,1.7472
2004-10-20 14:00:00,14,Wednesday,2004-10,,1589.0,24.6,,,1823.0,25.4,55.1,1.761
2004-10-20 15:00:00,15,Wednesday,2004-10,,1538.0,22.4,,,1793.0,25.7,54.5,1.7684
2004-10-20 16:00:00,16,Wednesday,2004-10,4.7,1597.0,30.9,652.0,167.0,1956.0,24.8,57.7,1.7765
2004-10-20 17:00:00,17,Wednesday,2004-10,8.0,1884.0,43.7,895.0,194.0,2203.0,24.6,58.9,1.8005
2004-10-20 18:00:00,18,Wednesday,2004-10,7.7,1835.0,40.0,826.0,172.0,2073.0,23.9,61.8,1.8088
2004-10-20 19:00:00,19,Wednesday,2004-10,6.8,1759.0,35.9,648.0,134.0,1923.0,23.0,65.9,1.8319
2004-10-20 20:00:00,20,Wednesday,2004-10,6.0,1666.0,30.1,629.0,130.0,1780.0,22.4,67.7,1.8161
2004-10-20 21:00:00,21,Wednesday,2004-10,4.7,1506.0,22.3,529.0,113.0,1609.0,22.0,69.2,1.8061
2004-10-20 22:00:00,22,Wednesday,2004-10,3.4,1378.0,17.7,405.0,99.0,1466.0,21.8,69.6,1.79
2004-10-20 23:00:00,23,Wednesday,2004-10,3.9,1448.0,19.5,461.0,109.0,1504.0,21.9,68.3,1.7699
2004-10-21 00:00:00,0,Thursday,2004-10,4.4,1481.0,22.3,486.0,105.0,1518.0,21.7,69.7,1.7872
2004-10-21 01:00:00,1,Thursday,2004-10,3.3,1289.0,15.4,335.0,91.0,1289.0,21.3,70.3,1.7574
2004-10-21 02:00:00,2,Thursday,2004-10,2.0,1109.0,9.3,210.0,77.0,1076.0,20.8,71.7,1.7415
2004-10-21 03:00:00,3,Thursday,2004-10,1.5,994.0,6.0,,,947.0,21.4,69.0,1.7421
2004-10-21 04:00:00,4,Thursday,2004-10,,1015.0,6.6,99.0,59.0,970.0,21.4,69.3,1.7515
2004-10-21 05:00:00,5,Thursday,2004-10,0.8,966.0,5.1,149.0,60.0,900.0,21.3,69.5,1.7447
2004-10-21 06:00:00,6,Thursday,2004-10,1.3,1088.0,8.8,203.0,72.0,1034.0,21.5,67.5,1.708
2004-10-21 07:00:00,7,Thursday,2004-10,2.7,1303.0,16.6,332.0,83.0,1235.0,21.9,64.8,1.683
2004-10-21 08:00:00,8,Thursday,2004-10,3.6,1440.0,24.3,446.0,104.0,1455.0,22.6,61.4,1.6645
2004-10-21 09:00:00,9,Thursday,2004-10,3.6,1392.0,20.6,524.0,119.0,1478.0,22.6,61.5,1.6636
2004-10-21 10:00:00,10,Thursday,2004-10,2.6,1248.0,15.6,347.0,105.0,1393.0,25.5,52.3,1.6796
2004-10-21 11:00:00,11,Thursday,2004-10,2.0,1197.0,12.2,273.0,91.0,1237.0,27.0,47.6,1.67
2004-10-21 12:00:00,12,Thursday,2004-10,3.3,1357.0,17.7,404.0,103.0,1373.0,25.2,53.3,1.6834
2004-10-21 13:00:00,13,Thursday,2004-10,2.6,1263.0,14.8,,,1310.0,26.6,49.3,1.6872
2004-10-21 14:00:00,14,Thursday,2004-10,2.1,1261.0,15.0,312.0,111.0,1287.0,27.2,48.5,1.7172
2004-10-21 15:00:00,15,Thursday,2004-10,2.9,1382.0,16.7,369.0,101.0,1413.0,26.9,50.0,1.7507
2004-10-21 16:00:00,16,Thursday,2004-10,3.0,1400.0,17.7,362.0,102.0,1483.0,26.5,52.2,1.7769
2004-10-21 17:00:00,17,Thursday,2004-10,3.2,1443.0,20.9,335.0,101.0,1539.0,27.0,51.0,1.7936
2004-10-21 18:00:00,18,Thursday,2004-10,4.4,1630.0,28.7,447.0,118.0,1691.0,25.9,55.8,1.8347
2004-10-21 19:00:00,19,Thursday,2004-10,6.0,1720.0,34.8,576.0,120.0,1846.0,25.1,59.4,1.8632
2004-10-21 20:00:00,20,Thursday,2004-10,5.0,1600.0,27.5,486.0,107.0,1665.0,24.7,58.7,1.8001
2004-10-21 21:00:00,21,Thursday,2004-10,4.3,1525.0,24.9,439.0,104.0,1577.0,23.6,62.2,1.7863
2004-10-21 22:00:00,22,Thursday,2004-10,4.3,1544.0,24.2,462.0,91.0,1603.0,22.4,67.1,1.794
2004-10-21 23:00:00,23,Thursday,2004-10,4.2,1455.0,22.2,441.0,91.0,1530.0,21.6,69.2,1.763
2004-10-22 00:00:00,0,Friday,2004-10,2.2,1203.0,13.2,223.0,74.0,1205.0,21.3,68.5,1.7164
2004-10-22 01:00:00,1,Friday,2004-10,1.3,1038.0,7.9,126.0,63.0,999.0,21.2,68.6,1.7046
2004-10-22 02:00:00,2,Friday,2004-10,1.0,975.0,5.9,116.0,57.0,904.0,20.3,70.6,1.6659
2004-10-22 03:00:00,3,Friday,2004-10,0.7,917.0,4.1,,,843.0,20.8,67.3,1.6353
2004-10-22 04:00:00,4,Friday,2004-10,,930.0,4.6,125.0,48.0,843.0,19.6,71.3,1.612
2004-10-22 05:00:00,5,Friday,2004-10,0.9,960.0,5.8,198.0,49.0,886.0,18.7,74.4,1.5861
2004-10-22 06:00:00,6,Friday,2004-10,1.0,982.0,6.5,185.0,55.0,911.0,19.8,69.2,1.5808
2004-10-22 07:00:00,7,Friday,2004-10,2.8,1359.0,19.5,425.0,78.0,1319.0,19.8,69.4,1.5859
2004-10-22 08:00:00,8,Friday,2004-10,4.1,1500.0,28.0,465.0,91.0,1927.0,20.4,66.7,1.5781
2004-10-22 09:00:00,9,Friday,2004-10,2.9,1315.0,18.7,341.0,88.0,1554.0,22.3,60.6,1.6069
2004-10-22 10:00:00,10,Friday,2004-10,2.7,1307.0,18.3,316.0,83.0,1565.0,22.6,59.9,1.6246
2004-10-22 11:00:00,11,Friday,2004-10,2.1,1235.0,14.3,241.0,81.0,1462.0,24.5,54.5,1.6514
2004-10-22 12:00:00,12,Friday,2004-10,2.4,1310.0,16.5,266.0,83.0,1487.0,24.4,55.4,1.6712
2004-10-22 13:00:00,13,Friday,2004-10,3.8,1459.0,22.9,412.0,111.0,1690.0,26.0,51.9,1.7148
2004-10-22 14:00:00,14,Friday,2004-10,3.7,1461.0,22.3,394.0,112.0,1603.0,26.8,49.1,1.7101
2004-10-22 15:00:00,15,Friday,2004-10,3.7,1476.0,22.0,365.0,112.0,1568.0,26.4,49.8,1.6928
2004-10-22 16:00:00,16,Friday,2004-10,5.5,1612.0,27.7,548.0,137.0,1743.0,26.9,48.6,1.7017
2004-10-22 17:00:00,17,Friday,2004-10,5.4,1654.0,29.8,494.0,152.0,2007.0,26.2,48.9,1.634
2004-10-22 18:00:00,18,Friday,2004-10,8.4,1808.0,40.0,686.0,163.0,2235.0,24.3,54.3,1.6276
2004-10-22 19:00:00,19,Friday,2004-10,6.8,1681.0,35.1,556.0,135.0,1998.0,23.3,58.1,1.6457
2004-10-22 20:00:00,20,Friday,2004-10,4.5,1494.0,25.5,467.0,119.0,1795.0,22.3,62.5,1.6616
2004-10-22 21:00:00,21,Friday,2004-10,2.5,1251.0,13.7,297.0,91.0,1407.0,21.3,66.1,1.6556
2004-10-22 22:00:00,22,Friday,2004-10,1.6,1132.0,9.7,164.0,74.0,1211.0,21.2,65.7,1.6319
2004-10-22 23:00:00,23,Friday,2004-10,1.7,1158.0,9.8,196.0,73.0,1202.0,20.3,68.1,1.6009
2004-10-23 00:00:00,0,Saturday,2004-10,1.7,1146.0,10.1,201.0,71.0,1136.0,20.4,66.7,1.583
2004-10-23 01:00:00,1,Saturday,2004-10,1.1,993.0,6.0,132.0,57.0,946.0,19.9,67.5,1.5544
2004-10-23 02:00:00,2,Saturday,2004-10,1.0,989.0,6.0,146.0,51.0,915.0,19.1,70.0,1.5331
2004-10-23 03:00:00,3,Saturday,2004-10,0.8,943.0,4.6,,,864.0,19.3,68.1,1.5139
2004-10-23 04:00:00,4,Saturday,2004-10,,910.0,4.0,94.0,42.0,836.0,19.6,66.9,1.5125
2004-10-23 05:00:00,5,Saturday,2004-10,0.7,925.0,4.6,127.0,43.0,842.0,18.1,72.1,1.4834
2004-10-23 06:00:00,6,Saturday,2004-10,1.2,1039.0,7.6,217.0,52.0,1002.0,18.1,72.3,1.4927
2004-10-23 07:00:00,7,Saturday,2004-10,2.3,1208.0,13.6,394.0,65.0,1165.0,17.6,74.8,1.491
2004-10-23 08:00:00,8,Saturday,2004-10,3.0,1268.0,16.0,511.0,69.0,1294.0,18.2,72.8,1.5048
2004-10-23 09:00:00,9,Saturday,2004-10,3.3,1353.0,18.9,523.0,91.0,1475.0,20.2,65.8,1.5374
2004-10-23 10:00:00,10,Saturday,2004-10,2.8,1317.0,15.7,471.0,92.0,1436.0,21.6,61.4,1.5696
2004-10-23 11:00:00,11,Saturday,2004-10,3.0,1356.0,16.2,441.0,102.0,1465.0,23.3,57.5,1.6169
2004-10-23 12:00:00,12,Saturday,2004-10,3.4,1414.0,19.4,414.0,118.0,1583.0,25.0,52.4,1.6356
2004-10-23 13:00:00,13,Saturday,2004-10,3.0,1326.0,16.9,317.0,111.0,1432.0,25.4,50.8,1.6275
2004-10-23 14:00:00,14,Saturday,2004-10,2.3,1211.0,12.5,230.0,101.0,1270.0,26.1,47.1,1.5724
2004-10-23 15:00:00,15,Saturday,2004-10,3.1,1324.0,15.8,365.0,119.0,1354.0,27.0,44.2,1.549
2004-10-23 16:00:00,16,Saturday,2004-10,3.0,1324.0,16.0,360.0,115.0,1318.0,27.2,43.0,1.5246
2004-10-23 17:00:00,17,Saturday,2004-10,3.3,1361.0,16.3,420.0,120.0,1351.0,25.6,48.3,1.5641
2004-10-23 18:00:00,18,Saturday,2004-10,4.0,1475.0,21.0,475.0,115.0,1530.0,23.3,57.9,1.6376
2004-10-23 19:00:00,19,Saturday,2004-10,4.6,1537.0,23.1,526.0,118.0,1615.0,22.2,63.6,1.6763
2004-10-23 20:00:00,20,Saturday,2004-10,4.1,1413.0,17.7,460.0,117.0,1415.0,21.6,67.7,1.7228
2004-10-23 21:00:00,21,Saturday,2004-10,2.3,1229.0,12.2,255.0,96.0,1219.0,21.0,69.3,1.7058
2004-10-23 22:00:00,22,Saturday,2004-10,2.6,1297.0,14.6,283.0,89.0,1307.0,20.3,70.5,1.6599
2004-10-23 23:00:00,23,Saturday,2004-10,2.6,1302.0,13.1,271.0,84.0,1297.0,20.0,69.5,1.6109
2004-10-24 00:00:00,0,Sunday,2004-10,2.9,1347.0,15.5,315.0,97.0,1321.0,19.7,70.1,1.5891
2004-10-24 01:00:00,1,Sunday,2004-10,2.1,1165.0,11.8,227.0,68.0,1133.0,19.5,70.7,1.5851
2004-10-24 02:00:00,2,Sunday,2004-10,2.1,1155.0,10.9,243.0,66.0,1124.0,19.4,71.4,1.5959
2004-10-24 03:00:00,3,Sunday,2004-10,1.5,1050.0,8.4,,,997.0,19.3,71.1,1.5746
2004-10-24 04:00:00,4,Sunday,2004-10,,1035.0,7.0,142.0,51.0,952.0,18.7,73.8,1.5704
2004-10-24 05:00:00,5,Sunday,2004-10,1.4,1057.0,8.6,139.0,48.0,972.0,18.0,75.4,1.5441
2004-10-24 06:00:00,6,Sunday,2004-10,1.2,1029.0,7.5,182.0,47.0,965.0,17.3,78.4,1.532
2004-10-24 07:00:00,7,Sunday,2004-10,1.5,1037.0,8.1,196.0,48.0,984.0,17.5,76.6,1.5174
2004-10-24 08:00:00,8,Sunday,2004-10,0.9,920.0,4.8,108.0,45.0,880.0,20.0,66.7,1.5401
2004-10-24 09:00:00,9,Sunday,2004-10,1.4,1080.0,7.8,175.0,59.0,1001.0,19.1,70.0,1.5366
2004-10-24 10:00:00,10,Sunday,2004-10,2.1,1152.0,9.7,266.0,84.0,1137.0,21.4,61.7,1.5547
2004-10-24 11:00:00,11,Sunday,2004-10,1.6,1085.0,8.4,179.0,72.0,1023.0,24.6,50.4,1.5363
2004-10-24 12:00:00,12,Sunday,2004-10,1.5,1071.0,7.6,154.0,68.0,962.0,25.0,49.1,1.5295
2004-10-24 13:00:00,13,Sunday,2004-10,1.1,1000.0,5.9,95.0,52.0,825.0,25.3,46.7,1.4874
2004-10-24 14:00:00,14,Sunday,2004-10,1.4,1058.0,7.4,151.0,70.0,877.0,24.8,47.9,1.4819
2004-10-24 15:00:00,15,Sunday,2004-10,2.0,1184.0,10.1,230.0,90.0,1046.0,25.3,48.0,1.5249
2004-10-24 16:00:00,16,Sunday,2004-10,2.0,1189.0,9.7,239.0,87.0,1060.0,26.5,44.9,1.5278
2004-10-24 17:00:00,17,Sunday,2004-10,2.5,1277.0,11.8,306.0,99.0,1155.0,25.0,50.1,1.563
2004-10-24 18:00:00,18,Sunday,2004-10,4.3,1482.0,20.3,472.0,128.0,1464.0,22.9,57.6,1.5885
2004-10-24 19:00:00,19,Sunday,2004-10,5.2,1555.0,24.3,532.0,127.0,2185.0,21.7,62.9,1.6117
2004-10-24 20:00:00,20,Sunday,2004-10,3.4,1324.0,15.6,375.0,99.0,1959.0,21.8,63.0,1.619
2004-10-24 21:00:00,21,Sunday,2004-10,1.3,1015.0,7.3,147.0,72.0,1375.0,21.2,63.4,1.5748
2004-10-24 22:00:00,22,Sunday,2004-10,1.2,1010.0,7.1,118.0,62.0,1212.0,20.2,65.8,1.535
2004-10-24 23:00:00,23,Sunday,2004-10,1.7,1081.0,9.0,181.0,62.0,1273.0,18.4,71.5,1.5038
2004-10-25 00:00:00,0,Monday,2004-10,1.7,1071.0,8.9,209.0,63.0,1249.0,17.9,72.4,1.4758
2004-10-25 01:00:00,1,Monday,2004-10,1.4,1014.0,7.2,167.0,56.0,1097.0,16.9,75.4,1.4393
2004-10-25 02:00:00,2,Monday,2004-10,0.9,891.0,4.4,112.0,44.0,933.0,16.5,75.5,1.4056
2004-10-25 03:00:00,3,Monday,2004-10,0.7,874.0,4.1,,,858.0,15.4,79.0,1.3735
2004-10-25 04:00:00,4,Monday,2004-10,,882.0,4.3,108.0,37.0,870.0,15.5,78.6,1.37
2004-10-25 05:00:00,5,Monday,2004-10,0.9,940.0,5.9,181.0,48.0,1013.0,16.2,76.9,1.4029
2004-10-25 06:00:00,6,Monday,2004-10,1.2,1020.0,7.2,253.0,59.0,1087.0,15.8,79.6,1.417
2004-10-25 07:00:00,7,Monday,2004-10,3.2,1316.0,18.5,521.0,77.0,1566.0,16.0,76.3,1.3772
2004-10-25 08:00:00,8,Monday,2004-10,4.4,1423.0,25.0,649.0,88.0,1631.0,16.3,74.3,1.3644
2004-10-25 09:00:00,9,Monday,2004-10,3.5,1314.0,18.8,516.0,111.0,1564.0,18.7,66.3,1.414
2004-10-25 10:00:00,10,Monday,2004-10,3.2,1317.0,19.5,487.0,114.0,1601.0,20.5,60.2,1.4346
2004-10-25 11:00:00,11,Monday,2004-10,3.0,1305.0,18.2,529.0,108.0,1539.0,19.3,66.2,1.4706
2004-10-25 12:00:00,12,Monday,2004-10,3.5,1351.0,20.0,565.0,111.0,1577.0,20.0,63.9,1.4805
2004-10-25 13:00:00,13,Monday,2004-10,4.0,1438.0,24.8,558.0,126.0,1732.0,21.4,59.4,1.4928
2004-10-25 14:00:00,14,Monday,2004-10,3.8,1454.0,23.1,568.0,117.0,1672.0,21.5,60.9,1.5398
2004-10-25 15:00:00,15,Monday,2004-10,4.2,1512.0,25.5,605.0,119.0,1744.0,21.6,60.9,1.5551
2004-10-25 16:00:00,16,Monday,2004-10,5.0,1584.0,32.0,666.0,125.0,1845.0,21.6,62.0,1.5784
2004-10-25 17:00:00,17,Monday,2004-10,7.9,1816.0,46.3,814.0,158.0,2164.0,21.7,61.9,1.592
2004-10-25 18:00:00,18,Monday,2004-10,8.4,1824.0,44.5,860.0,149.0,2106.0,21.0,64.9,1.5987
2004-10-25 19:00:00,19,Monday,2004-10,8.0,1744.0,41.0,820.0,136.0,2007.0,20.0,68.6,1.5882
2004-10-25 20:00:00,20,Monday,2004-10,6.4,1588.0,32.5,742.0,112.0,1791.0,19.3,71.4,1.5805
2004-10-25 21:00:00,21,Monday,2004-10,3.5,1319.0,19.1,492.0,87.0,1444.0,18.5,73.4,1.5461
2004-10-25 22:00:00,22,Monday,2004-10,3.5,1313.0,19.6,464.0,82.0,1373.0,17.7,75.6,1.5226
2004-10-25 23:00:00,23,Monday,2004-10,1.9,1073.0,10.7,258.0,67.0,1110.0,18.5,70.4,1.487
2004-10-26 00:00:00,0,Tuesday,2004-10,2.2,1119.0,12.2,311.0,68.0,1099.0,17.0,76.1,1.4582
2004-10-26 01:00:00,1,Tuesday,2004-10,1.6,989.0,8.0,231.0,60.0,968.0,16.8,74.9,1.4258
2004-10-26 02:00:00,2,Tuesday,2004-10,1.0,912.0,5.5,127.0,48.0,847.0,15.5,78.5,1.3782
2004-10-26 03:00:00,3,Tuesday,2004-10,1.0,904.0,5.5,,,852.0,15.3,79.0,1.3605
2004-10-26 04:00:00,4,Tuesday,2004-10,,851.0,4.3,124.0,42.0,799.0,15.0,77.9,1.3197
2004-10-26 05:00:00,5,Tuesday,2004-10,0.9,902.0,5.9,138.0,46.0,834.0,14.8,79.4,1.3312
2004-10-26 06:00:00,6,Tuesday,2004-10,1.4,981.0,8.6,228.0,54.0,956.0,15.7,77.0,1.3591
2004-10-26 07:00:00,7,Tuesday,2004-10,3.0,1267.0,18.7,383.0,82.0,1259.0,16.2,75.9,1.3872
2004-10-26 08:00:00,8,Tuesday,2004-10,4.5,1392.0,25.0,581.0,93.0,1494.0,16.3,75.9,1.3991
2004-10-26 09:00:00,9,Tuesday,2004-10,3.8,1308.0,19.6,545.0,95.0,1458.0,17.7,70.6,1.4202
2004-10-26 10:00:00,10,Tuesday,2004-10,3.4,1313.0,20.8,593.0,120.0,1491.0,18.3,67.6,1.4103
2004-10-26 11:00:00,11,Tuesday,2004-10,3.5,1350.0,20.1,602.0,132.0,1560.0,20.1,62.0,1.4409
2004-10-26 12:00:00,12,Tuesday,2004-10,4.4,1477.0,26.7,624.0,146.0,1750.0,22.6,54.5,1.4737
2004-10-26 13:00:00,13,Tuesday,2004-10,4.0,1409.0,23.6,546.0,157.0,1709.0,24.6,47.1,1.4378
2004-10-26 14:00:00,14,Tuesday,2004-10,4.5,1495.0,26.4,597.0,158.0,1786.0,24.9,48.3,1.4942
2004-10-26 15:00:00,15,Tuesday,2004-10,5.3,1606.0,30.9,688.0,175.0,1900.0,24.9,50.0,1.5522
2004-10-26 16:00:00,16,Tuesday,2004-10,5.8,1669.0,32.8,760.0,166.0,1963.0,24.0,55.0,1.6211
2004-10-26 17:00:00,17,Tuesday,2004-10,8.4,1822.0,45.9,918.0,187.0,2161.0,23.2,58.7,1.651
2004-10-26 18:00:00,18,Tuesday,2004-10,9.5,1908.0,52.1,952.0,180.0,2372.0,22.5,61.5,1.6579
2004-10-26 19:00:00,19,Tuesday,2004-10,6.2,1664.0,36.6,685.0,134.0,2062.0,22.2,61.0,1.6071
2004-10-26 20:00:00,20,Tuesday,2004-10,5.0,1465.0,24.0,561.0,127.0,1736.0,22.6,58.3,1.5829
2004-10-26 21:00:00,21,Tuesday,2004-10,2.1,1076.0,9.8,239.0,95.0,1192.0,21.0,57.4,1.4098
2004-10-26 22:00:00,22,Tuesday,2004-10,1.4,1055.0,7.9,175.0,79.0,1043.0,19.8,63.7,1.4524
2004-10-26 23:00:00,23,Tuesday,2004-10,1.6,1075.0,7.5,169.0,78.0,948.0,17.7,78.8,1.5855
2004-10-27 00:00:00,0,Wednesday,2004-10,2.0,1135.0,9.2,215.0,80.0,992.0,17.6,80.5,1.6062
2004-10-27 01:00:00,1,Wednesday,2004-10,1.2,998.0,5.7,115.0,67.0,867.0,17.4,81.3,1.6066
2004-10-27 02:00:00,2,Wednesday,2004-10,0.8,953.0,4.4,94.0,61.0,825.0,17.4,81.0,1.6012
2004-10-27 03:00:00,3,Wednesday,2004-10,0.6,926.0,3.9,,,803.0,17.2,81.8,1.5856
2004-10-27 04:00:00,4,Wednesday,2004-10,,895.0,3.1,80.0,51.0,786.0,17.0,81.0,1.5521
2004-10-27 05:00:00,5,Wednesday,2004-10,0.7,967.0,5.1,132.0,56.0,866.0,16.8,81.3,1.5447
2004-10-27 06:00:00,6,Wednesday,2004-10,1.7,1164.0,10.5,295.0,68.0,1113.0,17.6,78.8,1.5723
2004-10-27 07:00:00,7,Wednesday,2004-10,3.4,1421.0,20.6,517.0,101.0,1384.0,18.0,75.7,1.5527
2004-10-27 08:00:00,8,Wednesday,2004-10,4.9,1465.0,28.5,555.0,119.0,1516.0,18.0,74.8,1.5281
2004-10-27 09:00:00,9,Wednesday,2004-10,2.7,1189.0,12.7,429.0,108.0,1222.0,18.2,74.0,1.5343
2004-10-27 10:00:00,10,Wednesday,2004-10,3.2,1278.0,16.1,561.0,132.0,1354.0,19.7,65.4,1.4854
2004-10-27 11:00:00,11,Wednesday,2004-10,2.7,1169.0,14.9,427.0,130.0,1291.0,21.0,57.9,1.4267
2004-10-27 12:00:00,12,Wednesday,2004-10,3.2,1214.0,16.8,445.0,129.0,1308.0,20.7,58.6,1.4142
2004-10-27 13:00:00,13,Wednesday,2004-10,4.1,1351.0,21.8,538.0,117.0,1420.0,19.5,67.1,1.506
2004-10-27 14:00:00,14,Wednesday,2004-10,3.6,1340.0,18.6,556.0,119.0,1297.0,18.5,76.2,1.6045
2004-10-27 15:00:00,15,Wednesday,2004-10,2.8,1157.0,14.5,370.0,113.0,1157.0,19.6,69.7,1.5675
2004-10-27 16:00:00,16,Wednesday,2004-10,2.1,1118.0,13.4,257.0,102.0,1130.0,19.9,65.3,1.5066
2004-10-27 17:00:00,17,Wednesday,2004-10,2.4,1150.0,15.8,266.0,101.0,1195.0,20.0,63.3,1.4622
2004-10-27 18:00:00,18,Wednesday,2004-10,3.6,1247.0,20.7,403.0,116.0,1341.0,19.2,66.4,1.4592
2004-10-27 19:00:00,19,Wednesday,2004-10,2.6,1194.0,16.6,275.0,101.0,1228.0,19.3,67.5,1.4977
2004-10-27 20:00:00,20,Wednesday,2004-10,2.8,1184.0,15.3,338.0,94.0,1273.0,18.2,71.4,1.4776
2004-10-27 21:00:00,21,Wednesday,2004-10,1.4,990.0,8.0,176.0,75.0,1006.0,17.8,71.2,1.4396
2004-10-27 22:00:00,22,Wednesday,2004-10,1.1,933.0,5.8,159.0,69.0,898.0,17.6,69.9,1.3969
2004-10-27 23:00:00,23,Wednesday,2004-10,1.3,968.0,7.0,147.0,60.0,894.0,16.0,75.9,1.3721
2004-10-28 00:00:00,0,Thursday,2004-10,0.9,861.0,4.5,99.0,58.0,789.0,16.9,72.0,1.3749
2004-10-28 01:00:00,1,Thursday,2004-10,1.0,904.0,5.2,98.0,51.0,805.0,15.7,76.3,1.3519
2004-10-28 02:00:00,2,Thursday,2004-10,0.9,866.0,4.4,109.0,45.0,770.0,14.8,78.7,1.3169
2004-10-28 03:00:00,3,Thursday,2004-10,0.7,881.0,4.2,,,776.0,14.8,79.7,1.3286
2004-10-28 04:00:00,4,Thursday,2004-10,,838.0,3.8,112.0,41.0,744.0,14.6,79.9,1.3156
2004-10-28 05:00:00,5,Thursday,2004-10,0.8,905.0,5.2,163.0,48.0,825.0,15.2,78.0,1.3382
2004-10-28 06:00:00,6,Thursday,2004-10,1.6,1055.0,10.0,326.0,61.0,1013.0,15.5,77.2,1.3502
2004-10-28 07:00:00,7,Thursday,2004-10,3.4,1328.0,20.0,640.0,88.0,1341.0,15.7,76.4,1.3558
2004-10-28 08:00:00,8,Thursday,2004-10,4.4,1401.0,25.8,736.0,102.0,1528.0,16.0,76.4,1.3751
2004-10-28 09:00:00,9,Thursday,2004-10,3.5,1291.0,20.0,667.0,97.0,1432.0,16.7,73.8,1.3886
2004-10-28 10:00:00,10,Thursday,2004-10,3.4,1316.0,20.6,677.0,116.0,1499.0,18.6,66.3,1.4047
2004-10-28 11:00:00,11,Thursday,2004-10,2.4,1116.0,12.2,425.0,112.0,1236.0,20.4,58.1,1.3762
2004-10-28 12:00:00,12,Thursday,2004-10,2.3,1139.0,13.1,349.0,101.0,1180.0,20.6,57.3,1.3792
2004-10-28 13:00:00,13,Thursday,2004-10,2.6,1165.0,14.5,332.0,99.0,1196.0,21.6,53.6,1.3669
2004-10-28 14:00:00,14,Thursday,2004-10,2.9,1260.0,17.5,412.0,113.0,1301.0,21.4,55.6,1.4015
2004-10-28 15:00:00,15,Thursday,2004-10,4.4,1475.0,25.9,631.0,122.0,1646.0,20.7,63.0,1.5204
2004-10-28 16:00:00,16,Thursday,2004-10,5.0,1521.0,26.6,677.0,139.0,1720.0,21.3,61.9,1.5463
2004-10-28 17:00:00,17,Thursday,2004-10,6.5,1633.0,35.3,761.0,149.0,1852.0,20.8,64.0,1.5522
2004-10-28 18:00:00,18,Thursday,2004-10,5.9,1463.0,28.2,650.0,136.0,1670.0,20.3,66.7,1.5656
2004-10-28 19:00:00,19,Thursday,2004-10,2.7,1140.0,14.2,262.0,103.0,1208.0,19.7,64.5,1.4594
2004-10-28 20:00:00,20,Thursday,2004-10,2.5,1147.0,12.4,292.0,112.0,1160.0,19.4,64.0,1.4282
2004-10-28 21:00:00,21,Thursday,2004-10,1.5,988.0,6.6,177.0,88.0,937.0,20.1,60.8,1.4152
2004-10-28 22:00:00,22,Thursday,2004-10,1.0,924.0,4.8,103.0,63.0,783.0,20.4,60.4,1.4263
2004-10-28 23:00:00,23,Thursday,2004-10,1.2,950.0,5.4,127.0,69.0,807.0,20.1,62.6,1.4543
2004-10-29 00:00:00,0,Friday,2004-10,1.0,926.0,4.3,119.0,65.0,729.0,19.9,64.9,1.4905
2004-10-29 01:00:00,1,Friday,2004-10,0.8,879.0,2.9,83.0,50.0,612.0,18.2,74.7,1.5441
2004-10-29 02:00:00,2,Friday,2004-10,0.6,864.0,2.5,65.0,43.0,574.0,18.4,73.8,1.5463
2004-10-29 03:00:00,3,Friday,2004-10,0.6,868.0,2.2,,,579.0,18.7,73.5,1.5664
2004-10-29 04:00:00,4,Friday,2004-10,,894.0,2.7,84.0,56.0,687.0,18.2,76.6,1.5907
2004-10-29 05:00:00,5,Friday,2004-10,1.1,1009.0,6.1,200.0,69.0,856.0,18.5,76.4,1.6112
2004-10-29 06:00:00,6,Friday,2004-10,1.3,1069.0,7.7,242.0,91.0,976.0,19.3,71.6,1.5844
2004-10-29 07:00:00,7,Friday,2004-10,2.9,1311.0,15.9,366.0,111.0,1208.0,20.2,66.9,1.5643
2004-10-29 08:00:00,8,Friday,2004-10,3.7,1370.0,22.8,404.0,124.0,1400.0,20.8,64.7,1.5692
2004-10-29 09:00:00,9,Friday,2004-10,3.0,1246.0,16.6,429.0,119.0,1278.0,21.9,61.8,1.6021
2004-10-29 10:00:00,10,Friday,2004-10,1.4,1039.0,8.4,169.0,77.0,934.0,23.5,57.7,1.6515
2004-10-29 11:00:00,11,Friday,2004-10,2.6,1296.0,13.9,419.0,101.0,1073.0,19.8,81.0,1.8538
2004-10-29 12:00:00,12,Friday,2004-10,4.2,1523.0,24.9,603.0,116.0,1363.0,20.2,86.5,2.0224
2004-10-29 13:00:00,13,Friday,2004-10,5.1,1424.0,22.4,589.0,137.0,1346.0,20.2,82.2,1.9184
2004-10-29 14:00:00,14,Friday,2004-10,5.5,1513.0,26.1,706.0,163.0,1393.0,19.7,82.2,1.8669
2004-10-29 15:00:00,15,Friday,2004-10,4.5,1338.0,18.1,592.0,144.0,1255.0,20.2,79.1,1.85
2004-10-29 16:00:00,16,Friday,2004-10,2.7,1214.0,13.9,305.0,118.0,1213.0,20.1,75.4,1.751
2004-10-29 17:00:00,17,Friday,2004-10,3.1,1290.0,18.5,371.0,135.0,1332.0,20.2,72.3,1.6893
2004-10-29 18:00:00,18,Friday,2004-10,4.2,1353.0,20.9,465.0,129.0,1430.0,20.0,73.3,1.693
2004-10-29 19:00:00,19,Friday,2004-10,3.1,1130.0,12.9,390.0,128.0,1102.0,18.3,74.9,1.5583
2004-10-29 20:00:00,20,Friday,2004-10,1.7,969.0,6.7,227.0,103.0,895.0,18.9,70.4,1.5259
2004-10-29 21:00:00,21,Friday,2004-10,1.8,1038.0,7.0,284.0,116.0,905.0,17.3,76.3,1.4919
2004-10-29 22:00:00,22,Friday,2004-10,1.7,1020.0,7.3,211.0,95.0,869.0,17.1,77.9,1.5081
2004-10-29 23:00:00,23,Friday,2004-10,2.1,1097.0,9.1,297.0,107.0,982.0,17.3,79.3,1.5569
2004-10-30 00:00:00,0,Saturday,2004-10,2.4,1123.0,9.9,351.0,108.0,999.0,17.3,79.9,1.5643
2004-10-30 01:00:00,1,Saturday,2004-10,1.8,1023.0,6.9,259.0,94.0,881.0,16.9,80.6,1.5372
2004-10-30 02:00:00,2,Saturday,2004-10,1.5,1015.0,6.5,214.0,84.0,868.0,16.9,81.4,1.551
2004-10-30 03:00:00,3,Saturday,2004-10,1.4,979.0,5.9,,,843.0,16.8,81.5,1.5418
2004-10-30 04:00:00,4,Saturday,2004-10,,931.0,5.4,173.0,72.0,833.0,16.9,79.8,1.5238
2004-10-30 05:00:00,5,Saturday,2004-10,1.0,922.0,5.4,192.0,76.0,825.0,16.7,79.7,1.503
2004-10-30 06:00:00,6,Saturday,2004-10,1.4,989.0,7.8,237.0,82.0,901.0,16.8,79.0,1.4978
2004-10-30 07:00:00,7,Saturday,2004-10,2.4,1149.0,13.6,413.0,94.0,1090.0,16.8,79.8,1.5115
2004-10-30 08:00:00,8,Saturday,2004-10,3.1,1202.0,15.4,455.0,102.0,1165.0,16.9,79.9,1.5253
2004-10-30 09:00:00,9,Saturday,2004-10,3.0,1206.0,14.4,493.0,106.0,1201.0,17.4,79.3,1.5593
2004-10-30 10:00:00,10,Saturday,2004-10,2.7,1224.0,14.3,482.0,108.0,1231.0,18.0,76.6,1.5706
2004-10-30 11:00:00,11,Saturday,2004-10,4.0,1371.0,20.3,599.0,152.0,1461.0,21.2,64.4,1.6015
2004-10-30 12:00:00,12,Saturday,2004-10,3.7,1327.0,18.7,481.0,160.0,1434.0,22.4,60.8,1.6261
2004-10-30 13:00:00,13,Saturday,2004-10,3.4,1301.0,17.3,406.0,133.0,1399.0,22.6,61.1,1.6596
2004-10-30 14:00:00,14,Saturday,2004-10,3.4,1301.0,16.9,419.0,147.0,1417.0,23.6,57.3,1.645
2004-10-30 15:00:00,15,Saturday,2004-10,3.2,1314.0,16.4,387.0,135.0,1395.0,23.5,58.3,1.664
2004-10-30 16:00:00,16,Saturday,2004-10,3.9,1394.0,19.1,461.0,135.0,1442.0,22.9,61.6,1.7014
2004-10-30 17:00:00,17,Saturday,2004-10,3.7,1385.0,18.7,493.0,129.0,1425.0,22.3,64.3,1.7055
2004-10-30 18:00:00,18,Saturday,2004-10,4.3,1440.0,22.4,532.0,117.0,1496.0,21.6,68.0,1.7305
2004-10-30 19:00:00,19,Saturday,2004-10,4.9,1493.0,25.3,581.0,116.0,1551.0,21.2,67.4,1.6755
2004-10-30 20:00:00,20,Saturday,2004-10,4.0,1319.0,17.7,494.0,109.0,1381.0,20.8,65.8,1.6001
2004-10-30 21:00:00,21,Saturday,2004-10,2.8,1187.0,13.8,392.0,96.0,1229.0,20.4,64.8,1.5379
2004-10-30 22:00:00,22,Saturday,2004-10,2.4,1119.0,10.2,311.0,90.0,1082.0,20.1,66.7,1.5548
2004-10-30 23:00:00,23,Saturday,2004-10,1.9,1100.0,8.6,236.0,82.0,963.0,19.5,70.0,1.5711
2004-10-31 00:00:00,0,Sunday,2004-10,2.0,1076.0,7.9,270.0,86.0,939.0,19.3,70.4,1.5578
2004-10-31 01:00:00,1,Sunday,2004-10,1.5,972.0,5.7,199.0,72.0,825.0,19.7,68.6,1.5563
2004-10-31 02:00:00,2,Sunday,2004-10,1.3,973.0,6.4,146.0,61.0,811.0,19.7,68.2,1.5484
2004-10-31 03:00:00,3,Sunday,2004-10,1.0,918.0,4.6,,,720.0,19.9,68.4,1.5673
2004-10-31 04:00:00,4,Sunday,2004-10,,844.0,2.7,74.0,45.0,627.0,18.4,74.2,1.5581
2004-10-31 05:00:00,5,Sunday,2004-10,0.5,817.0,2.1,55.0,37.0,589.0,18.9,71.3,1.5449
2004-10-31 06:00:00,6,Sunday,2004-10,0.4,791.0,1.2,43.0,31.0,540.0,18.1,79.0,1.6224
2004-10-31 07:00:00,7,Sunday,2004-10,0.4,819.0,1.4,46.0,30.0,551.0,20.4,71.2,1.6834
2004-10-31 08:00:00,8,Sunday,2004-10,0.9,972.0,4.6,139.0,41.0,742.0,20.6,70.7,1.6996
2004-10-31 09:00:00,9,Sunday,2004-10,1.3,997.0,5.7,169.0,64.0,824.0,19.3,74.1,1.6391
2004-10-31 10:00:00,10,Sunday,2004-10,2.1,1194.0,10.6,254.0,74.0,1059.0,22.2,64.4,1.7005
2004-10-31 11:00:00,11,Sunday,2004-10,2.4,1240.0,11.0,303.0,77.0,1144.0,23.0,64.6,1.7851
2004-10-31 12:00:00,12,Sunday,2004-10,2.0,1117.0,8.6,259.0,83.0,994.0,24.3,57.4,1.7233
2004-10-31 13:00:00,13,Sunday,2004-10,1.8,1141.0,8.8,226.0,71.0,1014.0,22.0,67.0,1.7441
2004-10-31 14:00:00,14,Sunday,2004-10,1.5,1062.0,7.5,161.0,62.0,924.0,22.9,65.7,1.8148
2004-10-31 15:00:00,15,Sunday,2004-10,1.6,1160.0,11.6,182.0,62.0,1023.0,23.2,63.9,1.7957
2004-10-31 16:00:00,16,Sunday,2004-10,2.2,1169.0,10.1,289.0,79.0,1033.0,23.0,62.3,1.7248
2004-10-31 17:00:00,17,Sunday,2004-10,2.3,1185.0,10.8,340.0,93.0,1065.0,22.4,63.2,1.6878
2004-10-31 18:00:00,18,Sunday,2004-10,6.6,1571.0,30.3,544.0,106.0,1516.0,21.7,66.6,1.7077
2004-10-31 19:00:00,19,Sunday,2004-10,4.7,1464.0,22.4,543.0,100.0,1648.0,21.2,70.3,1.7476
2004-10-31 20:00:00,20,Sunday,2004-10,4.1,1423.0,20.6,501.0,89.0,1466.0,20.8,70.9,1.7203
2004-10-31 21:00:00,21,Sunday,2004-10,4.1,1318.0,17.5,521.0,83.0,1365.0,20.0,73.2,1.6965
2004-10-31 22:00:00,22,Sunday,2004-10,2.7,1229.0,13.9,352.0,76.0,1247.0,19.7,73.7,1.6708
2004-10-31 23:00:00,23,Sunday,2004-10,2.6,1187.0,13.6,321.0,68.0,1183.0,19.9,72.6,1.6681
2004-11-01 00:00:00,0,Monday,2004-11,3.2,1353.0,15.9,318.0,69.0,2150.0,20.1,71.3,1.6564
2004-11-01 01:00:00,1,Monday,2004-11,3.7,1407.0,17.8,338.0,77.0,2519.0,20.1,71.1,1.6498
2004-11-01 02:00:00,2,Monday,2004-11,3.5,1333.0,16.7,353.0,68.0,1925.0,19.6,73.2,1.6543
2004-11-01 03:00:00,3,Monday,2004-11,3.0,1269.0,16.0,,,1762.0,19.1,75.8,1.6568
2004-11-01 04:00:00,4,Monday,2004-11,,1253.0,16.9,291.0,52.0,1579.0,18.4,77.9,1.6389
2004-11-01 05:00:00,5,Monday,2004-11,2.7,1212.0,15.0,279.0,49.0,1599.0,18.4,78.1,1.637
2004-11-01 06:00:00,6,Monday,2004-11,1.8,1061.0,9.6,200.0,45.0,1395.0,19.2,74.7,1.6398
2004-11-01 07:00:00,7,Monday,2004-11,1.3,1028.0,7.8,180.0,51.0,1323.0,19.4,75.1,1.6766
2004-11-01 08:00:00,8,Monday,2004-11,1.5,1067.0,8.7,213.0,51.0,1309.0,19.1,75.6,1.6519
2004-11-01 09:00:00,9,Monday,2004-11,1.9,1111.0,9.8,266.0,62.0,1441.0,20.3,71.1,1.6803
2004-11-01 10:00:00,10,Monday,2004-11,2.2,1189.0,12.4,247.0,74.0,1830.0,23.1,61.3,1.7131
2004-11-01 11:00:00,11,Monday,2004-11,2.6,1293.0,13.9,326.0,88.0,1704.0,25.1,56.0,1.7565
2004-11-01 12:00:00,12,Monday,2004-11,2.7,1285.0,12.5,319.0,90.0,1576.0,25.8,56.1,1.841
2004-11-01 13:00:00,13,Monday,2004-11,2.5,1236.0,10.9,320.0,91.0,1305.0,23.7,68.2,1.9739
2004-11-01 14:00:00,14,Monday,2004-11,1.5,1082.0,6.5,174.0,64.0,991.0,23.1,70.8,1.98
2004-11-01 15:00:00,15,Monday,2004-11,2.0,1188.0,9.4,216.0,72.0,1148.0,23.9,66.3,1.9361
2004-11-01 16:00:00,16,Monday,2004-11,3.1,1348.0,15.3,376.0,88.0,1307.0,23.8,65.0,1.8897
2004-11-01 17:00:00,17,Monday,2004-11,3.7,1394.0,16.4,496.0,110.0,1386.0,23.2,65.6,1.8435
2004-11-01 18:00:00,18,Monday,2004-11,4.0,1472.0,19.8,523.0,95.0,1420.0,21.8,72.7,1.8789
2004-11-01 19:00:00,19,Monday,2004-11,4.1,1291.0,15.8,465.0,91.0,1341.0,21.7,67.3,1.7256
2004-11-01 20:00:00,20,Monday,2004-11,3.1,1264.0,14.5,407.0,94.0,1258.0,21.3,66.3,1.6594
2004-11-01 21:00:00,21,Monday,2004-11,3.2,1264.0,14.7,412.0,86.0,1245.0,20.4,71.6,1.7004
2004-11-01 22:00:00,22,Monday,2004-11,3.2,1260.0,15.3,403.0,79.0,1231.0,19.6,75.3,1.6981
2004-11-01 23:00:00,23,Monday,2004-11,2.7,1184.0,13.0,357.0,71.0,1151.0,19.3,75.8,1.6762
2004-11-02 00:00:00,0,Tuesday,2004-11,2.3,1122.0,10.5,259.0,62.0,1048.0,18.4,76.3,1.6017
2004-11-02 01:00:00,1,Tuesday,2004-11,1.6,983.0,7.6,227.0,56.0,928.0,18.2,76.4,1.5787
2004-11-02 02:00:00,2,Tuesday,2004-11,1.1,885.0,4.8,147.0,49.0,813.0,17.9,74.8,1.5219
2004-11-02 03:00:00,3,Tuesday,2004-11,0.7,825.0,3.1,,,753.0,17.5,74.5,1.4781
2004-11-02 04:00:00,4,Tuesday,2004-11,,791.0,2.6,72.0,38.0,709.0,17.2,74.0,1.4388
2004-11-02 05:00:00,5,Tuesday,2004-11,0.6,802.0,2.7,96.0,35.0,721.0,17.6,73.2,1.4555
2004-11-02 06:00:00,6,Tuesday,2004-11,0.5,804.0,3.0,73.0,37.0,710.0,17.9,69.3,1.4099
2004-11-02 07:00:00,7,Tuesday,2004-11,1.5,1014.0,8.7,309.0,56.0,951.0,16.1,76.3,1.3902
2004-11-02 08:00:00,8,Tuesday,2004-11,3.4,1316.0,20.7,607.0,85.0,1336.0,17.1,72.8,1.4054
2004-11-02 09:00:00,9,Tuesday,2004-11,4.4,1296.0,25.2,562.0,112.0,1489.0,20.8,57.9,1.407
2004-11-02 10:00:00,10,Tuesday,2004-11,4.4,1381.0,23.6,560.0,107.0,1558.0,20.6,60.2,1.4428
2004-11-02 11:00:00,11,Tuesday,2004-11,5.8,1570.0,32.9,844.0,151.0,1944.0,22.1,56.6,1.4851
2004-11-02 12:00:00,12,Tuesday,2004-11,4.9,1426.0,25.6,667.0,151.0,1782.0,24.0,50.0,1.4679
2004-11-02 13:00:00,13,Tuesday,2004-11,5.1,1535.0,31.2,583.0,150.0,1921.0,25.7,45.6,1.487
2004-11-02 14:00:00,14,Tuesday,2004-11,7.5,1678.0,37.9,726.0,190.0,2039.0,25.5,49.7,1.5985
2004-11-02 15:00:00,15,Tuesday,2004-11,5.8,1605.0,32.3,674.0,168.0,1912.0,25.2,50.6,1.5989
2004-11-02 16:00:00,16,Tuesday,2004-11,5.9,1559.0,31.5,544.0,127.0,1827.0,25.4,50.7,1.6187
2004-11-02 17:00:00,17,Tuesday,2004-11,6.8,1713.0,38.0,715.0,140.0,1919.0,24.4,56.0,1.6885
2004-11-02 18:00:00,18,Tuesday,2004-11,7.9,1751.0,44.1,789.0,158.0,2013.0,23.0,62.1,1.7283
2004-11-02 19:00:00,19,Tuesday,2004-11,8.0,1723.0,44.9,737.0,121.0,1919.0,21.8,65.3,1.6889
2004-11-02 20:00:00,20,Tuesday,2004-11,9.2,1778.0,48.2,859.0,119.0,1927.0,20.9,67.5,1.6539
2004-11-02 21:00:00,21,Tuesday,2004-11,5.9,1461.0,29.1,668.0,96.0,1573.0,20.2,68.6,1.6034
2004-11-02 22:00:00,22,Tuesday,2004-11,3.7,1258.0,19.1,454.0,77.0,1325.0,19.3,70.8,1.5728
2004-11-02 23:00:00,23,Tuesday,2004-11,2.6,1138.0,13.9,337.0,66.0,1203.0,19.2,68.8,1.5097
2004-11-03 00:00:00,0,Wednesday,2004-11,1.1,936.0,6.8,127.0,56.0,947.0,20.4,61.1,1.4495
2004-11-03 01:00:00,1,Wednesday,2004-11,2.6,1167.0,13.2,281.0,62.0,1106.0,18.0,71.5,1.4615
2004-11-03 02:00:00,2,Wednesday,2004-11,2.2,1071.0,10.7,252.0,58.0,1045.0,17.5,73.2,1.4515
2004-11-03 03:00:00,3,Wednesday,2004-11,0.9,866.0,4.1,,,827.0,17.2,71.7,1.394
2004-11-03 04:00:00,4,Wednesday,2004-11,,836.0,2.9,65.0,37.0,777.0,16.4,74.4,1.3779
2004-11-03 05:00:00,5,Wednesday,2004-11,0.5,823.0,2.7,69.0,35.0,748.0,16.8,71.9,1.3628
2004-11-03 06:00:00,6,Wednesday,2004-11,0.7,890.0,4.3,151.0,50.0,833.0,16.9,70.5,1.3504
2004-11-03 07:00:00,7,Wednesday,2004-11,1.3,1019.0,8.0,231.0,64.0,960.0,17.0,70.1,1.3512
2004-11-03 08:00:00,8,Wednesday,2004-11,2.2,1177.0,15.5,297.0,75.0,1157.0,18.8,62.5,1.3401
2004-11-03 09:00:00,9,Wednesday,2004-11,3.7,1348.0,23.8,515.0,101.0,1444.0,20.3,58.4,1.3745
2004-11-03 10:00:00,10,Wednesday,2004-11,3.7,1341.0,21.0,499.0,94.0,1522.0,23.7,49.1,1.423
2004-11-03 11:00:00,11,Wednesday,2004-11,3.4,1307.0,19.3,445.0,95.0,1452.0,26.6,42.8,1.4713
2004-11-03 12:00:00,12,Wednesday,2004-11,3.4,1305.0,19.7,464.0,124.0,1437.0,26.2,43.5,1.4591
2004-11-03 13:00:00,13,Wednesday,2004-11,2.6,1177.0,13.2,298.0,86.0,1209.0,26.3,43.6,1.4663
2004-11-03 14:00:00,14,Wednesday,2004-11,2.5,1192.0,13.0,266.0,79.0,1170.0,26.6,42.5,1.4568
2004-11-03 15:00:00,15,Wednesday,2004-11,2.5,1214.0,12.9,323.0,87.0,1190.0,26.3,43.7,1.4718
2004-11-03 16:00:00,16,Wednesday,2004-11,2.7,1240.0,15.1,352.0,94.0,1278.0,25.6,46.2,1.4903
2004-11-03 17:00:00,17,Wednesday,2004-11,3.2,1271.0,16.3,372.0,107.0,1305.0,25.1,47.6,1.4983
2004-11-03 18:00:00,18,Wednesday,2004-11,3.7,1333.0,20.5,383.0,107.0,1364.0,23.8,51.4,1.4956
2004-11-03 19:00:00,19,Wednesday,2004-11,4.6,1390.0,24.4,455.0,117.0,1428.0,23.3,53.1,1.496
2004-11-03 20:00:00,20,Wednesday,2004-11,3.3,1266.0,18.7,355.0,97.0,1285.0,22.4,55.2,1.4735
2004-11-03 21:00:00,21,Wednesday,2004-11,2.4,1140.0,12.7,267.0,90.0,1143.0,21.7,57.7,1.4766
2004-11-03 22:00:00,22,Wednesday,2004-11,2.8,1240.0,15.6,308.0,86.0,1235.0,20.5,63.0,1.5043
2004-11-03 23:00:00,23,Wednesday,2004-11,2.7,1187.0,14.2,313.0,77.0,1208.0,19.5,67.6,1.5156
2004-11-04 00:00:00,0,Thursday,2004-11,1.8,1043.0,9.9,216.0,66.0,1041.0,18.7,69.0,1.4727
2004-11-04 01:00:00,1,Thursday,2004-11,1.1,948.0,6.3,137.0,57.0,897.0,19.3,65.5,1.45
2004-11-04 02:00:00,2,Thursday,2004-11,1.2,955.0,5.2,140.0,55.0,862.0,17.6,70.8,1.4105
2004-11-04 03:00:00,3,Thursday,2004-11,0.8,915.0,4.2,,,816.0,16.8,72.9,1.3851
2004-11-04 04:00:00,4,Thursday,2004-11,0.6,832.0,2.9,94.0,40.0,747.0,17.8,68.1,1.3722
2004-11-04 05:00:00,5,Thursday,2004-11,0.5,846.0,2.6,79.0,40.0,727.0,16.1,73.5,1.3329
2004-11-04 06:00:00,6,Thursday,2004-11,0.7,897.0,4.7,156.0,46.0,799.0,15.8,73.5,1.3151
2004-11-04 07:00:00,7,Thursday,2004-11,0.8,908.0,5.1,153.0,53.0,807.0,17.0,68.0,1.3102
2004-11-04 08:00:00,8,Thursday,2004-11,3.5,1348.0,22.2,464.0,84.0,1324.0,16.0,72.2,1.3077
2004-11-04 09:00:00,9,Thursday,2004-11,3.6,1384.0,23.3,435.0,88.0,1404.0,17.8,65.4,1.3213
2004-11-04 10:00:00,10,Thursday,2004-11,,1473.0,26.3,683.0,143.0,1605.0,20.6,56.0,1.3467
2004-11-04 11:00:00,11,Thursday,2004-11,,1360.0,19.7,523.0,130.0,1478.0,23.6,48.0,1.3757
2004-11-04 12:00:00,12,Thursday,2004-11,,1305.0,17.4,460.0,120.0,1414.0,23.7,49.8,1.4433
2004-11-04 13:00:00,13,Thursday,2004-11,,1337.0,20.2,417.0,139.0,1465.0,24.7,47.4,1.4527
2004-11-04 14:00:00,14,Thursday,2004-11,,1414.0,24.4,486.0,139.0,1588.0,25.9,42.8,1.4122
2004-11-04 15:00:00,15,Thursday,2004-11,,1463.0,24.5,512.0,156.0,1651.0,26.8,43.3,1.4977
2004-11-04 16:00:00,16,Thursday,2004-11,,1530.0,24.8,595.0,143.0,1652.0,26.6,45.5,1.5555
2004-11-04 17:00:00,17,Thursday,2004-11,,1915.0,45.9,1052.0,186.0,2110.0,24.8,53.9,1.6683
2004-11-04 18:00:00,18,Thursday,2004-11,8.7,1882.0,47.5,1014.0,171.0,2204.0,23.1,61.1,1.7082
2004-11-04 19:00:00,19,Thursday,2004-11,5.8,1589.0,33.0,633.0,124.0,1780.0,22.2,63.7,1.6865
2004-11-04 20:00:00,20,Thursday,2004-11,4.3,1463.0,27.2,485.0,97.0,1590.0,21.1,66.1,1.6313
2004-11-04 21:00:00,21,Thursday,2004-11,3.6,1380.0,21.8,480.0,92.0,1419.0,20.0,69.0,1.5956
2004-11-04 22:00:00,22,Thursday,2004-11,3.9,1383.0,21.3,572.0,96.0,1415.0,19.1,72.0,1.5732
2004-11-04 23:00:00,23,Thursday,2004-11,2.4,1181.0,13.3,345.0,74.0,1180.0,18.8,70.6,1.5209
2004-11-05 00:00:00,0,Friday,2004-11,1.6,1061.0,8.8,195.0,65.0,1015.0,18.5,69.5,1.4657
2004-11-05 01:00:00,1,Friday,2004-11,1.8,1091.0,9.2,213.0,62.0,1014.0,18.4,68.5,1.439
2004-11-05 02:00:00,2,Friday,2004-11,1.5,1010.0,7.6,216.0,59.0,938.0,16.8,73.3,1.3915
2004-11-05 03:00:00,3,Friday,2004-11,0.7,868.0,3.6,,,777.0,17.9,66.8,1.3596
2004-11-05 04:00:00,4,Friday,2004-11,0.5,852.0,2.8,73.0,41.0,723.0,16.5,71.0,1.3239
2004-11-05 05:00:00,5,Friday,2004-11,0.4,826.0,2.2,67.0,38.0,702.0,16.9,67.9,1.295
2004-11-05 06:00:00,6,Friday,2004-11,0.5,862.0,3.4,96.0,43.0,725.0,16.1,69.3,1.2591
2004-11-05 07:00:00,7,Friday,2004-11,0.8,951.0,5.7,162.0,52.0,836.0,16.1,69.6,1.2593
2004-11-05 08:00:00,8,Friday,2004-11,2.0,1210.0,16.3,305.0,75.0,1129.0,16.2,70.1,1.2837
2004-11-05 09:00:00,9,Friday,2004-11,6.2,1601.0,37.9,725.0,118.0,1718.0,16.5,69.3,1.2897
2004-11-05 10:00:00,10,Friday,2004-11,4.5,1477.0,25.5,658.0,126.0,1646.0,19.6,58.3,1.3141
2004-11-05 11:00:00,11,Friday,2004-11,4.6,1458.0,24.2,710.0,151.0,1664.0,20.7,55.5,1.3414
2004-11-05 12:00:00,12,Friday,2004-11,3.3,1354.0,20.9,445.0,107.0,1496.0,20.8,56.3,1.3664
2004-11-05 13:00:00,13,Friday,2004-11,3.6,1385.0,22.1,455.0,114.0,1506.0,21.7,53.1,1.3649
2004-11-05 14:00:00,14,Friday,2004-11,4.4,1460.0,25.0,524.0,125.0,1604.0,23.0,49.0,1.362
2004-11-05 15:00:00,15,Friday,2004-11,4.3,1492.0,26.4,527.0,138.0,1632.0,24.2,44.0,1.3078
2004-11-05 16:00:00,16,Friday,2004-11,5.0,1569.0,29.8,601.0,144.0,1736.0,24.7,43.6,1.3396
2004-11-05 17:00:00,17,Friday,2004-11,8.1,1870.0,45.0,1001.0,180.0,2165.0,23.0,54.2,1.5066
2004-11-05 18:00:00,18,Friday,2004-11,8.0,1774.0,42.8,852.0,154.0,2152.0,21.4,60.9,1.5322
2004-11-05 19:00:00,19,Friday,2004-11,3.6,1388.0,22.4,370.0,105.0,1556.0,20.3,61.4,1.4417
2004-11-05 20:00:00,20,Friday,2004-11,2.9,1303.0,15.9,348.0,98.0,1389.0,20.0,63.2,1.4581
2004-11-05 21:00:00,21,Friday,2004-11,2.7,1257.0,14.3,361.0,93.0,1300.0,19.1,64.4,1.405
2004-11-05 22:00:00,22,Friday,2004-11,1.9,1132.0,10.7,255.0,76.0,1126.0,18.1,67.5,1.3855
2004-11-05 23:00:00,23,Friday,2004-11,1.3,1050.0,7.6,162.0,69.0,982.0,17.8,66.9,1.3464
2004-11-06 00:00:00,0,Saturday,2004-11,1.2,1033.0,6.7,166.0,66.0,941.0,17.6,66.5,1.3249
2004-11-06 01:00:00,1,Saturday,2004-11,1.8,1106.0,9.0,247.0,76.0,1010.0,16.1,71.2,1.2948
2004-11-06 02:00:00,2,Saturday,2004-11,1.9,1107.0,9.0,255.0,73.0,985.0,15.5,73.3,1.2845
2004-11-06 03:00:00,3,Saturday,2004-11,1.5,1011.0,7.0,,,889.0,15.4,72.8,1.2633
2004-11-06 04:00:00,4,Saturday,2004-11,0.9,916.0,4.3,129.0,54.0,791.0,15.6,70.8,1.2461
2004-11-06 05:00:00,5,Saturday,2004-11,0.5,852.0,2.8,83.0,44.0,710.0,17.0,64.5,1.2374
2004-11-06 06:00:00,6,Saturday,2004-11,0.6,889.0,3.7,114.0,45.0,743.0,14.9,72.3,1.2186
2004-11-06 07:00:00,7,Saturday,2004-11,1.1,1002.0,6.3,233.0,58.0,857.0,14.0,76.6,1.2183
2004-11-06 08:00:00,8,Saturday,2004-11,2.8,1231.0,14.5,448.0,87.0,1143.0,14.6,74.2,1.2256
2004-11-06 09:00:00,9,Saturday,2004-11,2.9,1212.0,16.4,455.0,97.0,1210.0,15.9,69.8,1.253
2004-11-06 10:00:00,10,Saturday,2004-11,1.7,1121.0,10.9,254.0,80.0,1060.0,18.4,61.3,1.2854
2004-11-06 11:00:00,11,Saturday,2004-11,2.3,1260.0,14.1,313.0,82.0,1252.0,20.0,56.7,1.3078
2004-11-06 12:00:00,12,Saturday,2004-11,3.3,1391.0,17.1,490.0,112.0,1435.0,20.4,57.0,1.3507
2004-11-06 13:00:00,13,Saturday,2004-11,3.5,1463.0,19.4,496.0,121.0,1544.0,20.7,59.3,1.4283
2004-11-06 14:00:00,14,Saturday,2004-11,3.8,1464.0,20.9,514.0,132.0,1600.0,21.7,54.8,1.4024
2004-11-06 15:00:00,15,Saturday,2004-11,3.4,1412.0,17.7,454.0,141.0,1534.0,22.0,54.2,1.4096
2004-11-06 16:00:00,16,Saturday,2004-11,3.8,1450.0,19.8,507.0,130.0,1495.0,21.4,57.1,1.4356
2004-11-06 17:00:00,17,Saturday,2004-11,3.6,1416.0,19.5,474.0,113.0,1442.0,20.8,58.7,1.4259
2004-11-06 18:00:00,18,Saturday,2004-11,3.5,1346.0,17.0,404.0,101.0,1340.0,20.1,59.6,1.3852
2004-11-06 19:00:00,19,Saturday,2004-11,2.8,1273.0,14.6,356.0,91.0,1231.0,20.0,58.4,1.3473
2004-11-06 20:00:00,20,Saturday,2004-11,2.5,1206.0,12.0,345.0,90.0,1128.0,19.5,58.9,1.3195
2004-11-06 21:00:00,21,Saturday,2004-11,3.1,1252.0,13.3,395.0,90.0,1188.0,19.5,57.4,1.2874
2004-11-06 22:00:00,22,Saturday,2004-11,1.8,1069.0,7.9,249.0,83.0,998.0,19.1,59.2,1.295
2004-11-06 23:00:00,23,Saturday,2004-11,1.6,1061.0,7.9,197.0,73.0,944.0,18.8,59.1,1.2702
2004-11-07 00:00:00,0,Sunday,2004-11,1.9,1072.0,7.5,224.0,80.0,928.0,18.0,60.4,1.2331
2004-11-07 01:00:00,1,Sunday,2004-11,2.0,1075.0,8.4,231.0,87.0,1037.0,17.5,60.7,1.2009
2004-11-07 02:00:00,2,Sunday,2004-11,1.4,992.0,6.9,177.0,79.0,930.0,17.5,59.4,1.1768
2004-11-07 03:00:00,3,Sunday,2004-11,1.2,914.0,4.6,,,803.0,17.1,59.2,1.1477
2004-11-07 04:00:00,4,Sunday,2004-11,,854.0,3.8,98.0,56.0,665.0,17.0,52.3,1.0009
2004-11-07 05:00:00,5,Sunday,2004-11,0.7,774.0,2.1,64.0,42.0,533.0,16.1,49.8,0.9021
2004-11-07 06:00:00,6,Sunday,2004-11,0.4,757.0,1.5,44.0,31.0,449.0,15.5,51.5,0.9026
2004-11-07 07:00:00,7,Sunday,2004-11,0.4,752.0,1.2,53.0,35.0,440.0,15.1,52.0,0.8878
2004-11-07 08:00:00,8,Sunday,2004-11,0.5,757.0,1.6,94.0,51.0,453.0,14.9,46.8,0.7885
2004-11-07 09:00:00,9,Sunday,2004-11,0.7,777.0,1.9,100.0,58.0,465.0,15.5,42.4,0.74
2004-11-07 10:00:00,10,Sunday,2004-11,0.7,774.0,2.0,98.0,57.0,457.0,16.6,38.2,0.7186
2004-11-07 11:00:00,11,Sunday,2004-11,0.7,805.0,2.7,115.0,63.0,475.0,18.0,34.7,0.7089
2004-11-07 12:00:00,12,Sunday,2004-11,1.0,838.0,3.6,115.0,61.0,532.0,18.0,35.1,0.7176
2004-11-07 13:00:00,13,Sunday,2004-11,1.0,824.0,3.7,76.0,34.0,526.0,17.6,33.8,0.6726
2004-11-07 14:00:00,14,Sunday,2004-11,0.9,812.0,3.9,55.0,26.0,520.0,17.5,33.7,0.6691
2004-11-07 15:00:00,15,Sunday,2004-11,0.9,806.0,3.8,59.0,28.0,500.0,17.2,33.9,0.6591
2004-11-07 16:00:00,16,Sunday,2004-11,0.9,789.0,3.4,95.0,50.0,482.0,16.8,32.1,0.6073
2004-11-07 17:00:00,17,Sunday,2004-11,1.1,821.0,4.0,107.0,55.0,539.0,16.0,34.1,0.6155
2004-11-07 18:00:00,18,Sunday,2004-11,3.2,1024.0,14.3,189.0,84.0,943.0,14.8,37.5,0.6259
2004-11-07 19:00:00,19,Sunday,2004-11,3.1,1009.0,10.5,386.0,140.0,1016.0,14.4,39.2,0.6407
2004-11-07 20:00:00,20,Sunday,2004-11,3.1,1064.0,12.2,412.0,138.0,1063.0,14.1,43.0,0.6883
2004-11-07 21:00:00,21,Sunday,2004-11,2.3,1001.0,11.4,342.0,127.0,1034.0,13.4,48.4,0.7397
2004-11-07 22:00:00,22,Sunday,2004-11,1.8,927.0,7.3,255.0,117.0,864.0,12.7,51.2,0.7505
2004-11-07 23:00:00,23,Sunday,2004-11,0.8,819.0,2.4,89.0,57.0,500.0,9.9,71.4,0.8736
2004-11-08 00:00:00,0,Monday,2004-11,0.9,847.0,2.7,106.0,59.0,537.0,10.2,71.6,0.8893
2004-11-08 01:00:00,1,Monday,2004-11,0.8,798.0,2.5,109.0,62.0,524.0,10.6,61.3,0.7856
2004-11-08 02:00:00,2,Monday,2004-11,0.7,757.0,1.7,67.0,42.0,457.0,11.1,55.6,0.7344
2004-11-08 03:00:00,3,Monday,2004-11,0.4,703.0,0.5,,,360.0,11.5,50.4,0.6815
2004-11-08 04:00:00,4,Monday,2004-11,0.2,689.0,0.3,13.0,13.0,333.0,11.3,49.5,0.6615
2004-11-08 05:00:00,5,Monday,2004-11,0.2,698.0,0.4,20.0,18.0,339.0,10.8,50.9,0.657
2004-11-08 06:00:00,6,Monday,2004-11,0.3,720.0,0.6,33.0,26.0,358.0,10.9,50.1,0.6519
2004-11-08 07:00:00,7,Monday,2004-11,0.7,797.0,2.1,146.0,72.0,494.0,10.8,49.7,0.6429
2004-11-08 08:00:00,8,Monday,2004-11,1.7,950.0,7.4,359.0,131.0,828.0,10.7,50.4,0.6467
2004-11-08 09:00:00,9,Monday,2004-11,1.8,887.0,5.9,322.0,133.0,769.0,10.9,50.0,0.6531
2004-11-08 10:00:00,10,Monday,2004-11,1.5,850.0,4.8,293.0,116.0,714.0,12.1,46.5,0.653
2004-11-08 11:00:00,11,Monday,2004-11,1.3,836.0,4.5,255.0,117.0,672.0,12.4,44.1,0.6324
2004-11-08 12:00:00,12,Monday,2004-11,1.2,827.0,5.1,233.0,103.0,671.0,13.0,40.1,0.5989
2004-11-08 13:00:00,13,Monday,2004-11,1.3,819.0,6.0,220.0,100.0,631.0,13.4,36.3,0.5556
2004-11-08 14:00:00,14,Monday,2004-11,1.8,919.0,10.0,246.0,105.0,805.0,13.1,38.5,0.5776
2004-11-08 15:00:00,15,Monday,2004-11,1.7,897.0,7.8,272.0,121.0,808.0,11.5,46.4,0.6302
2004-11-08 16:00:00,16,Monday,2004-11,2.2,973.0,11.2,358.0,132.0,964.0,13.1,40.4,0.606
2004-11-08 17:00:00,17,Monday,2004-11,3.2,1065.0,17.0,514.0,156.0,1188.0,13.0,39.3,0.5877
2004-11-08 18:00:00,18,Monday,2004-11,5.9,1341.0,31.0,742.0,183.0,1571.0,11.3,50.9,0.679
2004-11-08 19:00:00,19,Monday,2004-11,6.6,1303.0,28.9,,,1580.0,10.6,53.4,0.6818
2004-11-08 20:00:00,20,Monday,2004-11,,1189.0,23.1,,,1426.0,9.5,57.9,0.6877
2004-11-08 21:00:00,21,Monday,2004-11,,1054.0,13.7,,,1239.0,8.6,60.5,0.6788
2004-11-08 22:00:00,22,Monday,2004-11,,943.0,8.0,,,1064.0,8.5,59.7,0.6649
2004-11-08 23:00:00,23,Monday,2004-11,,903.0,7.4,,,987.0,7.9,61.4,0.6582
2004-11-09 00:00:00,0,Tuesday,2004-11,,858.0,4.9,,,873.0,7.1,63.6,0.6442
2004-11-09 01:00:00,1,Tuesday,2004-11,,821.0,3.7,,,783.0,7.2,62.2,0.6362
2004-11-09 02:00:00,2,Tuesday,2004-11,,781.0,2.9,,,719.0,5.6,67.9,0.6247
2004-11-09 03:00:00,3,Tuesday,2004-11,,741.0,1.9,,,660.0,5.1,68.7,0.6077
2004-11-09 04:00:00,4,Tuesday,2004-11,,720.0,1.4,,,613.0,4.4,71.4,0.6024
2004-11-09 05:00:00,5,Tuesday,2004-11,,733.0,1.9,,,627.0,4.1,73.1,0.6074
2004-11-09 06:00:00,6,Tuesday,2004-11,,780.0,3.2,,,697.0,3.2,76.8,0.5963
2004-11-09 07:00:00,7,Tuesday,2004-11,,915.0,7.4,,,915.0,3.7,76.2,0.6137
2004-11-09 08:00:00,8,Tuesday,2004-11,,1228.0,22.4,,,1399.0,4.9,70.7,0.6193
2004-11-09 09:00:00,9,Tuesday,2004-11,,1239.0,22.8,,,1495.0,7.1,62.0,0.6265
2004-11-09 10:00:00,10,Tuesday,2004-11,,1209.0,18.5,,,1499.0,8.1,59.1,0.6397
2004-11-09 11:00:00,11,Tuesday,2004-11,,1257.0,20.4,,,1720.0,11.1,48.8,0.643
2004-11-09 12:00:00,12,Tuesday,2004-11,,1007.0,10.6,,,1210.0,11.3,46.5,0.6194
2004-11-09 13:00:00,13,Tuesday,2004-11,,1020.0,11.8,,,1123.0,12.5,42.3,0.6104
2004-11-09 14:00:00,14,Tuesday,2004-11,,1094.0,14.8,,,1209.0,12.5,42.8,0.6177
2004-11-09 15:00:00,15,Tuesday,2004-11,2.1,1045.0,13.1,,,1144.0,12.6,42.4,0.6159
2004-11-09 16:00:00,16,Tuesday,2004-11,1.5,909.0,7.5,,,847.0,13.8,40.7,0.6405
2004-11-09 17:00:00,17,Tuesday,2004-11,1.6,1013.0,8.1,,,923.0,11.0,58.8,0.7705
2004-11-09 18:00:00,18,Tuesday,2004-11,3.5,1236.0,16.9,,,1166.0,8.3,76.5,0.8426
2004-11-09 19:00:00,19,Tuesday,2004-11,4.6,1275.0,19.9,,,1280.0,8.6,75.5,0.8469
2004-11-09 20:00:00,20,Tuesday,2004-11,4.7,1237.0,16.5,,,1193.0,8.8,76.6,0.8678
2004-11-09 21:00:00,21,Tuesday,2004-11,3.0,1101.0,9.6,,,966.0,8.0,81.0,0.8714
2004-11-09 22:00:00,22,Tuesday,2004-11,1.5,962.0,5.3,,,752.0,7.3,85.7,0.8818
2004-11-09 23:00:00,23,Tuesday,2004-11,0.9,841.0,3.5,,,594.0,6.5,85.6,0.8353
2004-11-10 00:00:00,0,Wednesday,2004-11,0.8,831.0,2.5,,,545.0,6.5,83.5,0.8116
2004-11-10 01:00:00,1,Wednesday,2004-11,0.7,843.0,2.5,,,555.0,6.9,82.3,0.8244
2004-11-10 02:00:00,2,Wednesday,2004-11,0.6,798.0,2.2,,,543.0,7.3,78.1,0.8041
2004-11-10 03:00:00,3,Wednesday,2004-11,0.3,730.0,0.8,,,420.0,7.9,68.0,0.7265
2004-11-10 04:00:00,4,Wednesday,2004-11,0.2,715.0,0.5,32.0,29.0,373.0,8.0,64.5,0.695
2004-11-10 05:00:00,5,Wednesday,2004-11,0.2,726.0,0.5,29.0,26.0,363.0,8.1,68.6,0.7409
2004-11-10 06:00:00,6,Wednesday,2004-11,0.3,771.0,0.9,48.0,39.0,411.0,6.3,84.8,0.8148
2004-11-10 07:00:00,7,Wednesday,2004-11,0.5,805.0,1.6,113.0,72.0,496.0,6.7,79.8,0.7872
2004-11-10 08:00:00,8,Wednesday,2004-11,1.4,958.0,5.8,267.0,128.0,738.0,7.1,77.9,0.7914
2004-11-10 09:00:00,9,Wednesday,2004-11,2.0,1021.0,9.5,332.0,149.0,910.0,7.9,73.5,0.7883
2004-11-10 10:00:00,10,Wednesday,2004-11,1.6,969.0,6.7,354.0,165.0,821.0,6.9,86.0,0.8632
2004-11-10 11:00:00,11,Wednesday,2004-11,1.3,923.0,4.4,316.0,150.0,740.0,6.8,87.1,0.8652
2004-11-10 12:00:00,12,Wednesday,2004-11,1.4,973.0,6.8,395.0,165.0,852.0,8.0,81.6,0.8755
2004-11-10 13:00:00,13,Wednesday,2004-11,1.9,996.0,7.8,391.0,175.0,895.0,9.5,70.0,0.8296
2004-11-10 14:00:00,14,Wednesday,2004-11,2.7,1055.0,10.8,457.0,145.0,1019.0,10.5,62.2,0.7923
2004-11-10 15:00:00,15,Wednesday,2004-11,2.1,1023.0,9.8,448.0,98.0,993.0,11.4,59.1,0.7963
2004-11-10 16:00:00,16,Wednesday,2004-11,2.4,1039.0,11.3,543.0,105.0,1043.0,11.1,58.6,0.7737
2004-11-10 17:00:00,17,Wednesday,2004-11,2.7,1051.0,12.3,574.0,106.0,1111.0,10.8,57.6,0.7473
2004-11-10 18:00:00,18,Wednesday,2004-11,2.5,1050.0,12.6,435.0,141.0,1087.0,10.6,56.9,0.7281
2004-11-10 19:00:00,19,Wednesday,2004-11,3.7,1156.0,17.0,504.0,177.0,1250.0,10.6,59.3,0.7588
2004-11-10 20:00:00,20,Wednesday,2004-11,4.6,1277.0,21.4,586.0,182.0,1331.0,10.0,71.5,0.8768
2004-11-10 21:00:00,21,Wednesday,2004-11,3.9,1172.0,15.3,580.0,193.0,1243.0,10.3,71.1,0.8878
2004-11-10 22:00:00,22,Wednesday,2004-11,2.2,1048.0,9.9,346.0,148.0,1074.0,10.5,70.3,0.893
2004-11-10 23:00:00,23,Wednesday,2004-11,2.7,1144.0,13.4,531.0,167.0,1258.0,10.2,71.3,0.8859
2004-11-11 00:00:00,0,Thursday,2004-11,2.6,1104.0,11.2,477.0,158.0,1189.0,9.7,73.1,0.8787
2004-11-11 01:00:00,1,Thursday,2004-11,2.1,1038.0,9.4,344.0,132.0,1092.0,9.3,73.5,0.8651
2004-11-11 02:00:00,2,Thursday,2004-11,1.4,960.0,6.6,219.0,97.0,996.0,9.2,73.9,0.8616
2004-11-11 03:00:00,3,Thursday,2004-11,1.2,934.0,5.5,,,974.0,8.1,78.1,0.8452
2004-11-11 04:00:00,4,Thursday,2004-11,1.1,930.0,5.4,174.0,74.0,902.0,7.6,81.2,0.8483
2004-11-11 05:00:00,5,Thursday,2004-11,1.1,918.0,5.3,165.0,68.0,859.0,7.5,81.5,0.8495
2004-11-11 06:00:00,6,Thursday,2004-11,1.1,952.0,6.1,250.0,89.0,970.0,8.3,77.2,0.8464
2004-11-11 07:00:00,7,Thursday,2004-11,1.5,1019.0,8.1,388.0,117.0,1062.0,8.9,75.6,0.8667
2004-11-11 08:00:00,8,Thursday,2004-11,3.1,1287.0,17.3,758.0,190.0,1304.0,9.2,81.7,0.9506
2004-11-11 09:00:00,9,Thursday,2004-11,6.8,1578.0,32.3,1247.0,211.0,1643.0,9.9,83.4,1.0194
2004-11-11 10:00:00,10,Thursday,2004-11,5.4,1417.0,24.1,1110.0,190.0,1488.0,10.2,82.3,1.0253
2004-11-11 11:00:00,11,Thursday,2004-11,4.5,1392.0,21.0,1145.0,194.0,1465.0,11.2,80.7,1.0688
2004-11-11 12:00:00,12,Thursday,2004-11,3.0,1147.0,12.7,720.0,210.0,1198.0,11.8,76.1,1.0516
2004-11-11 13:00:00,13,Thursday,2004-11,2.8,1150.0,13.6,557.0,199.0,1160.0,12.5,71.3,1.0285
2004-11-11 14:00:00,14,Thursday,2004-11,3.9,1252.0,18.0,678.0,178.0,1277.0,13.2,68.4,1.0346
2004-11-11 15:00:00,15,Thursday,2004-11,3.4,1186.0,14.3,659.0,184.0,1171.0,12.5,73.2,1.0563
2004-11-11 16:00:00,16,Thursday,2004-11,3.2,1172.0,13.7,552.0,186.0,1106.0,12.2,75.7,1.0693
2004-11-11 17:00:00,17,Thursday,2004-11,2.8,1109.0,11.2,395.0,168.0,1036.0,11.5,78.1,1.0565
2004-11-11 18:00:00,18,Thursday,2004-11,3.9,1201.0,16.5,573.0,187.0,1196.0,11.6,76.0,1.0354
2004-11-11 19:00:00,19,Thursday,2004-11,3.5,1189.0,16.1,463.0,166.0,1170.0,12.0,73.3,1.0264
2004-11-11 20:00:00,20,Thursday,2004-11,4.7,1282.0,20.6,568.0,177.0,1312.0,12.9,68.8,1.0175
2004-11-11 21:00:00,21,Thursday,2004-11,4.6,1207.0,16.8,706.0,207.0,1251.0,13.1,69.6,1.0464
2004-11-11 22:00:00,22,Thursday,2004-11,1.2,904.0,4.8,193.0,114.0,805.0,12.3,73.4,1.049
2004-11-11 23:00:00,23,Thursday,2004-11,1.1,900.0,4.0,151.0,84.0,736.0,12.7,71.0,1.0387
2004-11-12 00:00:00,0,Friday,2004-11,1.2,932.0,4.5,167.0,92.0,774.0,12.9,69.9,1.0371
2004-11-12 01:00:00,1,Friday,2004-11,1.6,968.0,5.4,239.0,111.0,826.0,12.9,70.5,1.0442
2004-11-12 02:00:00,2,Friday,2004-11,0.7,827.0,2.4,102.0,71.0,636.0,13.1,67.7,1.0198
2004-11-12 03:00:00,3,Friday,2004-11,0.4,789.0,1.2,,,516.0,13.1,67.6,1.0127
2004-11-12 04:00:00,4,Friday,2004-11,,812.0,1.6,55.0,43.0,531.0,13.8,64.0,1.0042
2004-11-12 05:00:00,5,Friday,2004-11,0.6,811.0,1.7,71.0,50.0,558.0,13.7,64.4,1.0036
2004-11-12 06:00:00,6,Friday,2004-11,0.5,827.0,1.7,79.0,53.0,565.0,13.9,63.8,1.0079
2004-11-12 07:00:00,7,Friday,2004-11,0.6,849.0,2.3,117.0,67.0,604.0,14.1,64.5,1.0287
2004-11-12 08:00:00,8,Friday,2004-11,1.4,1001.0,5.7,266.0,113.0,794.0,14.0,66.1,1.0488
2004-11-12 09:00:00,9,Friday,2004-11,2.0,1021.0,7.9,340.0,140.0,907.0,14.2,66.4,1.0673
2004-11-12 10:00:00,10,Friday,2004-11,1.6,978.0,6.4,257.0,116.0,838.0,14.9,62.5,1.0529
2004-11-12 11:00:00,11,Friday,2004-11,1.6,996.0,6.9,311.0,122.0,884.0,16.3,58.4,1.0729
2004-11-12 12:00:00,12,Friday,2004-11,1.7,1014.0,6.7,279.0,116.0,866.0,16.9,56.5,1.0801
2004-11-12 13:00:00,13,Friday,2004-11,2.0,1061.0,8.7,267.0,118.0,909.0,17.4,55.8,1.098
2004-11-12 14:00:00,14,Friday,2004-11,2.3,1092.0,9.9,310.0,125.0,990.0,17.4,57.3,1.1328
2004-11-12 15:00:00,15,Friday,2004-11,2.4,1129.0,11.4,352.0,126.0,1050.0,17.7,55.5,1.1127
2004-11-12 16:00:00,16,Friday,2004-11,2.2,1077.0,9.8,337.0,135.0,1023.0,16.8,58.9,1.1199
2004-11-12 17:00:00,17,Friday,2004-11,2.6,1153.0,12.9,358.0,140.0,1103.0,17.0,57.5,1.1071
2004-11-12 18:00:00,18,Friday,2004-11,4.0,1234.0,16.6,547.0,163.0,1239.0,16.2,60.2,1.1003
2004-11-12 19:00:00,19,Friday,2004-11,5.2,1319.0,20.8,600.0,178.0,1384.0,16.7,58.0,1.0916
2004-11-12 20:00:00,20,Friday,2004-11,3.9,1251.0,18.8,470.0,160.0,1289.0,16.5,58.8,1.0921
2004-11-12 21:00:00,21,Friday,2004-11,3.8,1165.0,12.6,522.0,166.0,1180.0,15.8,61.1,1.0856
2004-11-12 22:00:00,22,Friday,2004-11,1.6,954.0,5.9,208.0,115.0,855.0,15.7,60.8,1.0769
2004-11-12 23:00:00,23,Friday,2004-11,1.5,971.0,6.1,205.0,107.0,857.0,15.9,59.6,1.0673
2004-11-13 00:00:00,0,Saturday,2004-11,1.6,961.0,5.0,217.0,108.0,811.0,15.6,60.0,1.0594
2004-11-13 01:00:00,1,Saturday,2004-11,1.5,952.0,4.9,216.0,111.0,794.0,15.6,60.1,1.0557
2004-11-13 02:00:00,2,Saturday,2004-11,1.0,875.0,2.7,117.0,75.0,612.0,15.7,59.5,1.0534
2004-11-13 03:00:00,3,Saturday,2004-11,0.8,891.0,2.7,,,590.0,15.7,60.1,1.064
2004-11-13 04:00:00,4,Saturday,2004-11,1.3,1006.0,5.0,174.0,88.0,807.0,15.6,61.7,1.0847
2004-11-13 05:00:00,5,Saturday,2004-11,1.0,907.0,3.7,111.0,71.0,702.0,15.8,59.9,1.0693
2004-11-13 06:00:00,6,Saturday,2004-11,1.0,938.0,3.8,147.0,75.0,753.0,15.2,61.8,1.0602
2004-11-13 07:00:00,7,Saturday,2004-11,0.9,925.0,3.3,140.0,86.0,709.0,16.1,55.4,1.0089
2004-11-13 08:00:00,8,Saturday,2004-11,2.1,1157.0,9.7,421.0,124.0,1087.0,14.9,64.1,1.0773
2004-11-13 09:00:00,9,Saturday,2004-11,2.1,1169.0,10.7,350.0,128.0,1126.0,15.6,62.0,1.0904
2004-11-13 10:00:00,10,Saturday,2004-11,3.1,1312.0,14.7,550.0,164.0,1386.0,17.9,54.6,1.11
2004-11-13 11:00:00,11,Saturday,2004-11,3.8,1347.0,17.6,589.0,199.0,1476.0,21.1,44.5,1.0964
2004-11-13 12:00:00,12,Saturday,2004-11,3.7,1321.0,17.5,537.0,192.0,1424.0,20.3,46.7,1.0971
2004-11-13 13:00:00,13,Saturday,2004-11,3.6,1267.0,14.1,473.0,166.0,1310.0,21.5,42.7,1.0837
2004-11-13 14:00:00,14,Saturday,2004-11,3.3,1234.0,12.1,364.0,133.0,1114.0,21.5,43.1,1.0919
2004-11-13 15:00:00,15,Saturday,2004-11,2.1,1101.0,9.2,270.0,118.0,1029.0,21.5,43.4,1.0965
2004-11-13 16:00:00,16,Saturday,2004-11,2.3,1149.0,10.6,368.0,133.0,1101.0,20.8,45.5,1.1054
2004-11-13 17:00:00,17,Saturday,2004-11,2.1,1094.0,9.0,318.0,128.0,1040.0,19.2,49.6,1.0893
2004-11-13 18:00:00,18,Saturday,2004-11,1.9,1056.0,7.5,244.0,116.0,856.0,18.3,51.6,1.0732
2004-11-13 19:00:00,19,Saturday,2004-11,1.9,1030.0,8.0,234.0,118.0,836.0,17.7,51.5,1.0357
2004-11-13 20:00:00,20,Saturday,2004-11,2.3,1075.0,9.1,296.0,142.0,894.0,17.2,51.5,1.0015
2004-11-13 21:00:00,21,Saturday,2004-11,1.7,927.0,4.7,205.0,113.0,696.0,15.9,54.9,0.9853
2004-11-13 22:00:00,22,Saturday,2004-11,0.8,793.0,1.8,95.0,59.0,524.0,14.0,55.2,0.8807
2004-11-13 23:00:00,23,Saturday,2004-11,0.8,796.0,2.1,93.0,52.0,506.0,13.3,53.0,0.8044
2004-11-14 00:00:00,0,Sunday,2004-11,0.8,780.0,1.8,100.0,57.0,453.0,11.9,55.5,0.7711
2004-11-14 01:00:00,1,Sunday,2004-11,0.8,774.0,1.8,100.0,58.0,434.0,11.4,54.6,0.7363
2004-11-14 02:00:00,2,Sunday,2004-11,0.6,718.0,1.0,63.0,44.0,373.0,10.4,53.7,0.6749
2004-11-14 03:00:00,3,Sunday,2004-11,0.4,705.0,0.8,,,330.0,9.9,54.3,0.6609
2004-11-14 04:00:00,4,Sunday,2004-11,0.3,689.0,0.7,36.0,26.0,305.0,9.8,51.3,0.6225
2004-11-14 05:00:00,5,Sunday,2004-11,0.3,678.0,0.4,24.0,20.0,286.0,9.5,52.2,0.6198
2004-11-14 06:00:00,6,Sunday,2004-11,0.2,655.0,0.2,20.0,17.0,268.0,10.0,45.7,0.5598
2004-11-14 07:00:00,7,Sunday,2004-11,0.2,649.0,0.2,25.0,21.0,261.0,10.2,41.9,0.5209
2004-11-14 08:00:00,8,Sunday,2004-11,0.3,647.0,0.3,39.0,29.0,274.0,10.6,36.1,0.4624
2004-11-14 09:00:00,9,Sunday,2004-11,0.3,667.0,0.4,57.0,39.0,291.0,10.7,36.0,0.4623
2004-11-14 10:00:00,10,Sunday,2004-11,0.4,669.0,0.5,59.0,41.0,304.0,10.8,35.4,0.4583
2004-11-14 11:00:00,11,Sunday,2004-11,0.4,667.0,0.6,65.0,44.0,301.0,11.4,32.9,0.4435
2004-11-14 12:00:00,12,Sunday,2004-11,0.6,705.0,1.1,93.0,54.0,329.0,12.4,32.0,0.4583
2004-11-14 13:00:00,13,Sunday,2004-11,0.6,710.0,1.2,112.0,62.0,350.0,12.4,31.3,0.45
2004-11-14 14:00:00,14,Sunday,2004-11,0.6,713.0,1.4,110.0,62.0,380.0,12.2,31.8,0.4514
2004-11-14 15:00:00,15,Sunday,2004-11,0.5,703.0,1.1,81.0,48.0,356.0,10.5,37.9,0.4821
2004-11-14 16:00:00,16,Sunday,2004-11,0.6,738.0,1.3,100.0,59.0,383.0,9.6,44.2,0.5289
2004-11-14 17:00:00,17,Sunday,2004-11,0.7,795.0,1.8,109.0,63.0,429.0,8.2,57.9,0.6293
2004-11-14 18:00:00,18,Sunday,2004-11,1.4,861.0,4.7,148.0,78.0,556.0,7.3,63.5,0.6519
2004-11-14 19:00:00,19,Sunday,2004-11,1.2,836.0,3.0,207.0,99.0,537.0,8.4,55.7,0.6155
2004-11-14 20:00:00,20,Sunday,2004-11,1.1,812.0,3.0,210.0,106.0,554.0,9.1,49.6,0.5765
2004-11-14 21:00:00,21,Sunday,2004-11,1.0,771.0,2.8,180.0,97.0,518.0,10.0,41.4,0.5102
2004-11-14 22:00:00,22,Sunday,2004-11,0.6,711.0,1.6,109.0,67.0,416.0,10.4,36.2,0.4561
2004-11-14 23:00:00,23,Sunday,2004-11,0.8,741.0,2.3,128.0,73.0,433.0,11.3,32.3,0.4329
2004-11-15 00:00:00,0,Monday,2004-11,0.6,696.0,1.3,96.0,62.0,393.0,10.9,33.5,0.4378
2004-11-15 01:00:00,1,Monday,2004-11,0.5,692.0,1.1,65.0,44.0,353.0,10.6,34.9,0.4455
2004-11-15 02:00:00,2,Monday,2004-11,0.3,679.0,0.6,42.0,31.0,314.0,10.7,36.1,0.4639
2004-11-15 03:00:00,3,Monday,2004-11,0.2,676.0,0.4,,,296.0,11.0,37.3,0.488
2004-11-15 04:00:00,4,Monday,2004-11,,681.0,0.4,24.0,21.0,297.0,10.7,39.2,0.5045
2004-11-15 05:00:00,5,Monday,2004-11,0.3,683.0,0.4,28.0,22.0,302.0,10.4,38.6,0.4862
2004-11-15 06:00:00,6,Monday,2004-11,0.4,704.0,0.8,55.0,41.0,348.0,10.4,37.4,0.4717
2004-11-15 07:00:00,7,Monday,2004-11,0.7,767.0,2.0,181.0,94.0,508.0,10.5,37.0,0.4707
2004-11-15 08:00:00,8,Monday,2004-11,2.0,964.0,8.7,480.0,167.0,936.0,10.7,37.9,0.487
2004-11-15 09:00:00,9,Monday,2004-11,2.4,925.0,8.6,442.0,162.0,944.0,11.1,38.1,0.5023
2004-11-15 10:00:00,10,Monday,2004-11,1.8,883.0,6.8,361.0,141.0,843.0,12.6,36.6,0.5314
2004-11-15 11:00:00,11,Monday,2004-11,1.6,894.0,6.2,288.0,127.0,820.0,13.8,36.2,0.569
2004-11-15 12:00:00,12,Monday,2004-11,1.7,881.0,6.4,330.0,116.0,793.0,13.4,37.1,0.5683
2004-11-15 13:00:00,13,Monday,2004-11,1.8,867.0,6.7,300.0,104.0,737.0,13.5,34.9,0.5393
2004-11-15 14:00:00,14,Monday,2004-11,1.7,856.0,6.2,239.0,111.0,718.0,13.7,32.2,0.5032
2004-11-15 15:00:00,15,Monday,2004-11,1.7,862.0,6.7,265.0,114.0,743.0,13.6,32.1,0.4977
2004-11-15 16:00:00,16,Monday,2004-11,1.7,891.0,7.8,287.0,121.0,848.0,13.5,31.8,0.4876
2004-11-15 17:00:00,17,Monday,2004-11,2.6,931.0,11.5,403.0,164.0,991.0,13.5,27.9,0.4287
2004-11-15 18:00:00,18,Monday,2004-11,4.0,1025.0,16.7,515.0,194.0,1191.0,12.7,28.9,0.4233
2004-11-15 19:00:00,19,Monday,2004-11,3.8,1029.0,16.6,446.0,175.0,1169.0,12.6,30.2,0.4384
2004-11-15 20:00:00,20,Monday,2004-11,4.0,1038.0,16.3,501.0,180.0,1167.0,12.3,32.0,0.4553
2004-11-15 21:00:00,21,Monday,2004-11,2.4,904.0,8.6,355.0,147.0,966.0,12.0,34.3,0.4787
2004-11-15 22:00:00,22,Monday,2004-11,1.4,844.0,5.4,217.0,112.0,796.0,11.6,37.3,0.5095
2004-11-15 23:00:00,23,Monday,2004-11,1.3,839.0,4.0,180.0,94.0,712.0,11.3,40.3,0.5406
2004-11-16 00:00:00,0,Tuesday,2004-11,1.3,844.0,3.9,167.0,91.0,701.0,11.3,41.8,0.561
2004-11-16 01:00:00,1,Tuesday,2004-11,1.0,800.0,2.8,126.0,76.0,591.0,11.2,42.0,0.5582
2004-11-16 02:00:00,2,Tuesday,2004-11,0.8,786.0,2.2,113.0,73.0,609.0,11.0,42.6,0.5595
2004-11-16 03:00:00,3,Tuesday,2004-11,0.6,737.0,0.9,,,467.0,11.2,41.3,0.5498
2004-11-16 04:00:00,4,Tuesday,2004-11,0.4,732.0,0.7,37.0,32.0,391.0,11.1,40.8,0.5395
2004-11-16 05:00:00,5,Tuesday,2004-11,0.5,737.0,0.7,50.0,40.0,395.0,10.7,41.8,0.536
2004-11-16 06:00:00,6,Tuesday,2004-11,0.5,778.0,1.2,96.0,63.0,510.0,10.2,43.6,0.5405
2004-11-16 07:00:00,7,Tuesday,2004-11,0.9,867.0,3.3,271.0,119.0,779.0,10.1,44.0,0.5434
2004-11-16 08:00:00,8,Tuesday,2004-11,3.5,1248.0,16.6,892.0,202.0,1395.0,10.1,45.6,0.5632
2004-11-16 09:00:00,9,Tuesday,2004-11,5.2,1389.0,26.3,1071.0,222.0,1706.0,11.3,43.9,0.5867
2004-11-16 10:00:00,10,Tuesday,2004-11,4.3,1184.0,16.4,839.0,212.0,1479.0,14.5,33.8,0.5541
2004-11-16 11:00:00,11,Tuesday,2004-11,3.5,1160.0,15.5,713.0,219.0,1403.0,17.5,26.4,0.5228
2004-11-16 12:00:00,12,Tuesday,2004-11,2.6,982.0,10.7,498.0,189.0,1072.0,17.2,22.4,0.4354
2004-11-16 13:00:00,13,Tuesday,2004-11,2.5,948.0,11.1,389.0,147.0,929.0,17.3,20.4,0.4011
2004-11-16 14:00:00,14,Tuesday,2004-11,2.8,1017.0,11.7,457.0,161.0,1024.0,18.1,21.0,0.4321
2004-11-16 15:00:00,15,Tuesday,2004-11,2.2,985.0,10.9,425.0,148.0,1010.0,17.9,22.3,0.4537
2004-11-16 16:00:00,16,Tuesday,2004-11,2.4,1017.0,11.4,483.0,148.0,1046.0,17.6,23.7,0.473
2004-11-16 17:00:00,17,Tuesday,2004-11,3.5,1121.0,16.3,604.0,188.0,1264.0,16.7,25.9,0.4886
2004-11-16 18:00:00,18,Tuesday,2004-11,4.2,1129.0,18.5,648.0,206.0,1365.0,14.8,29.6,0.4965
2004-11-16 19:00:00,19,Tuesday,2004-11,3.1,1101.0,14.5,427.0,168.0,1281.0,13.6,34.0,0.5251
2004-11-16 20:00:00,20,Tuesday,2004-11,3.2,1182.0,15.8,461.0,171.0,1463.0,13.4,40.4,0.6178
2004-11-16 21:00:00,21,Tuesday,2004-11,2.8,1144.0,13.2,436.0,171.0,1388.0,11.8,44.3,0.6121
2004-11-16 22:00:00,22,Tuesday,2004-11,2.2,1046.0,7.8,300.0,142.0,1195.0,10.7,47.5,0.6108
2004-11-16 23:00:00,23,Tuesday,2004-11,1.8,990.0,6.1,277.0,134.0,1111.0,10.2,49.4,0.6138
2004-11-17 00:00:00,0,Wednesday,2004-11,1.7,974.0,5.0,196.0,107.0,992.0,9.5,51.0,0.6045
2004-11-17 01:00:00,1,Wednesday,2004-11,1.6,953.0,5.3,277.0,121.0,1019.0,7.7,57.9,0.6107
2004-11-17 02:00:00,2,Wednesday,2004-11,1.1,868.0,2.9,131.0,85.0,828.0,8.4,54.5,0.6022
2004-11-17 03:00:00,3,Wednesday,2004-11,0.8,833.0,1.9,,,752.0,7.9,55.4,0.593
2004-11-17 04:00:00,4,Wednesday,2004-11,0.7,786.0,1.2,97.0,68.0,699.0,6.2,61.0,0.5824
2004-11-17 05:00:00,5,Wednesday,2004-11,0.8,834.0,1.6,105.0,69.0,719.0,6.8,58.6,0.5813
2004-11-17 06:00:00,6,Wednesday,2004-11,0.9,845.0,2.0,138.0,81.0,761.0,5.7,62.7,0.5801
2004-11-17 07:00:00,7,Wednesday,2004-11,1.2,929.0,4.0,183.0,92.0,830.0,5.9,62.0,0.5811
2004-11-17 08:00:00,8,Wednesday,2004-11,3.3,1234.0,15.4,664.0,200.0,1318.0,6.3,61.7,0.5926
2004-11-17 09:00:00,9,Wednesday,2004-11,3.8,1270.0,19.0,611.0,201.0,1482.0,7.5,58.8,0.6117
2004-11-17 10:00:00,10,Wednesday,2004-11,3.2,1241.0,14.6,600.0,213.0,1474.0,11.4,45.4,0.6113
2004-11-17 11:00:00,11,Wednesday,2004-11,,1268.0,16.0,,,1632.0,14.1,39.2,0.6278
2004-11-17 12:00:00,12,Wednesday,2004-11,3.2,1248.0,14.4,878.0,187.0,1592.0,13.3,42.3,0.6448
2004-11-17 13:00:00,13,Wednesday,2004-11,4.2,1317.0,19.0,905.0,205.0,1679.0,14.7,38.9,0.6462
2004-11-17 14:00:00,14,Wednesday,2004-11,4.3,1308.0,20.3,808.0,212.0,1670.0,16.5,32.9,0.6127
2004-11-17 15:00:00,15,Wednesday,2004-11,4.0,1321.0,19.5,858.0,198.0,1650.0,17.4,32.7,0.6422
2004-11-17 16:00:00,16,Wednesday,2004-11,4.1,1360.0,21.0,839.0,171.0,1692.0,17.3,33.9,0.6627
2004-11-17 17:00:00,17,Wednesday,2004-11,7.8,1659.0,35.9,1290.0,272.0,2155.0,16.0,41.5,0.7483
2004-11-17 18:00:00,18,Wednesday,2004-11,10.2,1802.0,47.7,748.0,192.0,2452.0,13.7,52.8,0.8244
2004-11-17 19:00:00,19,Wednesday,2004-11,6.6,1549.0,30.1,1148.0,288.0,2032.0,13.0,55.1,0.824
2004-11-17 20:00:00,20,Wednesday,2004-11,4.3,1407.0,22.0,729.0,254.0,1751.0,12.4,56.8,0.8141
2004-11-17 21:00:00,21,Wednesday,2004-11,4.9,1374.0,19.0,810.0,267.0,1675.0,10.7,62.1,0.7972
2004-11-17 22:00:00,22,Wednesday,2004-11,2.6,1127.0,9.2,427.0,198.0,1312.0,10.5,61.1,0.7755
2004-11-17 23:00:00,23,Wednesday,2004-11,2.3,1096.0,7.1,274.0,145.0,1179.0,9.7,62.5,0.7509
2004-11-18 00:00:00,0,Thursday,2004-11,2.7,1119.0,8.2,387.0,167.0,1197.0,8.8,65.5,0.7435
2004-11-18 01:00:00,1,Thursday,2004-11,2.2,999.0,5.1,235.0,127.0,995.0,8.8,63.8,0.7236
2004-11-18 02:00:00,2,Thursday,2004-11,2.0,987.0,5.6,225.0,119.0,971.0,8.5,65.0,0.7221
2004-11-18 03:00:00,3,Thursday,2004-11,1.3,912.0,3.5,,,876.0,7.5,69.3,0.7201
2004-11-18 04:00:00,4,Thursday,2004-11,1.2,893.0,3.8,185.0,84.0,844.0,6.4,74.0,0.7134
2004-11-18 05:00:00,5,Thursday,2004-11,1.1,878.0,3.6,212.0,89.0,813.0,5.9,76.6,0.7179
2004-11-18 06:00:00,6,Thursday,2004-11,1.4,996.0,6.6,358.0,122.0,1005.0,6.1,76.7,0.7271
2004-11-18 07:00:00,7,Thursday,2004-11,2.1,1119.0,9.9,531.0,162.0,1170.0,6.8,74.5,0.7415
2004-11-18 08:00:00,8,Thursday,2004-11,4.5,1407.0,21.5,992.0,225.0,1533.0,7.7,72.5,0.7666
2004-11-18 09:00:00,9,Thursday,2004-11,5.6,1503.0,27.8,1132.0,249.0,1783.0,8.9,67.4,0.7714
2004-11-18 10:00:00,10,Thursday,2004-11,5.6,1446.0,22.9,1195.0,282.0,1818.0,11.4,58.3,0.7868
2004-11-18 11:00:00,11,Thursday,2004-11,4.7,1416.0,20.2,1120.0,278.0,1826.0,13.4,52.8,0.8086
2004-11-18 12:00:00,12,Thursday,2004-11,4.2,1448.0,19.7,870.0,251.0,1839.0,15.8,50.1,0.892
2004-11-18 13:00:00,13,Thursday,2004-11,3.6,1282.0,13.8,570.0,208.0,1428.0,18.3,50.0,1.0431
2004-11-18 14:00:00,14,Thursday,2004-11,3.2,1271.0,15.3,384.0,187.0,1353.0,18.8,49.2,1.0548
2004-11-18 15:00:00,15,Thursday,2004-11,3.1,1321.0,15.9,381.0,182.0,1491.0,18.4,49.6,1.0391
2004-11-18 16:00:00,16,Thursday,2004-11,3.8,1362.0,17.4,541.0,212.0,1517.0,18.3,51.0,1.0586
2004-11-18 17:00:00,17,Thursday,2004-11,3.9,1316.0,17.6,484.0,174.0,1413.0,17.6,53.1,1.0596
2004-11-18 18:00:00,18,Thursday,2004-11,4.6,1374.0,20.4,549.0,220.0,1429.0,17.3,53.6,1.0472
2004-11-18 19:00:00,19,Thursday,2004-11,4.9,1388.0,22.6,596.0,214.0,1503.0,16.8,55.2,1.048
2004-11-18 20:00:00,20,Thursday,2004-11,5.4,1422.0,25.1,620.0,212.0,1636.0,16.6,56.5,1.0551
2004-11-18 21:00:00,21,Thursday,2004-11,4.3,1281.0,17.2,542.0,191.0,1687.0,16.3,58.1,1.0648
2004-11-18 22:00:00,22,Thursday,2004-11,3.1,1192.0,11.7,381.0,160.0,1405.0,15.9,59.0,1.059
2004-11-18 23:00:00,23,Thursday,2004-11,2.5,1108.0,9.2,270.0,130.0,1199.0,15.9,59.4,1.0628
2004-11-19 00:00:00,0,Friday,2004-11,2.4,1071.0,7.7,284.0,133.0,1090.0,15.7,60.9,1.0774
2004-11-19 01:00:00,1,Friday,2004-11,1.9,999.0,5.6,204.0,110.0,898.0,16.1,59.5,1.0811
2004-11-19 02:00:00,2,Friday,2004-11,1.3,925.0,3.3,93.0,65.0,663.0,15.5,63.8,1.1119
2004-11-19 03:00:00,3,Friday,2004-11,1.2,886.0,2.3,,,611.0,14.9,65.3,1.1018
2004-11-19 04:00:00,4,Friday,2004-11,1.1,888.0,2.1,51.0,41.0,625.0,14.7,64.4,1.0704
2004-11-19 05:00:00,5,Friday,2004-11,0.9,863.0,1.3,45.0,36.0,606.0,14.7,59.8,0.9968
2004-11-19 06:00:00,6,Friday,2004-11,1.0,870.0,1.6,68.0,45.0,515.0,15.4,55.9,0.9722
2004-11-19 07:00:00,7,Friday,2004-11,1.6,1043.0,5.3,198.0,98.0,826.0,14.5,63.0,1.0319
2004-11-19 08:00:00,8,Friday,2004-11,4.8,1478.0,20.5,633.0,194.0,1542.0,14.7,63.1,1.0513
2004-11-19 09:00:00,9,Friday,2004-11,5.9,1436.0,22.7,548.0,191.0,1626.0,15.2,62.2,1.0641
2004-11-19 10:00:00,10,Friday,2004-11,5.6,1354.0,16.7,588.0,193.0,1538.0,16.1,59.2,1.0736
2004-11-19 11:00:00,11,Friday,2004-11,3.5,1290.0,13.8,612.0,231.0,1441.0,17.0,55.9,1.0741
2004-11-19 12:00:00,12,Friday,2004-11,2.8,1203.0,11.8,428.0,202.0,1217.0,17.6,52.2,1.0396
2004-11-19 13:00:00,13,Friday,2004-11,3.6,1298.0,15.2,463.0,188.0,1320.0,17.3,55.4,1.0836
2004-11-19 14:00:00,14,Friday,2004-11,4.8,1352.0,17.9,479.0,184.0,1368.0,17.8,53.5,1.0833
2004-11-19 15:00:00,15,Friday,2004-11,5.0,1247.0,14.8,469.0,222.0,1199.0,18.3,52.3,1.0922
2004-11-19 16:00:00,16,Friday,2004-11,5.6,1375.0,18.3,583.0,221.0,1375.0,18.3,52.8,1.1016
2004-11-19 17:00:00,17,Friday,2004-11,7.5,1553.0,24.4,760.0,193.0,1682.0,17.7,56.6,1.133
2004-11-19 18:00:00,18,Friday,2004-11,7.2,1521.0,25.0,691.0,187.0,1761.0,17.3,58.2,1.1435
2004-11-19 19:00:00,19,Friday,2004-11,8.3,1623.0,29.8,832.0,188.0,1883.0,16.2,62.6,1.1455
2004-11-19 20:00:00,20,Friday,2004-11,8.6,1510.0,27.9,881.0,185.0,1855.0,15.2,57.5,0.9829
2004-11-19 21:00:00,21,Friday,2004-11,4.3,837.0,6.5,390.0,146.0,1078.0,14.2,27.7,0.4451
2004-11-19 22:00:00,22,Friday,2004-11,2.6,667.0,3.6,207.0,120.0,620.0,13.4,14.3,0.2185
2004-11-19 23:00:00,23,Friday,2004-11,2.6,695.0,4.0,204.0,110.0,645.0,12.8,14.8,0.218
2004-11-20 00:00:00,0,Saturday,2004-11,2.7,683.0,3.6,243.0,121.0,627.0,12.2,14.0,0.1988
2004-11-20 01:00:00,1,Saturday,2004-11,2.7,695.0,4.0,264.0,126.0,645.0,12.0,14.5,0.2029
2004-11-20 02:00:00,2,Saturday,2004-11,2.6,703.0,3.5,215.0,117.0,641.0,10.8,17.0,0.2193
2004-11-20 03:00:00,3,Saturday,2004-11,2.4,698.0,2.4,,,591.0,10.4,19.2,0.242
2004-11-20 04:00:00,4,Saturday,2004-11,,714.0,2.3,146.0,94.0,594.0,9.7,22.5,0.2698
2004-11-20 05:00:00,5,Saturday,2004-11,0.6,692.0,1.5,92.0,70.0,500.0,9.0,23.1,0.2648
2004-11-20 06:00:00,6,Saturday,2004-11,0.7,729.0,2.8,174.0,96.0,628.0,8.7,24.7,0.2785
2004-11-20 07:00:00,7,Saturday,2004-11,1.2,880.0,6.0,294.0,136.0,1040.0,6.9,39.4,0.3948
2004-11-20 08:00:00,8,Saturday,2004-11,2.0,974.0,11.1,412.0,177.0,1159.0,6.3,44.8,0.431
2004-11-20 09:00:00,9,Saturday,2004-11,2.8,1086.0,15.3,573.0,214.0,1330.0,7.2,43.2,0.4417
2004-11-20 10:00:00,10,Saturday,2004-11,2.9,1087.0,17.1,661.0,243.0,1402.0,11.9,27.9,0.3882
2004-11-20 11:00:00,11,Saturday,2004-11,2.2,933.0,10.3,555.0,192.0,1104.0,14.8,17.9,0.2977
2004-11-20 12:00:00,12,Saturday,2004-11,1.6,852.0,8.5,363.0,149.0,855.0,14.8,14.3,0.2397
2004-11-20 13:00:00,13,Saturday,2004-11,1.5,882.0,10.4,302.0,141.0,862.0,14.7,15.5,0.2586
2004-11-20 14:00:00,14,Saturday,2004-11,1.9,888.0,10.9,340.0,137.0,973.0,14.7,16.6,0.2756
2004-11-20 15:00:00,15,Saturday,2004-11,1.5,878.0,10.6,306.0,138.0,936.0,14.8,15.6,0.2615
2004-11-20 16:00:00,16,Saturday,2004-11,1.8,892.0,11.1,377.0,149.0,1009.0,15.3,14.3,0.2462
2004-11-20 17:00:00,17,Saturday,2004-11,3.4,1117.0,21.1,625.0,196.0,1475.0,13.5,19.5,0.3003
2004-11-20 18:00:00,18,Saturday,2004-11,4.6,1252.0,22.3,870.0,239.0,1765.0,11.1,31.8,0.4187
2004-11-20 19:00:00,19,Saturday,2004-11,1.6,1012.0,10.6,421.0,164.0,1329.0,10.2,33.4,0.4143
2004-11-20 20:00:00,20,Saturday,2004-11,1.2,1025.0,8.4,294.0,149.0,1262.0,9.5,35.9,0.4273
2004-11-20 21:00:00,21,Saturday,2004-11,1.2,1033.0,7.6,339.0,159.0,1230.0,8.0,39.8,0.4286
2004-11-20 22:00:00,22,Saturday,2004-11,0.9,1008.0,7.1,260.0,149.0,1229.0,6.6,44.1,0.4333
2004-11-20 23:00:00,23,Saturday,2004-11,0.7,992.0,7.2,256.0,133.0,1196.0,6.1,45.2,0.4295
2004-11-21 00:00:00,0,Sunday,2004-11,2.5,1187.0,13.9,572.0,216.0,1433.0,5.2,50.8,0.452
2004-11-21 01:00:00,1,Sunday,2004-11,1.5,1065.0,9.7,428.0,196.0,1249.0,4.9,53.0,0.4629
2004-11-21 02:00:00,2,Sunday,2004-11,0.5,889.0,4.9,195.0,120.0,983.0,5.3,48.7,0.4364
2004-11-21 03:00:00,3,Sunday,2004-11,0.3,901.0,5.1,,,965.0,4.2,53.6,0.4454
2004-11-21 04:00:00,4,Sunday,2004-11,0.5,875.0,5.6,160.0,101.0,932.0,3.1,56.3,0.4368
2004-11-21 05:00:00,5,Sunday,2004-11,0.1,808.0,2.8,101.0,75.0,770.0,4.1,52.2,0.4338
2004-11-21 06:00:00,6,Sunday,2004-11,0.2,858.0,2.7,97.0,73.0,788.0,3.5,55.9,0.4431
2004-11-21 07:00:00,7,Sunday,2004-11,,819.0,3.6,127.0,84.0,819.0,1.8,61.7,0.4376
2004-11-21 08:00:00,8,Sunday,2004-11,0.2,862.0,4.9,227.0,116.0,879.0,1.3,65.3,0.4457
2004-11-21 09:00:00,9,Sunday,2004-11,0.5,877.0,5.6,253.0,132.0,924.0,3.2,57.0,0.4434
2004-11-21 10:00:00,10,Sunday,2004-11,0.4,941.0,6.4,234.0,125.0,964.0,7.2,42.8,0.4356
2004-11-21 11:00:00,11,Sunday,2004-11,0.8,983.0,6.8,291.0,148.0,1055.0,10.3,34.2,0.4291
2004-11-21 12:00:00,12,Sunday,2004-11,1.5,1067.0,10.1,402.0,186.0,1383.0,10.9,33.8,0.4393
2004-11-21 13:00:00,13,Sunday,2004-11,1.9,1100.0,11.2,492.0,193.0,1367.0,12.2,30.0,0.4245
2004-11-21 14:00:00,14,Sunday,2004-11,1.1,958.0,8.7,351.0,174.0,1120.0,13.3,24.3,0.3686
2004-11-21 15:00:00,15,Sunday,2004-11,0.3,866.0,5.0,160.0,106.0,775.0,15.2,18.7,0.3214
2004-11-21 16:00:00,16,Sunday,2004-11,0.9,1018.0,8.2,292.0,127.0,1150.0,14.9,21.7,0.3646
2004-11-21 17:00:00,17,Sunday,2004-11,2.1,1175.0,12.7,537.0,172.0,1528.0,13.1,25.4,0.3814
2004-11-21 18:00:00,18,Sunday,2004-11,2.4,1197.0,10.9,607.0,179.0,1655.0,11.7,32.7,0.4472
2004-11-21 19:00:00,19,Sunday,2004-11,1.6,1110.0,7.4,308.0,150.0,1393.0,10.1,34.4,0.4249
2004-11-21 20:00:00,20,Sunday,2004-11,1.1,1060.0,6.3,277.0,147.0,1338.0,9.8,36.0,0.4364
2004-11-21 21:00:00,21,Sunday,2004-11,1.3,1136.0,7.7,348.0,163.0,1403.0,7.1,43.2,0.436
2004-11-21 22:00:00,22,Sunday,2004-11,0.8,1049.0,7.2,267.0,145.0,1327.0,5.9,47.8,0.4459
2004-11-21 23:00:00,23,Sunday,2004-11,1.0,1053.0,7.0,399.0,186.0,1346.0,5.3,50.5,0.453
2004-11-22 00:00:00,0,Monday,2004-11,0.3,970.0,5.0,163.0,116.0,1132.0,5.6,48.0,0.4412
2004-11-22 01:00:00,1,Monday,2004-11,1.0,1049.0,8.2,297.0,145.0,1209.0,3.9,55.9,0.4568
2004-11-22 02:00:00,2,Monday,2004-11,0.4,919.0,5.0,212.0,122.0,1044.0,3.3,58.0,0.4551
2004-11-22 03:00:00,3,Monday,2004-11,0.1,870.0,3.5,,,936.0,3.7,56.3,0.4544
2004-11-22 04:00:00,4,Monday,2004-11,,814.0,2.0,81.0,68.0,840.0,4.2,54.8,0.4571
2004-11-22 05:00:00,5,Monday,2004-11,,820.0,2.3,116.0,80.0,847.0,2.6,60.8,0.4544
2004-11-22 06:00:00,6,Monday,2004-11,0.1,897.0,4.2,201.0,108.0,959.0,3.7,57.9,0.4651
2004-11-22 07:00:00,7,Monday,2004-11,0.4,988.0,6.8,333.0,149.0,1133.0,4.5,54.8,0.466
2004-11-22 08:00:00,8,Monday,2004-11,2.4,1242.0,16.2,733.0,232.0,1511.0,4.9,55.8,0.4882
2004-11-22 09:00:00,9,Monday,2004-11,3.1,1493.0,50.7,846.0,215.0,2346.0,5.4,55.1,0.497
2004-11-22 10:00:00,10,Monday,2004-11,3.1,1394.0,63.7,801.0,218.0,2311.0,6.2,51.8,0.4952
2004-11-22 11:00:00,11,Monday,2004-11,2.7,1252.0,25.4,884.0,239.0,1798.0,6.8,49.8,0.4959
2004-11-22 12:00:00,12,Monday,2004-11,2.3,1255.0,20.1,784.0,224.0,1750.0,7.3,50.6,0.5184
2004-11-22 13:00:00,13,Monday,2004-11,3.0,1360.0,23.5,896.0,235.0,1863.0,7.8,49.0,0.5191
2004-11-22 14:00:00,14,Monday,2004-11,3.6,1369.0,25.2,953.0,237.0,1883.0,8.0,49.2,0.5282
2004-11-22 15:00:00,15,Monday,2004-11,3.1,1361.0,21.8,980.0,239.0,1851.0,8.3,49.3,0.5414
2004-11-22 16:00:00,16,Monday,2004-11,3.5,1411.0,22.8,1058.0,235.0,1919.0,8.5,49.6,0.5517
2004-11-22 17:00:00,17,Monday,2004-11,4.0,1509.0,25.4,1080.0,199.0,2078.0,8.5,52.6,0.5856
2004-11-22 18:00:00,18,Monday,2004-11,6.3,1738.0,38.3,1301.0,240.0,2434.0,8.9,53.4,0.6117
2004-11-22 19:00:00,19,Monday,2004-11,6.9,1766.0,37.6,1345.0,245.0,2515.0,9.1,53.8,0.6216
2004-11-22 20:00:00,20,Monday,2004-11,6.5,1706.0,33.9,1218.0,239.0,2522.0,8.9,54.2,0.6183
2004-11-22 21:00:00,21,Monday,2004-11,3.3,1472.0,22.4,884.0,191.0,2334.0,8.5,54.2,0.6054
2004-11-22 22:00:00,22,Monday,2004-11,2.4,1392.0,16.9,650.0,164.0,2199.0,8.5,57.8,0.6432
2004-11-22 23:00:00,23,Monday,2004-11,1.7,1335.0,13.9,444.0,130.0,1861.0,7.7,71.1,0.7503
2004-11-23 00:00:00,0,Tuesday,2004-11,1.3,1285.0,11.6,370.0,121.0,1751.0,7.9,72.5,0.7766
2004-11-23 01:00:00,1,Tuesday,2004-11,1.1,1267.0,10.8,349.0,118.0,1652.0,8.0,75.3,0.8079
2004-11-23 02:00:00,2,Tuesday,2004-11,0.8,1176.0,8.8,287.0,113.0,1455.0,8.0,76.2,0.8217
2004-11-23 03:00:00,3,Tuesday,2004-11,0.3,1079.0,6.0,,,1158.0,7.8,81.3,0.8631
2004-11-23 04:00:00,4,Tuesday,2004-11,,1084.0,6.1,226.0,94.0,1126.0,7.9,81.8,0.8759
2004-11-23 05:00:00,5,Tuesday,2004-11,1.3,1091.0,6.4,238.0,92.0,1126.0,8.2,81.4,0.888
2004-11-23 06:00:00,6,Tuesday,2004-11,1.4,1126.0,7.7,316.0,98.0,1158.0,8.5,81.1,0.8989
2004-11-23 07:00:00,7,Tuesday,2004-11,2.1,1210.0,10.0,508.0,111.0,1237.0,8.9,79.3,0.9088
2004-11-23 08:00:00,8,Tuesday,2004-11,4.5,1565.0,24.0,920.0,139.0,1696.0,9.5,77.9,0.9278
2004-11-23 09:00:00,9,Tuesday,2004-11,5.7,1578.0,27.6,980.0,160.0,1800.0,9.9,77.6,0.9488
2004-11-23 10:00:00,10,Tuesday,2004-11,6.6,1702.0,31.5,1188.0,183.0,1967.0,10.7,76.2,0.9798
2004-11-23 11:00:00,11,Tuesday,2004-11,5.0,1552.0,24.1,1045.0,185.0,1862.0,11.8,72.2,0.9948
2004-11-23 12:00:00,12,Tuesday,2004-11,5.3,1590.0,26.5,999.0,198.0,2003.0,13.3,66.9,1.0163
2004-11-23 13:00:00,13,Tuesday,2004-11,5.4,1640.0,27.1,955.0,201.0,2041.0,13.8,67.0,1.0513
2004-11-23 14:00:00,14,Tuesday,2004-11,7.3,1769.0,33.2,1189.0,233.0,2202.0,13.9,67.6,1.0666
2004-11-23 15:00:00,15,Tuesday,2004-11,5.1,1581.0,25.5,933.0,202.0,1966.0,14.2,66.8,1.073
2004-11-23 16:00:00,16,Tuesday,2004-11,5.3,1658.0,27.1,898.0,186.0,2030.0,14.2,67.8,1.0879
2004-11-23 17:00:00,17,Tuesday,2004-11,7.3,1821.0,35.4,1201.0,215.0,2201.0,13.6,71.0,1.1018
2004-11-23 18:00:00,18,Tuesday,2004-11,10.2,1982.0,49.5,1369.0,227.0,2386.0,13.2,72.6,1.0936
2004-11-23 19:00:00,19,Tuesday,2004-11,11.9,2008.0,50.6,1389.0,220.0,2342.0,12.4,74.7,1.0741
2004-11-23 20:00:00,20,Tuesday,2004-11,11.5,1918.0,49.4,1358.0,190.0,2237.0,11.5,76.2,1.0324
2004-11-23 21:00:00,21,Tuesday,2004-11,8.3,1693.0,31.7,1189.0,178.0,2025.0,10.4,79.3,0.9993
2004-11-23 22:00:00,22,Tuesday,2004-11,4.7,1495.0,21.8,866.0,147.0,1853.0,10.0,82.5,1.015
2004-11-23 23:00:00,23,Tuesday,2004-11,4.0,1449.0,19.8,718.0,138.0,1817.0,10.0,82.6,1.0163
2004-11-24 00:00:00,0,Wednesday,2004-11,3.9,1439.0,18.6,715.0,135.0,1704.0,10.1,83.5,1.0296
2004-11-24 01:00:00,1,Wednesday,2004-11,2.8,1270.0,13.4,558.0,123.0,1463.0,10.0,83.6,1.0235
2004-11-24 02:00:00,2,Wednesday,2004-11,2.3,1163.0,10.1,467.0,106.0,1299.0,10.4,80.8,1.0191
2004-11-24 03:00:00,3,Wednesday,2004-11,1.8,1130.0,8.4,,,1205.0,10.6,80.3,1.0252
2004-11-24 04:00:00,4,Wednesday,2004-11,1.4,1023.0,5.4,295.0,81.0,1019.0,10.6,78.8,1.008
2004-11-24 05:00:00,5,Wednesday,2004-11,1.0,931.0,3.4,151.0,66.0,867.0,10.5,77.8,0.9839
2004-11-24 06:00:00,6,Wednesday,2004-11,1.0,953.0,4.1,188.0,64.0,911.0,9.8,79.2,0.9567
2004-11-24 07:00:00,7,Wednesday,2004-11,1.8,1108.0,8.7,380.0,86.0,1106.0,9.5,80.3,0.9532
2004-11-24 08:00:00,8,Wednesday,2004-11,3.8,1414.0,18.7,717.0,114.0,1479.0,9.8,80.5,0.9724
2004-11-24 09:00:00,9,Wednesday,2004-11,4.2,1423.0,21.0,803.0,115.0,1568.0,10.3,80.3,1.002
2004-11-24 10:00:00,10,Wednesday,2004-11,3.6,1352.0,17.7,726.0,110.0,1530.0,11.1,77.2,1.0175
2004-11-24 11:00:00,11,Wednesday,2004-11,3.3,1303.0,15.1,558.0,116.0,1582.0,13.3,68.8,1.0505
2004-11-24 12:00:00,12,Wednesday,2004-11,2.0,1103.0,8.8,427.0,162.0,1235.0,15.1,58.3,0.9978
2004-11-24 13:00:00,13,Wednesday,2004-11,2.0,1138.0,9.7,317.0,104.0,1195.0,15.6,56.2,0.9876
2004-11-24 14:00:00,14,Wednesday,2004-11,2.9,1278.0,14.4,436.0,129.0,1471.0,15.4,59.6,1.0375
2004-11-24 15:00:00,15,Wednesday,2004-11,2.7,1292.0,14.7,490.0,146.0,1582.0,14.6,63.7,1.0508
2004-11-24 16:00:00,16,Wednesday,2004-11,3.4,1374.0,17.4,602.0,160.0,1671.0,13.7,66.8,1.0432
2004-11-24 17:00:00,17,Wednesday,2004-11,4.5,1464.0,22.3,732.0,169.0,1711.0,12.3,72.5,1.0331
2004-11-24 18:00:00,18,Wednesday,2004-11,6.1,1562.0,30.3,865.0,167.0,1852.0,10.8,77.2,1.0021
2004-11-24 19:00:00,19,Wednesday,2004-11,6.8,1592.0,33.3,936.0,166.0,1902.0,10.2,80.4,1.0003
2004-11-24 20:00:00,20,Wednesday,2004-11,8.4,1669.0,36.0,1074.0,181.0,1961.0,10.1,79.3,0.9795
2004-11-24 21:00:00,21,Wednesday,2004-11,5.3,1429.0,23.9,812.0,144.0,1689.0,10.0,76.1,0.9329
2004-11-24 22:00:00,22,Wednesday,2004-11,4.5,1354.0,19.0,773.0,141.0,1580.0,8.6,82.3,0.9198
2004-11-24 23:00:00,23,Wednesday,2004-11,4.1,1311.0,16.8,761.0,123.0,1428.0,7.7,84.3,0.8881
2004-11-25 00:00:00,0,Thursday,2004-11,4.0,1311.0,17.5,781.0,121.0,1434.0,7.1,84.1,0.8557
2004-11-25 01:00:00,1,Thursday,2004-11,4.0,1292.0,17.4,743.0,114.0,1389.0,6.7,83.2,0.819
2004-11-25 02:00:00,2,Thursday,2004-11,3.0,1091.0,11.3,533.0,93.0,1130.0,6.0,83.0,0.78
2004-11-25 03:00:00,3,Thursday,2004-11,2.1,1009.0,8.7,,,983.0,5.1,84.0,0.7439
2004-11-25 04:00:00,4,Thursday,2004-11,2.2,1050.0,9.4,456.0,89.0,1025.0,4.3,85.4,0.7152
2004-11-25 05:00:00,5,Thursday,2004-11,2.2,1053.0,9.4,486.0,94.0,1050.0,4.0,85.7,0.7041
2004-11-25 06:00:00,6,Thursday,2004-11,2.0,1016.0,9.1,498.0,93.0,1038.0,4.0,84.4,0.6943
2004-11-25 07:00:00,7,Thursday,2004-11,2.2,1057.0,10.7,585.0,100.0,1080.0,4.0,83.1,0.682
2004-11-25 08:00:00,8,Thursday,2004-11,4.0,1309.0,21.3,911.0,127.0,1411.0,4.4,81.3,0.689
2004-11-25 09:00:00,9,Thursday,2004-11,4.8,1315.0,22.9,845.0,137.0,1549.0,6.7,72.6,0.718
2004-11-25 10:00:00,10,Thursday,2004-11,4.6,1315.0,20.1,807.0,190.0,1659.0,10.0,63.4,0.7791
2004-11-25 11:00:00,11,Thursday,2004-11,2.8,1111.0,11.8,603.0,171.0,1434.0,13.6,48.7,0.7547
2004-11-25 12:00:00,12,Thursday,2004-11,2.1,1087.0,10.6,391.0,127.0,1310.0,14.6,46.5,0.7687
2004-11-25 13:00:00,13,Thursday,2004-11,2.0,1104.0,11.4,279.0,109.0,1227.0,15.4,43.0,0.7483
2004-11-25 14:00:00,14,Thursday,2004-11,2.5,1142.0,12.8,358.0,126.0,1261.0,16.4,38.2,0.7081
2004-11-25 15:00:00,15,Thursday,2004-11,2.5,1164.0,13.4,403.0,136.0,1261.0,16.8,37.6,0.7129
2004-11-25 16:00:00,16,Thursday,2004-11,2.8,1214.0,14.2,465.0,156.0,1345.0,16.8,36.7,0.6944
2004-11-25 17:00:00,17,Thursday,2004-11,4.0,1369.0,21.8,707.0,187.0,1608.0,15.4,41.3,0.7151
2004-11-25 18:00:00,18,Thursday,2004-11,4.5,1368.0,21.4,660.0,173.0,1653.0,13.8,48.9,0.7699
2004-11-25 19:00:00,19,Thursday,2004-11,3.1,1226.0,15.4,402.0,137.0,1442.0,13.3,50.9,0.7745
2004-11-25 20:00:00,20,Thursday,2004-11,2.6,1225.0,14.5,350.0,122.0,1421.0,11.5,57.3,0.7786
2004-11-25 21:00:00,21,Thursday,2004-11,2.6,1190.0,11.4,355.0,129.0,1329.0,10.7,59.8,0.7674
2004-11-25 22:00:00,22,Thursday,2004-11,2.0,1128.0,7.8,296.0,110.0,1212.0,10.0,61.8,0.7576
2004-11-25 23:00:00,23,Thursday,2004-11,1.8,1105.0,7.6,266.0,102.0,1179.0,9.9,62.1,0.7566
2004-11-26 00:00:00,0,Friday,2004-11,2.5,1152.0,9.5,373.0,114.0,1231.0,9.3,64.5,0.7554
2004-11-26 01:00:00,1,Friday,2004-11,2.3,1141.0,9.7,417.0,117.0,1214.0,9.1,65.7,0.7607
2004-11-26 02:00:00,2,Friday,2004-11,2.1,1121.0,8.1,308.0,98.0,1134.0,8.9,71.8,0.818
2004-11-26 03:00:00,3,Friday,2004-11,1.5,1043.0,5.9,,,992.0,9.1,72.9,0.8429
2004-11-26 04:00:00,4,Friday,2004-11,,1090.0,6.6,209.0,79.0,989.0,8.7,77.6,0.8753
2004-11-26 05:00:00,5,Friday,2004-11,1.2,982.0,4.8,196.0,77.0,897.0,9.0,77.3,0.8873
2004-11-26 06:00:00,6,Friday,2004-11,1.0,974.0,4.6,203.0,75.0,885.0,9.1,77.3,0.8944
2004-11-26 07:00:00,7,Friday,2004-11,1.7,1118.0,8.4,393.0,95.0,1059.0,9.3,76.9,0.9007
2004-11-26 08:00:00,8,Friday,2004-11,4.3,1508.0,23.1,864.0,137.0,1567.0,10.0,75.0,0.9179
2004-11-26 09:00:00,9,Friday,2004-11,5.8,1521.0,26.6,960.0,149.0,1727.0,10.6,72.7,0.9272
2004-11-26 10:00:00,10,Friday,2004-11,5.6,1562.0,26.1,1056.0,197.0,2021.0,12.4,64.8,0.931
2004-11-26 11:00:00,11,Friday,2004-11,4.0,1392.0,16.4,856.0,183.0,1795.0,13.7,59.9,0.9335
2004-11-26 12:00:00,12,Friday,2004-11,4.0,1439.0,18.9,854.0,179.0,1852.0,14.9,57.0,0.9564
2004-11-26 13:00:00,13,Friday,2004-11,4.9,1539.0,22.7,854.0,196.0,1943.0,15.5,56.2,0.9814
2004-11-26 14:00:00,14,Friday,2004-11,5.6,1608.0,27.2,949.0,208.0,2058.0,15.8,56.3,1.0026
2004-11-26 15:00:00,15,Friday,2004-11,5.1,1589.0,24.1,932.0,203.0,1972.0,15.8,57.9,1.0292
2004-11-26 16:00:00,16,Friday,2004-11,6.2,1704.0,29.1,1071.0,213.0,2098.0,15.7,58.9,1.0432
2004-11-26 17:00:00,17,Friday,2004-11,7.7,1822.0,36.0,1134.0,233.0,2244.0,15.5,61.2,1.067
2004-11-26 18:00:00,18,Friday,2004-11,10.1,1956.0,45.2,1389.0,255.0,2465.0,15.5,62.8,1.0979
2004-11-26 19:00:00,19,Friday,2004-11,6.4,1676.0,30.7,866.0,170.0,2096.0,15.6,64.9,1.1396
2004-11-26 20:00:00,20,Friday,2004-11,7.7,1834.0,37.7,947.0,167.0,2190.0,15.1,67.0,1.1394
2004-11-26 21:00:00,21,Friday,2004-11,8.1,1759.0,31.6,1155.0,205.0,2234.0,14.6,67.7,1.1164
2004-11-26 22:00:00,22,Friday,2004-11,4.7,1518.0,19.9,798.0,170.0,2048.0,13.8,67.8,1.0609
2004-11-26 23:00:00,23,Friday,2004-11,4.3,1502.0,18.6,696.0,154.0,2044.0,13.4,69.0,1.0579
2004-11-27 00:00:00,0,Saturday,2004-11,4.1,1499.0,16.9,654.0,143.0,1881.0,13.0,73.7,1.0957
2004-11-27 01:00:00,1,Saturday,2004-11,4.2,1531.0,18.0,685.0,140.0,1774.0,12.7,77.5,1.1339
2004-11-27 02:00:00,2,Saturday,2004-11,3.8,1424.0,14.9,574.0,122.0,1615.0,12.4,78.4,1.1269
2004-11-27 03:00:00,3,Saturday,2004-11,2.7,1279.0,10.2,,,1473.0,11.9,79.7,1.1075
2004-11-27 04:00:00,4,Saturday,2004-11,2.4,1250.0,9.1,319.0,103.0,1380.0,11.9,80.7,1.1199
2004-11-27 05:00:00,5,Saturday,2004-11,2.0,1189.0,7.3,263.0,97.0,1251.0,13.2,75.8,1.1459
2004-11-27 06:00:00,6,Saturday,2004-11,1.7,1197.0,7.6,320.0,99.0,1173.0,12.3,81.9,1.1674
2004-11-27 07:00:00,7,Saturday,2004-11,2.1,1273.0,9.2,439.0,110.0,1217.0,12.8,80.8,1.1898
2004-11-27 08:00:00,8,Saturday,2004-11,2.5,1298.0,11.1,398.0,110.0,1193.0,13.7,76.3,1.1932
2004-11-27 09:00:00,9,Saturday,2004-11,3.8,1453.0,16.3,637.0,121.0,1358.0,13.4,78.8,1.2104
2004-11-27 10:00:00,10,Saturday,2004-11,3.9,1492.0,17.8,699.0,122.0,1481.0,13.8,77.8,1.2201
2004-11-27 11:00:00,11,Saturday,2004-11,4.2,1481.0,16.7,699.0,136.0,1532.0,15.1,73.2,1.244
2004-11-27 12:00:00,12,Saturday,2004-11,4.0,1524.0,17.6,707.0,170.0,1675.0,15.8,70.5,1.2557
2004-11-27 13:00:00,13,Saturday,2004-11,4.4,1562.0,19.4,743.0,156.0,1709.0,15.4,73.3,1.27
2004-11-27 14:00:00,14,Saturday,2004-11,4.7,1567.0,20.1,745.0,158.0,1743.0,15.6,71.4,1.2596
2004-11-27 15:00:00,15,Saturday,2004-11,4.6,1568.0,19.4,741.0,174.0,1774.0,16.3,68.7,1.2596
2004-11-27 16:00:00,16,Saturday,2004-11,4.8,1622.0,20.5,765.0,187.0,1804.0,16.4,68.2,1.2662
2004-11-27 17:00:00,17,Saturday,2004-11,4.5,1515.0,18.7,632.0,147.0,1555.0,15.6,70.2,1.238
2004-11-27 18:00:00,18,Saturday,2004-11,5.6,1603.0,24.5,808.0,136.0,1621.0,14.2,75.8,1.2202
2004-11-27 19:00:00,19,Saturday,2004-11,4.9,1514.0,21.3,703.0,134.0,1614.0,14.0,74.6,1.1865
2004-11-27 20:00:00,20,Saturday,2004-11,5.3,1567.0,23.5,764.0,126.0,1637.0,13.3,75.8,1.1506
2004-11-27 21:00:00,21,Saturday,2004-11,4.6,1380.0,15.5,667.0,130.0,1485.0,13.7,72.5,1.1326
2004-11-27 22:00:00,22,Saturday,2004-11,2.4,1214.0,9.9,355.0,98.0,1280.0,12.8,73.8,1.0853
2004-11-27 23:00:00,23,Saturday,2004-11,2.7,1225.0,10.1,359.0,89.0,1236.0,11.2,78.3,1.0415
2004-11-28 00:00:00,0,Sunday,2004-11,2.5,1250.0,10.3,327.0,88.0,1204.0,10.6,79.4,1.0133
2004-11-28 01:00:00,1,Sunday,2004-11,2.3,1143.0,7.6,289.0,86.0,1069.0,10.8,77.5,1.0027
2004-11-28 02:00:00,2,Sunday,2004-11,,1046.0,6.1,,,957.0,10.5,78.6,0.9976
2004-11-28 03:00:00,3,Sunday,2004-11,1.3,953.0,4.2,138.0,70.0,828.0,10.3,77.6,0.9743
2004-11-28 04:00:00,4,Sunday,2004-11,1.0,913.0,3.1,86.0,55.0,748.0,10.3,74.9,0.9362
2004-11-28 05:00:00,5,Sunday,2004-11,0.9,858.0,1.6,60.0,45.0,663.0,11.2,69.0,0.9159
2004-11-28 06:00:00,6,Sunday,2004-11,0.7,848.0,1.7,62.0,44.0,644.0,8.9,77.1,0.8804
2004-11-28 07:00:00,7,Sunday,2004-11,0.8,871.0,1.5,73.0,50.0,662.0,9.5,73.3,0.8719
2004-11-28 08:00:00,8,Sunday,2004-11,1.0,909.0,2.6,157.0,74.0,736.0,8.6,77.2,0.8617
2004-11-28 09:00:00,9,Sunday,2004-11,1.1,906.0,2.8,166.0,81.0,761.0,8.6,76.6,0.8586
2004-11-28 10:00:00,10,Sunday,2004-11,0.8,859.0,1.9,98.0,65.0,696.0,9.7,72.0,0.8649
2004-11-28 11:00:00,11,Sunday,2004-11,1.4,1028.0,5.2,153.0,76.0,871.0,11.1,68.2,0.8979
2004-11-28 12:00:00,12,Sunday,2004-11,2.2,1089.0,6.5,307.0,110.0,1004.0,11.8,65.0,0.8966
2004-11-28 13:00:00,13,Sunday,2004-11,2.7,1184.0,9.4,416.0,124.0,1133.0,12.1,64.8,0.9135
2004-11-28 14:00:00,14,Sunday,2004-11,2.3,1136.0,8.2,346.0,120.0,1140.0,12.6,63.2,0.9209
2004-11-28 15:00:00,15,Sunday,2004-11,1.9,1069.0,6.9,252.0,99.0,999.0,13.4,61.9,0.9513
2004-11-28 16:00:00,16,Sunday,2004-11,2.7,1214.0,8.6,326.0,117.0,1124.0,13.3,63.3,0.9597
2004-11-28 17:00:00,17,Sunday,2004-11,3.2,1212.0,8.6,490.0,132.0,1193.0,11.2,70.9,0.9406
2004-11-28 18:00:00,18,Sunday,2004-11,3.2,1218.0,10.1,452.0,113.0,1258.0,9.6,76.5,0.9184
2004-11-28 19:00:00,19,Sunday,2004-11,3.5,1279.0,12.6,542.0,117.0,1356.0,9.9,76.3,0.9296
2004-11-28 20:00:00,20,Sunday,2004-11,4.5,1382.0,16.5,605.0,127.0,1468.0,10.4,74.6,0.9394
2004-11-28 21:00:00,21,Sunday,2004-11,4.1,1292.0,13.0,577.0,132.0,1390.0,10.3,75.1,0.9399
2004-11-28 22:00:00,22,Sunday,2004-11,3.3,1250.0,12.1,491.0,121.0,1348.0,10.4,75.4,0.947
2004-11-28 23:00:00,23,Sunday,2004-11,3.1,1260.0,11.4,492.0,122.0,1355.0,10.5,75.4,0.9566
2004-11-29 00:00:00,0,Monday,2004-11,3.0,1203.0,10.3,412.0,113.0,1315.0,10.2,78.4,0.9757
2004-11-29 01:00:00,1,Monday,2004-11,2.3,1146.0,8.0,283.0,99.0,1183.0,9.9,80.5,0.984
2004-11-29 02:00:00,2,Monday,2004-11,2.3,1130.0,8.1,280.0,86.0,1117.0,9.8,81.4,0.9855
2004-11-29 03:00:00,3,Monday,2004-11,1.7,1032.0,4.9,,,1001.0,9.5,81.7,0.9693
2004-11-29 04:00:00,4,Monday,2004-11,1.5,993.0,4.2,156.0,66.0,925.0,8.9,83.0,0.9487
2004-11-29 05:00:00,5,Monday,2004-11,1.3,987.0,4.9,166.0,67.0,940.0,8.8,83.7,0.9529
2004-11-29 06:00:00,6,Monday,2004-11,1.4,1018.0,5.7,225.0,78.0,956.0,8.7,84.2,0.9526
2004-11-29 07:00:00,7,Monday,2004-11,2.0,1129.0,9.8,325.0,90.0,1064.0,8.7,83.7,0.9454
2004-11-29 08:00:00,8,Monday,2004-11,4.2,1440.0,20.6,760.0,120.0,1515.0,9.6,80.8,0.9687
2004-11-29 09:00:00,9,Monday,2004-11,5.9,1609.0,29.5,948.0,139.0,1803.0,11.3,75.3,1.0048
2004-11-29 10:00:00,10,Monday,2004-11,6.3,1573.0,28.3,1044.0,172.0,1927.0,13.8,68.5,1.0718
2004-11-29 11:00:00,11,Monday,2004-11,6.6,1705.0,30.5,1172.0,232.0,2197.0,14.9,64.9,1.0929
2004-11-29 12:00:00,12,Monday,2004-11,5.0,1551.0,23.0,1000.0,168.0,2038.0,15.3,63.2,1.0898
2004-11-29 13:00:00,13,Monday,2004-11,2.5,1163.0,11.1,366.0,120.0,1339.0,18.6,49.1,1.0425
2004-11-29 14:00:00,14,Monday,2004-11,2.6,1186.0,12.8,346.0,121.0,1328.0,18.6,49.3,1.0451
2004-11-29 15:00:00,15,Monday,2004-11,1.9,1166.0,10.8,289.0,117.0,1227.0,18.4,49.9,1.0453
2004-11-29 16:00:00,16,Monday,2004-11,2.3,1200.0,11.4,316.0,121.0,1199.0,17.9,51.4,1.0488
2004-11-29 17:00:00,17,Monday,2004-11,1.9,1134.0,8.1,238.0,107.0,1046.0,18.0,51.9,1.0622
2004-11-29 18:00:00,18,Monday,2004-11,2.3,1161.0,10.0,267.0,115.0,1132.0,16.7,57.3,1.0813
2004-11-29 19:00:00,19,Monday,2004-11,1.8,1117.0,7.3,182.0,94.0,986.0,17.3,57.0,1.1137
2004-11-29 20:00:00,20,Monday,2004-11,1.9,1114.0,7.3,197.0,98.0,991.0,16.8,58.7,1.1109
2004-11-29 21:00:00,21,Monday,2004-11,1.4,1022.0,4.6,149.0,87.0,847.0,16.5,59.2,1.1021
2004-11-29 22:00:00,22,Monday,2004-11,1.2,996.0,4.0,124.0,78.0,783.0,16.3,59.7,1.0941
2004-11-29 23:00:00,23,Monday,2004-11,1.0,1002.0,3.9,105.0,69.0,752.0,16.0,61.6,1.1127
2004-11-30 00:00:00,0,Tuesday,2004-11,1.2,1032.0,3.6,109.0,67.0,737.0,15.6,66.6,1.1763
2004-11-30 01:00:00,1,Tuesday,2004-11,1.4,1052.0,5.1,169.0,81.0,796.0,13.8,80.4,1.2621
2004-11-30 02:00:00,2,Tuesday,2004-11,1.2,1014.0,4.5,124.0,75.0,765.0,13.2,84.4,1.2779
2004-11-30 03:00:00,3,Tuesday,2004-11,0.8,897.0,2.0,,,636.0,13.6,82.8,1.2845
2004-11-30 04:00:00,4,Tuesday,2004-11,0.6,878.0,1.2,50.0,42.0,539.0,13.8,81.3,1.2767
2004-11-30 05:00:00,5,Tuesday,2004-11,0.6,840.0,1.4,47.0,38.0,483.0,13.6,75.5,1.172
2004-11-30 06:00:00,6,Tuesday,2004-11,0.7,879.0,1.9,110.0,64.0,537.0,11.5,81.4,1.1025
2004-11-30 07:00:00,7,Tuesday,2004-11,1.1,999.0,3.6,193.0,86.0,707.0,11.8,80.7,1.1181
2004-11-30 08:00:00,8,Tuesday,2004-11,2.5,1251.0,11.0,475.0,127.0,1070.0,12.3,78.9,1.1283
2004-11-30 09:00:00,9,Tuesday,2004-11,3.6,1351.0,17.5,420.0,122.0,1248.0,13.0,76.0,1.1317
2004-11-30 10:00:00,10,Tuesday,2004-11,3.6,1312.0,15.9,439.0,141.0,1261.0,13.7,70.9,1.1076
2004-11-30 11:00:00,11,Tuesday,2004-11,3.3,1201.0,13.4,461.0,139.0,1209.0,14.0,70.9,1.1244
2004-11-30 12:00:00,12,Tuesday,2004-11,2.0,1120.0,8.8,238.0,105.0,1039.0,14.6,65.9,1.088
2004-11-30 13:00:00,13,Tuesday,2004-11,1.9,1071.0,9.4,232.0,103.0,977.0,14.9,59.9,1.0063
2004-11-30 14:00:00,14,Tuesday,2004-11,2.2,1085.0,9.7,241.0,108.0,976.0,14.9,58.4,0.9839
2004-11-30 15:00:00,15,Tuesday,2004-11,2.2,1113.0,10.1,278.0,109.0,995.0,15.3,54.3,0.9357
2004-11-30 16:00:00,16,Tuesday,2004-11,3.8,1310.0,20.2,496.0,149.0,1350.0,14.6,56.6,0.9367
2004-11-30 17:00:00,17,Tuesday,2004-11,3.5,1183.0,14.2,464.0,143.0,1215.0,12.6,62.0,0.9027
2004-11-30 18:00:00,18,Tuesday,2004-11,5.2,1362.0,22.8,600.0,159.0,1461.0,11.9,62.3,0.8674
2004-11-30 19:00:00,19,Tuesday,2004-11,6.3,1408.0,28.0,692.0,178.0,1598.0,11.6,64.3,0.8789
2004-11-30 20:00:00,20,Tuesday,2004-11,6.8,1471.0,30.3,731.0,168.0,1669.0,11.5,68.0,0.9207
2004-11-30 21:00:00,21,Tuesday,2004-11,4.1,1157.0,12.4,491.0,160.0,1223.0,10.7,73.9,0.9502
2004-11-30 22:00:00,22,Tuesday,2004-11,2.3,1061.0,8.0,284.0,117.0,939.0,9.6,83.0,0.9899
2004-11-30 23:00:00,23,Tuesday,2004-11,1.9,1006.0,6.5,245.0,113.0,902.0,9.6,79.9,0.9579
2004-12-01 00:00:00,0,Wednesday,2004-12,2.2,1039.0,7.5,273.0,113.0,933.0,9.8,79.4,0.9626
2004-12-01 01:00:00,1,Wednesday,2004-12,1.3,886.0,3.8,157.0,94.0,766.0,10.1,75.3,0.9322
2004-12-01 02:00:00,2,Wednesday,2004-12,1.2,900.0,3.8,117.0,76.0,749.0,9.1,80.0,0.9299
2004-12-01 03:00:00,3,Wednesday,2004-12,0.9,856.0,3.0,,,709.0,8.7,82.4,0.9294
2004-12-01 04:00:00,4,Wednesday,2004-12,,857.0,2.8,123.0,68.0,746.0,8.5,81.7,0.9074
2004-12-01 05:00:00,5,Wednesday,2004-12,0.6,844.0,2.5,100.0,63.0,757.0,8.3,80.4,0.8861
2004-12-01 06:00:00,6,Wednesday,2004-12,0.9,927.0,3.3,135.0,74.0,792.0,8.9,79.2,0.9067
2004-12-01 07:00:00,7,Wednesday,2004-12,1.4,1007.0,7.0,301.0,96.0,921.0,8.7,80.8,0.9096
2004-12-01 08:00:00,8,Wednesday,2004-12,3.4,1318.0,18.1,641.0,121.0,1318.0,9.0,79.8,0.9203
2004-12-01 09:00:00,9,Wednesday,2004-12,5.0,1396.0,24.6,849.0,145.0,1547.0,9.5,78.3,0.9338
2004-12-01 10:00:00,10,Wednesday,2004-12,4.7,1337.0,19.7,861.0,158.0,1516.0,10.4,76.0,0.9561
2004-12-01 11:00:00,11,Wednesday,2004-12,3.2,1202.0,13.0,629.0,143.0,1340.0,11.0,74.4,0.9736
2004-12-01 12:00:00,12,Wednesday,2004-12,3.5,1309.0,17.1,737.0,182.0,1556.0,13.8,63.6,0.9959
2004-12-01 13:00:00,13,Wednesday,2004-12,4.0,1351.0,19.3,712.0,163.0,1582.0,13.6,65.6,1.0167
2004-12-01 14:00:00,14,Wednesday,2004-12,5.7,1501.0,28.4,933.0,178.0,1791.0,13.7,66.5,1.038
2004-12-01 15:00:00,15,Wednesday,2004-12,5.0,1426.0,22.9,836.0,162.0,1631.0,13.0,73.0,1.086
2004-12-01 16:00:00,16,Wednesday,2004-12,5.6,1544.0,25.7,987.0,171.0,1679.0,12.7,77.1,1.1251
2004-12-01 17:00:00,17,Wednesday,2004-12,6.2,1566.0,26.8,985.0,174.0,1681.0,12.3,79.7,1.1342
2004-12-01 18:00:00,18,Wednesday,2004-12,7.5,1547.0,29.2,1040.0,185.0,1718.0,12.3,78.8,1.1279
2004-12-01 19:00:00,19,Wednesday,2004-12,3.0,1124.0,11.9,401.0,126.0,1193.0,12.5,72.6,1.0489
2004-12-01 20:00:00,20,Wednesday,2004-12,2.6,1090.0,10.1,279.0,113.0,1044.0,11.8,76.1,1.0544
2004-12-01 21:00:00,21,Wednesday,2004-12,2.1,1034.0,7.2,280.0,111.0,925.0,11.3,79.9,1.0697
2004-12-01 22:00:00,22,Wednesday,2004-12,1.8,1040.0,7.1,280.0,107.0,889.0,11.1,84.3,1.1137
2004-12-01 23:00:00,23,Wednesday,2004-12,2.0,1060.0,7.5,327.0,107.0,929.0,11.3,83.1,1.1089
2004-12-02 00:00:00,0,Thursday,2004-12,2.2,1076.0,8.1,316.0,102.0,958.0,11.6,81.0,1.1082
2004-12-02 01:00:00,1,Thursday,2004-12,1.9,975.0,5.5,223.0,96.0,844.0,11.7,77.8,1.0689
2004-12-02 02:00:00,2,Thursday,2004-12,1.6,987.0,5.7,180.0,86.0,830.0,11.7,78.6,1.0813
2004-12-02 03:00:00,3,Thursday,2004-12,1.1,928.0,3.8,,,785.0,11.9,78.2,1.0856
2004-12-02 04:00:00,4,Thursday,2004-12,0.9,889.0,2.9,131.0,70.0,743.0,12.0,77.4,1.0825
2004-12-02 05:00:00,5,Thursday,2004-12,0.7,880.0,2.4,101.0,59.0,711.0,12.0,78.0,1.094
2004-12-02 06:00:00,6,Thursday,2004-12,0.9,919.0,4.0,189.0,74.0,819.0,12.4,75.3,1.0813
2004-12-02 07:00:00,7,Thursday,2004-12,1.4,1073.0,7.2,336.0,89.0,981.0,12.5,76.4,1.1021
2004-12-02 08:00:00,8,Thursday,2004-12,4.2,1435.0,21.6,804.0,131.0,1480.0,12.9,73.8,1.0937
2004-12-02 09:00:00,9,Thursday,2004-12,5.0,1477.0,27.9,860.0,139.0,1691.0,13.3,70.7,1.0749
2004-12-02 10:00:00,10,Thursday,2004-12,4.4,1337.0,19.2,745.0,145.0,1548.0,14.3,66.1,1.0711
2004-12-02 11:00:00,11,Thursday,2004-12,3.4,1308.0,16.4,685.0,137.0,1523.0,15.4,63.9,1.1071
2004-12-02 12:00:00,12,Thursday,2004-12,2.8,1245.0,14.8,639.0,128.0,1406.0,15.9,62.7,1.1273
2004-12-02 13:00:00,13,Thursday,2004-12,3.4,1295.0,16.8,668.0,128.0,1476.0,16.4,61.9,1.1465
2004-12-02 14:00:00,14,Thursday,2004-12,2.9,1338.0,16.9,469.0,123.0,1481.0,18.0,58.0,1.1901
2004-12-02 15:00:00,15,Thursday,2004-12,3.9,1405.0,19.0,605.0,136.0,1534.0,19.2,57.9,1.2757
2004-12-02 16:00:00,16,Thursday,2004-12,4.0,1456.0,19.8,641.0,137.0,1592.0,18.1,62.1,1.2822
2004-12-02 17:00:00,17,Thursday,2004-12,4.9,1516.0,24.8,774.0,151.0,1688.0,16.7,67.3,1.2707
2004-12-02 18:00:00,18,Thursday,2004-12,7.7,1707.0,37.6,1001.0,171.0,1940.0,15.8,70.7,1.2601
2004-12-02 19:00:00,19,Thursday,2004-12,9.4,1816.0,43.9,1184.0,171.0,2069.0,15.4,73.0,1.2688
2004-12-02 20:00:00,20,Thursday,2004-12,7.8,1713.0,36.6,1020.0,161.0,1943.0,15.4,73.0,1.2648
2004-12-02 21:00:00,21,Thursday,2004-12,6.6,1646.0,30.8,964.0,154.0,1846.0,15.3,73.6,1.2691
2004-12-02 22:00:00,22,Thursday,2004-12,4.7,1468.0,22.0,741.0,127.0,1611.0,15.1,74.3,1.2623
2004-12-02 23:00:00,23,Thursday,2004-12,4.8,1443.0,20.9,757.0,115.0,1487.0,14.2,78.0,1.254
2004-12-03 00:00:00,0,Friday,2004-12,3.2,1289.0,13.1,564.0,102.0,1208.0,14.1,81.4,1.3066
2004-12-03 01:00:00,1,Friday,2004-12,2.6,1194.0,9.3,434.0,100.0,1043.0,14.4,82.7,1.3496
2004-12-03 02:00:00,2,Friday,2004-12,2.1,1165.0,9.4,308.0,86.0,979.0,14.1,84.1,1.3461
2004-12-03 03:00:00,3,Friday,2004-12,1.3,1003.0,4.7,,,806.0,14.1,84.8,1.3544
2004-12-03 04:00:00,4,Friday,2004-12,1.1,986.0,3.8,133.0,80.0,768.0,14.0,84.1,1.3389
2004-12-03 05:00:00,5,Friday,2004-12,0.7,930.0,2.5,103.0,74.0,720.0,13.9,85.1,1.3449
2004-12-03 06:00:00,6,Friday,2004-12,0.9,988.0,4.0,178.0,82.0,785.0,13.8,85.5,1.3469
2004-12-03 07:00:00,7,Friday,2004-12,1.5,1094.0,7.0,289.0,96.0,903.0,13.8,85.3,1.3412
2004-12-03 08:00:00,8,Friday,2004-12,3.8,1528.0,21.1,736.0,124.0,1389.0,13.7,84.5,1.3202
2004-12-03 09:00:00,9,Friday,2004-12,6.0,1628.0,29.0,928.0,142.0,1649.0,13.9,83.9,1.3284
2004-12-03 10:00:00,10,Friday,2004-12,5.1,1555.0,23.0,897.0,154.0,1621.0,14.6,81.6,1.3448
2004-12-03 11:00:00,11,Friday,2004-12,3.6,1290.0,13.0,596.0,144.0,1362.0,15.8,74.7,1.3336
2004-12-03 12:00:00,12,Friday,2004-12,3.0,1280.0,14.9,481.0,144.0,1624.0,16.4,72.1,1.336
2004-12-03 13:00:00,13,Friday,2004-12,3.1,1302.0,15.7,495.0,139.0,1605.0,16.8,70.3,1.3341
2004-12-03 14:00:00,14,Friday,2004-12,3.3,1332.0,18.1,460.0,138.0,1608.0,17.9,66.3,1.3499
2004-12-03 15:00:00,15,Friday,2004-12,3.4,1332.0,15.5,445.0,134.0,1522.0,18.8,62.7,1.3506
2004-12-03 16:00:00,16,Friday,2004-12,4.6,1493.0,23.8,618.0,150.0,1708.0,19.0,61.6,1.3407
2004-12-03 17:00:00,17,Friday,2004-12,6.9,1648.0,32.6,858.0,173.0,1885.0,17.7,68.3,1.3713
2004-12-03 18:00:00,18,Friday,2004-12,5.1,1482.0,24.0,634.0,134.0,1657.0,16.5,71.7,1.3358
2004-12-03 19:00:00,19,Friday,2004-12,4.9,1501.0,23.6,575.0,128.0,1645.0,15.7,72.7,1.2872
2004-12-03 20:00:00,20,Friday,2004-12,6.1,1601.0,30.7,738.0,132.0,1729.0,15.0,74.4,1.2593
2004-12-03 21:00:00,21,Friday,2004-12,6.2,1421.0,20.9,739.0,134.0,1556.0,14.6,75.2,1.2405
2004-12-03 22:00:00,22,Friday,2004-12,3.0,1232.0,12.7,472.0,107.0,1317.0,14.0,75.7,1.2051
2004-12-03 23:00:00,23,Friday,2004-12,3.4,1270.0,14.0,542.0,101.0,1290.0,13.1,78.7,1.1817
2004-12-04 00:00:00,0,Saturday,2004-12,3.5,1257.0,13.7,577.0,94.0,1287.0,12.6,78.4,1.1419
2004-12-04 01:00:00,1,Saturday,2004-12,3.2,1246.0,12.8,568.0,99.0,1235.0,12.8,77.9,1.1438
2004-12-04 02:00:00,2,Saturday,2004-12,2.9,1166.0,11.0,451.0,90.0,1144.0,12.1,79.4,1.1201
2004-12-04 03:00:00,3,Saturday,2004-12,2.1,1062.0,8.2,,,1004.0,11.6,80.1,1.0899
2004-12-04 04:00:00,4,Saturday,2004-12,,1005.0,6.4,242.0,71.0,944.0,11.6,79.7,1.0858
2004-12-04 05:00:00,5,Saturday,2004-12,1.7,1032.0,6.8,277.0,71.0,972.0,11.4,81.1,1.0928
2004-12-04 06:00:00,6,Saturday,2004-12,1.7,1034.0,7.4,291.0,66.0,968.0,11.5,81.7,1.1033
2004-12-04 07:00:00,7,Saturday,2004-12,1.3,1024.0,6.2,277.0,70.0,954.0,12.4,77.1,1.1072
2004-12-04 08:00:00,8,Saturday,2004-12,2.8,1243.0,13.7,510.0,90.0,1201.0,12.3,79.0,1.1293
2004-12-04 09:00:00,9,Saturday,2004-12,2.5,1148.0,9.6,451.0,102.0,1017.0,12.2,83.9,1.189
2004-12-04 10:00:00,10,Saturday,2004-12,2.7,1182.0,10.4,584.0,102.0,1039.0,12.2,85.1,1.2079
2004-12-04 11:00:00,11,Saturday,2004-12,1.5,1015.0,6.5,260.0,94.0,911.0,12.4,80.1,1.1462
2004-12-04 12:00:00,12,Saturday,2004-12,2.6,1175.0,10.6,492.0,122.0,1059.0,13.0,77.8,1.1641
2004-12-04 13:00:00,13,Saturday,2004-12,3.1,1224.0,11.9,580.0,124.0,1213.0,11.8,86.5,1.1981
2004-12-04 14:00:00,14,Saturday,2004-12,2.5,1123.0,8.4,373.0,103.0,1003.0,11.9,85.7,1.1912
2004-12-04 15:00:00,15,Saturday,2004-12,2.6,1187.0,9.6,497.0,115.0,1017.0,11.9,88.7,1.2352
2004-12-04 16:00:00,16,Saturday,2004-12,2.5,1116.0,7.1,413.0,107.0,937.0,12.3,87.0,1.2422
2004-12-04 17:00:00,17,Saturday,2004-12,2.3,1131.0,8.3,444.0,120.0,987.0,12.7,84.4,1.2352
2004-12-04 18:00:00,18,Saturday,2004-12,3.1,1215.0,10.9,533.0,120.0,1131.0,13.1,81.7,1.2284
2004-12-04 19:00:00,19,Saturday,2004-12,1.9,1077.0,6.9,325.0,108.0,969.0,13.1,80.4,1.2038
2004-12-04 20:00:00,20,Saturday,2004-12,2.5,1210.0,10.6,439.0,115.0,1062.0,13.4,79.9,1.2254
2004-12-04 21:00:00,21,Saturday,2004-12,3.1,1181.0,9.4,506.0,124.0,1058.0,13.8,76.8,1.206
2004-12-04 22:00:00,22,Saturday,2004-12,2.0,1088.0,6.9,349.0,109.0,959.0,14.0,75.9,1.2064
2004-12-04 23:00:00,23,Saturday,2004-12,1.9,1054.0,5.6,235.0,93.0,887.0,13.5,78.3,1.2097
2004-12-05 00:00:00,0,Sunday,2004-12,2.4,1096.0,6.3,378.0,103.0,911.0,13.0,79.2,1.182
2004-12-05 01:00:00,1,Sunday,2004-12,2.0,1042.0,6.5,304.0,106.0,914.0,12.4,77.5,1.1115
2004-12-05 02:00:00,2,Sunday,2004-12,1.2,887.0,3.4,180.0,96.0,786.0,12.3,71.2,1.0175
2004-12-05 03:00:00,3,Sunday,2004-12,1.0,884.0,3.0,,,741.0,12.2,69.6,0.986
2004-12-05 04:00:00,4,Sunday,2004-12,1.0,862.0,2.8,148.0,81.0,727.0,12.3,67.5,0.9624
2004-12-05 05:00:00,5,Sunday,2004-12,0.8,821.0,2.0,106.0,70.0,686.0,12.7,65.6,0.9566
2004-12-05 06:00:00,6,Sunday,2004-12,0.6,797.0,1.5,87.0,60.0,648.0,12.5,65.9,0.9533
2004-12-05 07:00:00,7,Sunday,2004-12,0.7,802.0,1.4,96.0,63.0,645.0,12.4,65.4,0.9426
2004-12-05 08:00:00,8,Sunday,2004-12,0.8,848.0,1.9,120.0,68.0,679.0,13.2,62.5,0.943
2004-12-05 09:00:00,9,Sunday,2004-12,0.9,863.0,2.4,130.0,68.0,696.0,13.1,62.4,0.9366
2004-12-05 10:00:00,10,Sunday,2004-12,1.0,889.0,3.1,140.0,66.0,735.0,12.9,64.7,0.9564
2004-12-05 11:00:00,11,Sunday,2004-12,1.3,969.0,4.4,176.0,72.0,803.0,13.0,67.6,1.009
2004-12-05 12:00:00,12,Sunday,2004-12,1.7,1013.0,5.6,209.0,81.0,848.0,13.0,69.7,1.0403
2004-12-05 13:00:00,13,Sunday,2004-12,2.4,1100.0,6.7,309.0,89.0,882.0,12.0,80.0,1.1167
2004-12-05 14:00:00,14,Sunday,2004-12,1.7,1019.0,5.5,226.0,85.0,812.0,11.4,83.7,1.1278
2004-12-05 15:00:00,15,Sunday,2004-12,1.8,1061.0,7.7,246.0,86.0,889.0,12.0,80.8,1.1264
2004-12-05 16:00:00,16,Sunday,2004-12,1.5,940.0,3.7,208.0,83.0,749.0,11.5,81.0,1.101
2004-12-05 17:00:00,17,Sunday,2004-12,1.1,904.0,2.8,154.0,77.0,682.0,11.3,81.0,1.0851
2004-12-05 18:00:00,18,Sunday,2004-12,2.4,1120.0,8.9,275.0,93.0,922.0,12.0,78.4,1.0954
2004-12-05 19:00:00,19,Sunday,2004-12,2.0,987.0,4.6,281.0,103.0,833.0,12.1,75.5,1.0669
2004-12-05 20:00:00,20,Sunday,2004-12,1.5,971.0,4.4,237.0,90.0,808.0,12.5,71.9,1.0351
2004-12-05 21:00:00,21,Sunday,2004-12,1.7,965.0,4.4,225.0,93.0,790.0,12.6,70.5,1.0239
2004-12-05 22:00:00,22,Sunday,2004-12,1.0,873.0,2.8,143.0,72.0,685.0,12.5,69.1,1.0003
2004-12-05 23:00:00,23,Sunday,2004-12,1.0,892.0,3.3,146.0,73.0,706.0,13.1,64.3,0.9628
2004-12-06 00:00:00,0,Monday,2004-12,1.0,857.0,2.3,115.0,64.0,636.0,13.2,62.9,0.9517
2004-12-06 01:00:00,1,Monday,2004-12,0.9,901.0,3.2,125.0,66.0,678.0,13.3,63.6,0.9673
2004-12-06 02:00:00,2,Monday,2004-12,1.1,901.0,3.1,150.0,71.0,714.0,13.3,65.3,0.9948
2004-12-06 03:00:00,3,Monday,2004-12,1.1,904.0,3.0,,,726.0,12.7,72.2,1.0525
2004-12-06 04:00:00,4,Monday,2004-12,0.6,857.0,1.7,78.0,54.0,646.0,11.9,79.6,1.1043
2004-12-06 05:00:00,5,Monday,2004-12,0.7,881.0,2.3,108.0,58.0,685.0,11.8,81.4,1.1238
2004-12-06 06:00:00,6,Monday,2004-12,0.9,913.0,3.8,181.0,72.0,750.0,12.0,80.1,1.1231
2004-12-06 07:00:00,7,Monday,2004-12,1.3,1012.0,6.1,302.0,89.0,878.0,12.2,78.8,1.1178
2004-12-06 08:00:00,8,Monday,2004-12,3.1,1314.0,15.8,587.0,112.0,1238.0,12.7,77.2,1.1298
2004-12-06 09:00:00,9,Monday,2004-12,4.9,1479.0,26.4,712.0,131.0,1572.0,13.4,74.4,1.1407
2004-12-06 10:00:00,10,Monday,2004-12,4.7,1299.0,18.5,698.0,161.0,1488.0,15.9,63.4,1.1349
2004-12-06 11:00:00,11,Monday,2004-12,3.2,1221.0,13.2,576.0,135.0,1424.0,18.5,52.9,1.1174
2004-12-06 12:00:00,12,Monday,2004-12,2.5,1171.0,12.0,438.0,119.0,1338.0,18.4,52.6,1.1064
2004-12-06 13:00:00,13,Monday,2004-12,3.8,1316.0,19.9,562.0,144.0,1559.0,19.4,49.8,1.1095
2004-12-06 14:00:00,14,Monday,2004-12,3.3,1208.0,16.4,467.0,130.0,1415.0,19.5,50.1,1.1225
2004-12-06 15:00:00,15,Monday,2004-12,2.5,1145.0,13.8,323.0,109.0,1331.0,20.3,47.5,1.1187
2004-12-06 16:00:00,16,Monday,2004-12,2.7,1189.0,15.6,391.0,114.0,1315.0,18.7,53.0,1.1322
2004-12-06 17:00:00,17,Monday,2004-12,2.9,1173.0,15.7,379.0,115.0,1289.0,17.3,57.1,1.1161
2004-12-06 18:00:00,18,Monday,2004-12,3.1,1237.0,18.0,387.0,123.0,1389.0,16.4,59.5,1.1017
2004-12-06 19:00:00,19,Monday,2004-12,4.0,1253.0,17.9,433.0,138.0,1351.0,15.9,60.8,1.088
2004-12-06 20:00:00,20,Monday,2004-12,3.1,1155.0,14.3,349.0,123.0,1267.0,15.5,60.7,1.0591
2004-12-06 21:00:00,21,Monday,2004-12,2.7,1175.0,12.8,337.0,112.0,1279.0,15.3,63.1,1.0872
2004-12-06 22:00:00,22,Monday,2004-12,1.7,1001.0,7.3,245.0,87.0,1071.0,16.6,58.5,1.0963
2004-12-06 23:00:00,23,Monday,2004-12,1.5,1014.0,5.8,236.0,79.0,994.0,14.6,64.7,1.0677
2004-12-07 00:00:00,0,Tuesday,2004-12,1.4,966.0,5.1,191.0,74.0,956.0,14.0,66.1,1.05
2004-12-07 01:00:00,1,Tuesday,2004-12,1.4,987.0,5.5,273.0,75.0,936.0,13.0,69.4,1.0364
2004-12-07 02:00:00,2,Tuesday,2004-12,1.1,888.0,3.5,211.0,70.0,826.0,13.1,67.4,1.0101
2004-12-07 03:00:00,3,Tuesday,2004-12,1.1,911.0,4.2,,,839.0,11.6,73.4,0.999
2004-12-07 04:00:00,4,Tuesday,2004-12,,828.0,2.6,146.0,64.0,748.0,11.9,71.4,0.9921
2004-12-07 05:00:00,5,Tuesday,2004-12,0.6,857.0,2.3,126.0,63.0,740.0,12.4,68.3,0.9801
2004-12-07 06:00:00,6,Tuesday,2004-12,0.8,886.0,2.8,146.0,67.0,783.0,14.1,60.6,0.9715
2004-12-07 07:00:00,7,Tuesday,2004-12,1.0,964.0,4.3,243.0,71.0,891.0,12.9,64.2,0.9506
2004-12-07 08:00:00,8,Tuesday,2004-12,2.8,1230.0,12.6,450.0,98.0,1197.0,11.7,68.9,0.9439
2004-12-07 09:00:00,9,Tuesday,2004-12,3.4,1236.0,16.8,499.0,114.0,1311.0,12.5,65.8,0.9538
2004-12-07 10:00:00,10,Tuesday,2004-12,3.3,1322.0,17.3,574.0,130.0,1472.0,14.5,61.1,1.0007
2004-12-07 11:00:00,11,Tuesday,2004-12,4.1,1407.0,19.8,679.0,155.0,1694.0,16.9,54.2,1.0371
2004-12-07 12:00:00,12,Tuesday,2004-12,3.5,1357.0,21.6,572.0,141.0,1639.0,17.4,53.3,1.0528
2004-12-07 13:00:00,13,Tuesday,2004-12,3.0,1289.0,18.0,396.0,118.0,1469.0,18.8,49.3,1.0581
2004-12-07 14:00:00,14,Tuesday,2004-12,3.6,1257.0,16.0,455.0,134.0,1415.0,19.4,47.1,1.051
2004-12-07 15:00:00,15,Tuesday,2004-12,3.0,1199.0,13.7,423.0,123.0,1250.0,19.2,47.1,1.0371
2004-12-07 16:00:00,16,Tuesday,2004-12,2.6,1181.0,14.1,356.0,117.0,1236.0,17.7,51.5,1.0315
2004-12-07 17:00:00,17,Tuesday,2004-12,2.6,1175.0,13.9,350.0,110.0,1212.0,16.5,54.6,1.0164
2004-12-07 18:00:00,18,Tuesday,2004-12,3.1,1202.0,14.3,359.0,115.0,1212.0,15.4,57.9,1.0068
2004-12-07 19:00:00,19,Tuesday,2004-12,3.2,1170.0,13.3,358.0,116.0,1195.0,15.2,58.4,1.0007
2004-12-07 20:00:00,20,Tuesday,2004-12,2.4,1115.0,11.6,289.0,99.0,1200.0,14.9,58.4,0.9843
2004-12-07 21:00:00,21,Tuesday,2004-12,2.6,1130.0,11.3,359.0,115.0,1209.0,14.5,60.4,0.9909
2004-12-07 22:00:00,22,Tuesday,2004-12,2.4,1195.0,11.0,355.0,104.0,1276.0,14.5,62.3,1.0216
2004-12-07 23:00:00,23,Tuesday,2004-12,1.8,1111.0,7.7,244.0,92.0,1132.0,14.6,60.6,1.0033
2004-12-08 00:00:00,0,Wednesday,2004-12,1.7,1092.0,7.0,194.0,84.0,1061.0,15.0,59.3,1.0045
2004-12-08 01:00:00,1,Wednesday,2004-12,1.9,1111.0,7.0,176.0,81.0,1036.0,14.7,60.3,1.0031
2004-12-08 02:00:00,2,Wednesday,2004-12,1.4,992.0,4.4,170.0,77.0,911.0,15.3,59.1,1.0191
2004-12-08 03:00:00,3,Wednesday,2004-12,1.5,1051.0,6.1,,,951.0,12.3,69.7,0.9954
2004-12-08 04:00:00,4,Wednesday,2004-12,1.7,1080.0,7.9,212.0,75.0,1033.0,11.6,72.5,0.9916
2004-12-08 05:00:00,5,Wednesday,2004-12,1.0,893.0,3.1,146.0,69.0,816.0,12.0,71.9,1.003
2004-12-08 06:00:00,6,Wednesday,2004-12,0.9,923.0,3.2,177.0,67.0,822.0,11.8,71.8,0.9909
2004-12-08 07:00:00,7,Wednesday,2004-12,1.0,950.0,4.0,172.0,68.0,841.0,11.8,71.4,0.9864
2004-12-08 08:00:00,8,Wednesday,2004-12,1.0,947.0,3.2,159.0,68.0,795.0,12.8,66.3,0.9804
2004-12-08 09:00:00,9,Wednesday,2004-12,1.1,973.0,4.0,184.0,69.0,831.0,13.2,65.2,0.9841
2004-12-08 10:00:00,10,Wednesday,2004-12,1.7,1111.0,7.6,310.0,81.0,1025.0,13.1,66.2,0.9933
2004-12-08 11:00:00,11,Wednesday,2004-12,2.3,1206.0,9.8,363.0,95.0,1178.0,14.3,63.3,1.0266
2004-12-08 12:00:00,12,Wednesday,2004-12,2.1,1202.0,9.5,302.0,92.0,1181.0,16.0,58.1,1.0482
2004-12-08 13:00:00,13,Wednesday,2004-12,2.7,1261.0,11.2,424.0,113.0,1250.0,17.3,53.9,1.0562
2004-12-08 14:00:00,14,Wednesday,2004-12,2.3,1102.0,6.9,258.0,98.0,1039.0,17.3,53.3,1.0407
2004-12-08 15:00:00,15,Wednesday,2004-12,1.2,997.0,4.6,179.0,82.0,899.0,16.7,54.7,1.0311
2004-12-08 16:00:00,16,Wednesday,2004-12,1.4,1049.0,5.5,221.0,96.0,1019.0,15.4,58.9,1.02
2004-12-08 17:00:00,17,Wednesday,2004-12,1.9,1082.0,6.5,303.0,107.0,1057.0,15.2,58.0,0.9927
2004-12-08 18:00:00,18,Wednesday,2004-12,2.6,1177.0,10.3,429.0,119.0,1229.0,16.2,54.5,0.9956
2004-12-08 19:00:00,19,Wednesday,2004-12,2.4,1166.0,8.9,357.0,114.0,1135.0,16.5,55.3,1.0267
2004-12-08 20:00:00,20,Wednesday,2004-12,3.5,1352.0,14.0,438.0,127.0,1188.0,14.6,72.1,1.1947
2004-12-08 21:00:00,21,Wednesday,2004-12,3.5,1210.0,9.2,457.0,121.0,1060.0,13.9,76.7,1.2098
2004-12-08 22:00:00,22,Wednesday,2004-12,2.2,1161.0,8.2,355.0,109.0,962.0,13.7,79.3,1.2326
2004-12-08 23:00:00,23,Wednesday,2004-12,2.3,1142.0,7.2,348.0,107.0,939.0,13.8,77.3,1.2169
2004-12-09 00:00:00,0,Thursday,2004-12,1.9,1054.0,5.5,241.0,100.0,864.0,14.2,71.7,1.1578
2004-12-09 01:00:00,1,Thursday,2004-12,1.0,926.0,2.9,134.0,83.0,741.0,14.9,65.7,1.105
2004-12-09 02:00:00,2,Thursday,2004-12,0.8,873.0,2.0,94.0,66.0,642.0,14.7,67.3,1.1177
2004-12-09 03:00:00,3,Thursday,2004-12,0.5,832.0,1.2,,,539.0,15.2,63.2,1.0821
2004-12-09 04:00:00,4,Thursday,2004-12,0.4,803.0,0.7,33.0,30.0,449.0,14.8,65.5,1.0965
2004-12-09 05:00:00,5,Thursday,2004-12,0.4,818.0,0.7,33.0,29.0,437.0,14.4,68.5,1.1158
2004-12-09 06:00:00,6,Thursday,2004-12,0.4,814.0,0.8,57.0,41.0,457.0,14.5,62.9,1.0335
2004-12-09 07:00:00,7,Thursday,2004-12,0.6,832.0,1.3,112.0,63.0,512.0,14.6,56.7,0.9358
2004-12-09 08:00:00,8,Thursday,2004-12,1.9,1091.0,7.6,358.0,114.0,931.0,15.0,55.3,0.9338
2004-12-09 09:00:00,9,Thursday,2004-12,2.0,1019.0,7.4,287.0,114.0,905.0,14.5,56.5,0.9306
2004-12-09 10:00:00,10,Thursday,2004-12,1.4,937.0,4.7,263.0,102.0,790.0,14.3,55.4,0.9005
2004-12-09 11:00:00,11,Thursday,2004-12,1.4,950.0,5.4,282.0,101.0,850.0,14.7,52.5,0.8716
2004-12-09 12:00:00,12,Thursday,2004-12,1.5,962.0,5.4,286.0,103.0,870.0,15.5,51.7,0.9033
2004-12-09 13:00:00,13,Thursday,2004-12,1.6,969.0,6.0,259.0,100.0,842.0,14.9,53.4,0.8998
2004-12-09 14:00:00,14,Thursday,2004-12,1.8,1010.0,7.1,265.0,95.0,886.0,15.2,51.0,0.8762
2004-12-09 15:00:00,15,Thursday,2004-12,1.4,946.0,5.3,249.0,99.0,801.0,15.2,50.1,0.858
2004-12-09 16:00:00,16,Thursday,2004-12,1.7,988.0,7.2,268.0,102.0,895.0,15.6,46.6,0.8176
2004-12-09 17:00:00,17,Thursday,2004-12,1.7,948.0,5.7,226.0,105.0,827.0,14.8,48.4,0.8069
2004-12-09 18:00:00,18,Thursday,2004-12,2.3,1045.0,9.5,301.0,118.0,972.0,14.6,48.0,0.7902
2004-12-09 19:00:00,19,Thursday,2004-12,3.2,1114.0,12.2,388.0,135.0,1079.0,15.1,45.4,0.7759
2004-12-09 20:00:00,20,Thursday,2004-12,2.6,1006.0,10.3,285.0,124.0,964.0,14.5,45.4,0.7458
2004-12-09 21:00:00,21,Thursday,2004-12,1.6,889.0,4.5,197.0,100.0,743.0,13.4,48.1,0.7374
2004-12-09 22:00:00,22,Thursday,2004-12,0.8,792.0,2.0,105.0,66.0,517.0,12.3,48.7,0.6931
2004-12-09 23:00:00,23,Thursday,2004-12,0.7,808.0,1.8,88.0,57.0,468.0,12.0,51.2,0.7179
2004-12-10 00:00:00,0,Friday,2004-12,0.6,814.0,1.9,92.0,58.0,461.0,11.9,54.6,0.7589
2004-12-10 01:00:00,1,Friday,2004-12,0.7,827.0,2.7,88.0,59.0,483.0,13.7,45.0,0.6991
2004-12-10 02:00:00,2,Friday,2004-12,0.7,801.0,2.7,90.0,60.0,482.0,14.7,37.5,0.622
2004-12-10 03:00:00,3,Friday,2004-12,0.5,770.0,2.2,,,416.0,13.8,36.8,0.576
2004-12-10 04:00:00,4,Friday,2004-12,,721.0,0.7,42.0,35.0,367.0,13.2,35.6,0.5375
2004-12-10 05:00:00,5,Friday,2004-12,0.3,709.0,0.5,31.0,27.0,324.0,12.0,37.3,0.5239
2004-12-10 06:00:00,6,Friday,2004-12,0.4,734.0,0.8,51.0,39.0,378.0,11.7,38.1,0.5223
2004-12-10 07:00:00,7,Friday,2004-12,0.5,770.0,1.4,100.0,63.0,480.0,11.5,38.0,0.5159
2004-12-10 08:00:00,8,Friday,2004-12,1.4,919.0,5.6,315.0,110.0,822.0,12.3,35.8,0.5086
2004-12-10 09:00:00,9,Friday,2004-12,2.4,996.0,10.6,417.0,128.0,1060.0,12.9,34.5,0.5102
2004-12-10 10:00:00,10,Friday,2004-12,1.8,925.0,7.2,328.0,122.0,916.0,14.4,30.2,0.4911
2004-12-10 11:00:00,11,Friday,2004-12,1.5,883.0,6.2,304.0,111.0,844.0,16.2,26.2,0.4789
2004-12-10 12:00:00,12,Friday,2004-12,1.5,884.0,6.2,300.0,110.0,807.0,17.1,23.5,0.453
2004-12-10 13:00:00,13,Friday,2004-12,1.8,920.0,8.1,306.0,114.0,853.0,18.1,21.3,0.4396
2004-12-10 14:00:00,14,Friday,2004-12,2.1,941.0,9.0,342.0,114.0,884.0,18.8,20.0,0.4278
2004-12-10 15:00:00,15,Friday,2004-12,1.7,934.0,8.4,324.0,111.0,834.0,18.1,20.8,0.4274
2004-12-10 16:00:00,16,Friday,2004-12,2.3,929.0,8.7,327.0,116.0,893.0,17.6,19.9,0.3952
2004-12-10 17:00:00,17,Friday,2004-12,2.9,972.0,11.8,404.0,148.0,1037.0,16.0,20.8,0.3757
2004-12-10 18:00:00,18,Friday,2004-12,4.0,1073.0,16.5,575.0,177.0,1244.0,14.6,23.7,0.3903
2004-12-10 19:00:00,19,Friday,2004-12,4.2,1050.0,18.7,539.0,164.0,1269.0,13.7,22.9,0.3581
2004-12-10 20:00:00,20,Friday,2004-12,3.5,980.0,14.5,460.0,151.0,1125.0,12.8,21.7,0.3182
2004-12-10 21:00:00,21,Friday,2004-12,2.6,872.0,8.0,386.0,147.0,946.0,12.7,21.3,0.3119
2004-12-10 22:00:00,22,Friday,2004-12,1.3,802.0,4.6,202.0,110.0,751.0,12.8,22.5,0.3309
2004-12-10 23:00:00,23,Friday,2004-12,1.0,792.0,3.4,162.0,99.0,670.0,12.6,23.4,0.3408
2004-12-11 00:00:00,0,Saturday,2004-12,1.6,857.0,4.8,261.0,116.0,754.0,12.4,24.0,0.3443
2004-12-11 01:00:00,1,Saturday,2004-12,1.6,856.0,4.4,263.0,121.0,781.0,12.5,24.0,0.3462
2004-12-11 02:00:00,2,Saturday,2004-12,1.1,869.0,3.8,159.0,103.0,842.0,11.9,32.4,0.4489
2004-12-11 03:00:00,3,Saturday,2004-12,1.1,890.0,3.6,,,840.0,11.7,33.8,0.4623
2004-12-11 04:00:00,4,Saturday,2004-12,0.8,834.0,2.7,111.0,83.0,746.0,11.5,34.2,0.4621
2004-12-11 05:00:00,5,Saturday,2004-12,0.8,860.0,2.4,104.0,76.0,754.0,10.5,37.8,0.4799
2004-12-11 06:00:00,6,Saturday,2004-12,1.0,909.0,4.3,221.0,107.0,905.0,7.8,47.4,0.5046
2004-12-11 07:00:00,7,Saturday,2004-12,1.2,955.0,5.2,243.0,106.0,960.0,9.3,43.1,0.5062
2004-12-11 08:00:00,8,Saturday,2004-12,1.7,1035.0,8.4,356.0,124.0,1080.0,8.2,46.8,0.5091
2004-12-11 09:00:00,9,Saturday,2004-12,2.4,1087.0,14.1,429.0,134.0,1209.0,10.7,34.2,0.439
2004-12-11 10:00:00,10,Saturday,2004-12,2.8,1101.0,13.0,518.0,147.0,1243.0,14.4,28.2,0.4593
2004-12-11 11:00:00,11,Saturday,2004-12,2.9,1135.0,13.5,460.0,146.0,1273.0,17.4,23.3,0.4599
2004-12-11 12:00:00,12,Saturday,2004-12,2.6,1095.0,12.5,389.0,133.0,1216.0,17.8,23.6,0.4766
2004-12-11 13:00:00,13,Saturday,2004-12,2.3,986.0,8.8,362.0,120.0,976.0,18.3,19.5,0.4044
2004-12-11 14:00:00,14,Saturday,2004-12,2.3,991.0,9.0,337.0,117.0,973.0,18.9,18.9,0.4091
2004-12-11 15:00:00,15,Saturday,2004-12,1.7,926.0,6.1,254.0,109.0,827.0,18.4,19.7,0.4117
2004-12-11 16:00:00,16,Saturday,2004-12,1.8,974.0,7.8,281.0,112.0,912.0,17.8,21.0,0.4234
2004-12-11 17:00:00,17,Saturday,2004-12,2.5,1042.0,11.5,369.0,131.0,1084.0,16.1,23.4,0.4248
2004-12-11 18:00:00,18,Saturday,2004-12,2.4,1006.0,10.7,350.0,133.0,1045.0,14.9,24.9,0.4178
2004-12-11 19:00:00,19,Saturday,2004-12,2.0,979.0,9.2,323.0,138.0,1026.0,14.6,24.6,0.4054
2004-12-11 20:00:00,20,Saturday,2004-12,2.3,1072.0,10.9,340.0,142.0,1172.0,14.2,26.8,0.4332
2004-12-11 21:00:00,21,Saturday,2004-12,2.9,1217.0,11.6,443.0,138.0,1452.0,13.3,38.7,0.5867
2004-12-11 22:00:00,22,Saturday,2004-12,2.0,1124.0,9.0,292.0,118.0,1317.0,11.2,45.1,0.6004
2004-12-11 23:00:00,23,Saturday,2004-12,2.5,1152.0,11.6,372.0,120.0,1365.0,8.8,52.5,0.5969
2004-12-12 00:00:00,0,Sunday,2004-12,3.0,1216.0,11.7,443.0,132.0,1378.0,8.6,54.3,0.606
2004-12-12 01:00:00,1,Sunday,2004-12,2.4,1095.0,11.3,360.0,121.0,1246.0,8.1,53.2,0.5746
2004-12-12 02:00:00,2,Sunday,2004-12,2.6,1099.0,10.4,401.0,117.0,1186.0,6.8,57.8,0.5768
2004-12-12 03:00:00,3,Sunday,2004-12,2.0,974.0,6.4,,,1024.0,6.6,58.1,0.5687
2004-12-12 04:00:00,4,Sunday,2004-12,2.1,1091.0,9.8,273.0,102.0,1187.0,5.4,64.1,0.5772
2004-12-12 05:00:00,5,Sunday,2004-12,1.7,955.0,5.8,199.0,95.0,1007.0,5.6,61.6,0.5656
2004-12-12 06:00:00,6,Sunday,2004-12,1.5,975.0,7.0,177.0,81.0,1019.0,4.2,69.0,0.5737
2004-12-12 07:00:00,7,Sunday,2004-12,1.3,909.0,4.0,206.0,95.0,921.0,4.8,64.6,0.563
2004-12-12 08:00:00,8,Sunday,2004-12,1.9,992.0,6.9,323.0,111.0,1038.0,4.0,69.0,0.5661
2004-12-12 09:00:00,9,Sunday,2004-12,2.0,1018.0,7.7,392.0,118.0,1105.0,4.9,66.3,0.5786
2004-12-12 10:00:00,10,Sunday,2004-12,2.7,1100.0,9.9,420.0,130.0,1208.0,9.4,48.7,0.5748
2004-12-12 11:00:00,11,Sunday,2004-12,2.4,1101.0,8.9,333.0,116.0,1208.0,12.6,39.9,0.5804
2004-12-12 12:00:00,12,Sunday,2004-12,2.7,1148.0,11.3,395.0,128.0,1282.0,14.4,35.3,0.5763
2004-12-12 13:00:00,13,Sunday,2004-12,3.2,1253.0,13.7,478.0,156.0,1494.0,15.1,37.4,0.6374
2004-12-12 14:00:00,14,Sunday,2004-12,3.4,1229.0,12.7,470.0,169.0,1500.0,16.0,35.8,0.6456
2004-12-12 15:00:00,15,Sunday,2004-12,3.2,1250.0,14.5,508.0,168.0,1463.0,17.5,30.8,0.6095
2004-12-12 16:00:00,16,Sunday,2004-12,4.3,1432.0,18.4,596.0,178.0,1722.0,17.2,34.2,0.6669
2004-12-12 17:00:00,17,Sunday,2004-12,5.0,1530.0,22.0,694.0,178.0,1934.0,14.3,45.8,0.7452
2004-12-12 18:00:00,18,Sunday,2004-12,6.3,1604.0,25.4,968.0,188.0,2018.0,12.2,53.9,0.7617
2004-12-12 19:00:00,19,Sunday,2004-12,4.6,1352.0,16.4,658.0,169.0,1796.0,11.6,51.2,0.6965
2004-12-12 20:00:00,20,Sunday,2004-12,3.1,1235.0,12.4,409.0,133.0,1594.0,11.3,50.1,0.672
2004-12-12 21:00:00,21,Sunday,2004-12,2.6,1127.0,9.6,345.0,125.0,1389.0,10.6,51.2,0.6541
2004-12-12 22:00:00,22,Sunday,2004-12,2.1,1073.0,7.1,230.0,110.0,1238.0,9.6,51.7,0.6163
2004-12-12 23:00:00,23,Sunday,2004-12,2.1,1074.0,7.2,285.0,112.0,1221.0,8.7,55.2,0.6225
2004-12-13 00:00:00,0,Monday,2004-12,2.5,1133.0,9.3,310.0,112.0,1254.0,7.9,60.2,0.6432
2004-12-13 01:00:00,1,Monday,2004-12,2.0,1021.0,5.9,224.0,102.0,1098.0,7.9,59.2,0.6331
2004-12-13 02:00:00,2,Monday,2004-12,1.8,995.0,5.9,213.0,90.0,1044.0,6.7,64.6,0.6381
2004-12-13 03:00:00,3,Monday,2004-12,1.3,882.0,2.4,,,888.0,6.9,62.3,0.6227
2004-12-13 04:00:00,4,Monday,2004-12,,869.0,2.1,103.0,66.0,835.0,6.3,64.6,0.6197
2004-12-13 05:00:00,5,Monday,2004-12,0.7,868.0,1.8,91.0,64.0,823.0,6.4,63.3,0.6123
2004-12-13 06:00:00,6,Monday,2004-12,0.9,921.0,3.1,178.0,81.0,908.0,6.4,64.4,0.6204
2004-12-13 07:00:00,7,Monday,2004-12,1.5,1041.0,6.8,351.0,106.0,1076.0,5.6,68.9,0.6328
2004-12-13 08:00:00,8,Monday,2004-12,3.4,1275.0,16.4,587.0,140.0,1393.0,6.4,65.6,0.6348
2004-12-13 09:00:00,9,Monday,2004-12,3.4,1238.0,16.7,475.0,138.0,1429.0,7.3,61.4,0.6306
2004-12-13 10:00:00,10,Monday,2004-12,3.2,1288.0,17.3,576.0,165.0,1594.0,9.6,53.7,0.6409
2004-12-13 11:00:00,11,Monday,2004-12,4.8,1422.0,22.4,920.0,214.0,1956.0,12.0,45.9,0.6421
2004-12-13 12:00:00,12,Monday,2004-12,3.5,1293.0,17.9,710.0,178.0,1872.0,12.7,44.4,0.6512
2004-12-13 13:00:00,13,Monday,2004-12,4.1,1410.0,22.4,696.0,187.0,2014.0,13.9,42.8,0.6761
2004-12-13 14:00:00,14,Monday,2004-12,4.8,1425.0,23.3,744.0,203.0,1978.0,15.0,41.4,0.7016
2004-12-13 15:00:00,15,Monday,2004-12,4.4,1590.0,28.0,743.0,204.0,2257.0,16.0,38.7,0.6987
2004-12-13 16:00:00,16,Monday,2004-12,4.5,1520.0,30.1,801.0,198.0,2104.0,16.0,38.6,0.6952
2004-12-13 17:00:00,17,Monday,2004-12,5.9,1595.0,33.4,1014.0,218.0,2140.0,14.1,44.9,0.7194
2004-12-13 18:00:00,18,Monday,2004-12,9.9,1881.0,50.8,1479.0,269.0,2523.0,12.6,55.9,0.8142
2004-12-13 19:00:00,19,Monday,2004-12,6.9,1633.0,35.6,1018.0,217.0,2188.0,11.7,60.8,0.8336
2004-12-13 20:00:00,20,Monday,2004-12,4.3,1391.0,21.5,729.0,183.0,1816.0,11.5,60.9,0.8249
2004-12-13 21:00:00,21,Monday,2004-12,2.9,1263.0,15.5,508.0,147.0,1587.0,10.6,64.1,0.8182
2004-12-13 22:00:00,22,Monday,2004-12,2.0,1147.0,10.9,347.0,120.0,1381.0,10.1,66.2,0.8185
2004-12-13 23:00:00,23,Monday,2004-12,1.7,1103.0,8.7,327.0,112.0,1287.0,9.0,70.1,0.8036
2004-12-14 00:00:00,0,Tuesday,2004-12,1.9,1071.0,7.4,339.0,107.0,1193.0,8.6,70.5,0.7915
2004-12-14 01:00:00,1,Tuesday,2004-12,2.0,1137.0,9.9,358.0,103.0,1223.0,7.6,74.3,0.7783
2004-12-14 02:00:00,2,Tuesday,2004-12,1.9,1066.0,8.2,377.0,97.0,1122.0,6.9,76.1,0.759
2004-12-14 03:00:00,3,Tuesday,2004-12,1.0,918.0,3.9,,,932.0,8.0,70.6,0.7607
2004-12-14 04:00:00,4,Tuesday,2004-12,0.8,895.0,3.2,165.0,74.0,866.0,6.8,75.4,0.7475
2004-12-14 05:00:00,5,Tuesday,2004-12,0.7,885.0,3.0,145.0,68.0,848.0,6.6,75.3,0.7378
2004-12-14 06:00:00,6,Tuesday,2004-12,1.1,964.0,5.4,282.0,92.0,959.0,6.0,77.3,0.7262
2004-12-14 07:00:00,7,Tuesday,2004-12,1.7,1088.0,8.7,494.0,111.0,1154.0,6.0,76.7,0.722
2004-12-14 08:00:00,8,Tuesday,2004-12,3.1,1274.0,15.4,606.0,133.0,1373.0,6.9,73.7,0.7348
2004-12-14 09:00:00,9,Tuesday,2004-12,4.4,1406.0,27.2,581.0,139.0,1708.0,7.6,70.6,0.7371
2004-12-14 10:00:00,10,Tuesday,2004-12,5.6,1521.0,30.7,920.0,192.0,2097.0,9.3,64.2,0.7544
2004-12-14 11:00:00,11,Tuesday,2004-12,4.4,1408.0,24.3,811.0,192.0,2056.0,11.7,55.7,0.763
2004-12-14 12:00:00,12,Tuesday,2004-12,4.4,1377.0,21.7,786.0,206.0,2006.0,12.9,54.1,0.8003
2004-12-14 13:00:00,13,Tuesday,2004-12,4.7,1470.0,25.8,677.0,182.0,2015.0,14.0,53.0,0.8451
2004-12-14 14:00:00,14,Tuesday,2004-12,4.2,1416.0,21.8,612.0,192.0,1945.0,15.1,50.2,0.8552
2004-12-14 15:00:00,15,Tuesday,2004-12,3.3,1383.0,20.6,524.0,188.0,1793.0,16.7,47.3,0.8883
2004-12-14 16:00:00,16,Tuesday,2004-12,5.1,1574.0,27.2,775.0,186.0,1962.0,16.8,48.4,0.9175
2004-12-14 17:00:00,17,Tuesday,2004-12,7.4,,,1159.0,257.0,,,,
2004-12-14 18:00:00,18,Tuesday,2004-12,9.3,,,1310.0,248.0,,,,
2004-12-14 19:00:00,19,Tuesday,2004-12,7.4,,,1037.0,208.0,,,,
2004-12-14 20:00:00,20,Tuesday,2004-12,5.3,,,791.0,167.0,,,,
2004-12-14 21:00:00,21,Tuesday,2004-12,4.1,,,670.0,148.0,,,,
2004-12-14 22:00:00,22,Tuesday,2004-12,2.5,,,341.0,112.0,,,,
2004-12-14 23:00:00,23,Tuesday,2004-12,2.1,,,365.0,108.0,,,,
2004-12-15 00:00:00,0,Wednesday,2004-12,2.9,,,510.0,115.0,,,,
2004-12-15 01:00:00,1,Wednesday,2004-12,2.3,,,352.0,96.0,,,,
2004-12-15 02:00:00,2,Wednesday,2004-12,1.7,,,299.0,87.0,,,,
2004-12-15 03:00:00,3,Wednesday,2004-12,0.9,,,,,,,,
2004-12-15 04:00:00,4,Wednesday,2004-12,0.7,,,103.0,61.0,,,,
2004-12-15 05:00:00,5,Wednesday,2004-12,0.8,,,133.0,61.0,,,,
2004-12-15 06:00:00,6,Wednesday,2004-12,1.0,,,244.0,82.0,,,,
2004-12-15 07:00:00,7,Wednesday,2004-12,1.2,,,222.0,83.0,,,,
2004-12-15 08:00:00,8,Wednesday,2004-12,3.5,,,591.0,116.0,,,,
2004-12-15 09:00:00,9,Wednesday,2004-12,4.5,,,821.0,147.0,,,,
2004-12-15 10:00:00,10,Wednesday,2004-12,4.9,,,803.0,167.0,,,,
2004-12-15 11:00:00,11,Wednesday,2004-12,3.5,,,809.0,176.0,,,,
2004-12-15 12:00:00,12,Wednesday,2004-12,3.4,,,836.0,177.0,,,,
2004-12-15 13:00:00,13,Wednesday,2004-12,4.0,,,820.0,169.0,,,,
2004-12-15 14:00:00,14,Wednesday,2004-12,4.3,,,861.0,181.0,,,,
2004-12-15 15:00:00,15,Wednesday,2004-12,4.0,,,842.0,183.0,,,,
2004-12-15 16:00:00,16,Wednesday,2004-12,4.7,,,933.0,176.0,,,,
2004-12-15 17:00:00,17,Wednesday,2004-12,6.6,,,1237.0,229.0,,,,
2004-12-15 18:00:00,18,Wednesday,2004-12,7.3,,,1137.0,214.0,,,,
2004-12-15 19:00:00,19,Wednesday,2004-12,3.6,,,484.0,137.0,,,,
2004-12-15 20:00:00,20,Wednesday,2004-12,2.4,,,325.0,115.0,,,,
2004-12-15 21:00:00,21,Wednesday,2004-12,2.1,,,292.0,107.0,,,,
2004-12-15 22:00:00,22,Wednesday,2004-12,2.1,,,303.0,105.0,,,,
2004-12-15 23:00:00,23,Wednesday,2004-12,1.7,,,242.0,96.0,,,,
2004-12-16 00:00:00,0,Thursday,2004-12,2.2,,,314.0,100.0,,,,
2004-12-16 01:00:00,1,Thursday,2004-12,2.0,,,289.0,100.0,,,,
2004-12-16 02:00:00,2,Thursday,2004-12,1.6,,,224.0,92.0,,,,
2004-12-16 03:00:00,3,Thursday,2004-12,1.7,,,,,,,,
2004-12-16 04:00:00,4,Thursday,2004-12,,,,191.0,81.0,,,,
2004-12-16 05:00:00,5,Thursday,2004-12,1.0,,,149.0,74.0,,,,
2004-12-16 06:00:00,6,Thursday,2004-12,1.0,,,212.0,81.0,,,,
2004-12-16 07:00:00,7,Thursday,2004-12,1.6,,,398.0,99.0,,,,
2004-12-16 08:00:00,8,Thursday,2004-12,3.5,,,763.0,123.0,,,,
2004-12-16 09:00:00,9,Thursday,2004-12,5.3,,,905.0,146.0,,,,
2004-12-16 10:00:00,10,Thursday,2004-12,4.6,,,849.0,161.0,,,,
2004-12-16 11:00:00,11,Thursday,2004-12,4.5,,,1015.0,210.0,,,,
2004-12-16 12:00:00,12,Thursday,2004-12,4.2,,,845.0,190.0,,,,
2004-12-16 13:00:00,13,Thursday,2004-12,4.1,,,740.0,170.0,,,,
2004-12-16 14:00:00,14,Thursday,2004-12,5.5,,,1018.0,212.0,,,,
2004-12-16 15:00:00,15,Thursday,2004-12,4.8,,,1058.0,217.0,,,,
2004-12-16 16:00:00,16,Thursday,2004-12,5.5,,,1182.0,236.0,,,,
2004-12-16 17:00:00,17,Thursday,2004-12,5.2,,,1089.0,217.0,,,,
2004-12-16 18:00:00,18,Thursday,2004-12,7.5,,,1186.0,231.0,,,,
2004-12-16 19:00:00,19,Thursday,2004-12,8.6,,,1235.0,227.0,,,,
2004-12-16 20:00:00,20,Thursday,2004-12,9.1,,,1253.0,219.0,,,,
2004-12-16 21:00:00,21,Thursday,2004-12,8.6,,,1237.0,203.0,,,,
2004-12-16 22:00:00,22,Thursday,2004-12,5.4,,,1060.0,186.0,,,,
2004-12-16 23:00:00,23,Thursday,2004-12,4.3,,,873.0,173.0,,,,
2004-12-17 00:00:00,0,Friday,2004-12,4.2,,,807.0,162.0,,,,
2004-12-17 01:00:00,1,Friday,2004-12,4.3,,,798.0,161.0,,,,
2004-12-17 02:00:00,2,Friday,2004-12,4.2,,,691.0,144.0,,,,
2004-12-17 03:00:00,3,Friday,2004-12,2.8,,,,,,,,
2004-12-17 04:00:00,4,Friday,2004-12,2.2,,,433.0,119.0,,,,
2004-12-17 05:00:00,5,Friday,2004-12,1.8,,,371.0,112.0,,,,
2004-12-17 06:00:00,6,Friday,2004-12,2.0,,,469.0,111.0,,,,
2004-12-17 07:00:00,7,Friday,2004-12,2.5,,,658.0,122.0,,,,
2004-12-17 08:00:00,8,Friday,2004-12,4.1,,,854.0,137.0,,,,
2004-12-17 09:00:00,9,Friday,2004-12,6.3,,,1005.0,151.0,,,,
2004-12-17 10:00:00,10,Friday,2004-12,5.0,,,937.0,164.0,,,,
2004-12-17 11:00:00,11,Friday,2004-12,5.1,,,963.0,198.0,,,,
2004-12-17 12:00:00,12,Friday,2004-12,3.6,,,635.0,213.0,,,,
2004-12-17 13:00:00,13,Friday,2004-12,3.5,,,521.0,164.0,,,,
2004-12-17 14:00:00,14,Friday,2004-12,3.7,,,613.0,177.0,,,,
2004-12-17 15:00:00,15,Friday,2004-12,3.1,,,516.0,168.0,,,,
2004-12-17 16:00:00,16,Friday,2004-12,3.2,,,446.0,150.0,,,,
2004-12-17 17:00:00,17,Friday,2004-12,3.8,,,499.0,152.0,,,,
2004-12-17 18:00:00,18,Friday,2004-12,3.2,,,407.0,138.0,,,,
2004-12-17 19:00:00,19,Friday,2004-12,3.2,,,418.0,129.0,,,,
2004-12-17 20:00:00,20,Friday,2004-12,3.3,1325.0,16.4,403.0,130.0,1389.0,13.3,68.0,1.0376
2004-12-17 21:00:00,21,Friday,2004-12,3.1,1316.0,13.4,412.0,137.0,1268.0,13.2,72.8,1.0984
2004-12-17 22:00:00,22,Friday,2004-12,2.4,1170.0,8.2,322.0,125.0,1046.0,12.6,76.5,1.1106
2004-12-17 23:00:00,23,Friday,2004-12,1.4,1061.0,5.7,200.0,106.0,862.0,12.6,74.3,1.0843
2004-12-18 00:00:00,0,Saturday,2004-12,2.1,1109.0,7.0,244.0,121.0,866.0,12.9,72.1,1.0658
2004-12-18 01:00:00,1,Saturday,2004-12,1.4,1025.0,5.6,199.0,101.0,788.0,13.1,70.5,1.0594
2004-12-18 02:00:00,2,Saturday,2004-12,1.4,1086.0,5.1,190.0,100.0,857.0,12.4,73.8,1.0574
2004-12-18 03:00:00,3,Saturday,2004-12,1.3,1058.0,4.3,,,860.0,12.2,74.5,1.0537
2004-12-18 04:00:00,4,Saturday,2004-12,1.0,1034.0,4.2,153.0,86.0,845.0,11.8,76.3,1.0547
2004-12-18 05:00:00,5,Saturday,2004-12,1.3,1065.0,6.1,215.0,90.0,873.0,10.8,80.0,1.0367
2004-12-18 06:00:00,6,Saturday,2004-12,1.0,988.0,5.2,206.0,89.0,841.0,10.4,77.3,0.9709
2004-12-18 07:00:00,7,Saturday,2004-12,1.1,986.0,5.4,225.0,96.0,853.0,10.0,76.2,0.9332
2004-12-18 08:00:00,8,Saturday,2004-12,2.1,1136.0,11.0,416.0,125.0,1063.0,9.4,67.7,0.8018
2004-12-18 09:00:00,9,Saturday,2004-12,3.2,1256.0,16.1,613.0,143.0,1276.0,9.3,71.2,0.8325
2004-12-18 10:00:00,10,Saturday,2004-12,3.3,1228.0,15.7,567.0,153.0,1332.0,12.6,54.0,0.784
2004-12-18 11:00:00,11,Saturday,2004-12,2.3,956.0,8.8,409.0,140.0,1015.0,16.1,28.5,0.5164
2004-12-18 12:00:00,12,Saturday,2004-12,1.0,781.0,3.9,183.0,92.0,594.0,16.6,19.9,0.3728
2004-12-18 13:00:00,13,Saturday,2004-12,0.8,759.0,3.8,140.0,78.0,501.0,15.9,18.2,0.3255
2004-12-18 14:00:00,14,Saturday,2004-12,0.8,722.0,3.3,133.0,68.0,448.0,14.3,18.4,0.2991
2004-12-18 15:00:00,15,Saturday,2004-12,0.6,699.0,2.4,115.0,64.0,387.0,15.0,16.3,0.2749
2004-12-18 16:00:00,16,Saturday,2004-12,0.9,755.0,3.6,157.0,80.0,467.0,14.9,17.1,0.2875
2004-12-18 17:00:00,17,Saturday,2004-12,0.8,746.0,3.5,149.0,81.0,484.0,13.2,18.8,0.2837
2004-12-18 18:00:00,18,Saturday,2004-12,1.2,784.0,4.6,219.0,102.0,608.0,12.4,19.6,0.2797
2004-12-18 19:00:00,19,Saturday,2004-12,2.1,931.0,9.9,424.0,132.0,953.0,11.9,21.3,0.2957
2004-12-18 20:00:00,20,Saturday,2004-12,3.9,1112.0,19.0,659.0,162.0,1307.0,11.1,24.8,0.3264
2004-12-18 21:00:00,21,Saturday,2004-12,4.4,1133.0,17.2,727.0,179.0,1415.0,10.1,29.7,0.3666
2004-12-18 22:00:00,22,Saturday,2004-12,2.0,886.0,8.4,398.0,148.0,1023.0,10.2,23.8,0.2955
2004-12-18 23:00:00,23,Saturday,2004-12,2.3,993.0,11.4,414.0,146.0,1154.0,9.4,27.4,0.3239
2004-12-19 00:00:00,0,Sunday,2004-12,3.6,1215.0,15.6,600.0,164.0,1426.0,7.9,39.0,0.4154
2004-12-19 01:00:00,1,Sunday,2004-12,3.9,1160.0,13.0,596.0,162.0,1363.0,7.6,40.6,0.4273
2004-12-19 02:00:00,2,Sunday,2004-12,1.6,928.0,6.2,225.0,118.0,1006.0,6.4,43.7,0.4242
2004-12-19 03:00:00,3,Sunday,2004-12,1.0,879.0,4.2,,,873.0,6.3,44.7,0.4293
2004-12-19 04:00:00,4,Sunday,2004-12,,833.0,2.7,120.0,78.0,760.0,5.1,46.5,0.4125
2004-12-19 05:00:00,5,Sunday,2004-12,1.0,840.0,3.0,126.0,79.0,799.0,3.3,53.5,0.418
2004-12-19 06:00:00,6,Sunday,2004-12,0.8,848.0,2.4,83.0,62.0,703.0,4.8,49.9,0.4325
2004-12-19 07:00:00,7,Sunday,2004-12,0.7,828.0,3.1,156.0,85.0,781.0,2.2,60.1,0.4361
2004-12-19 08:00:00,8,Sunday,2004-12,1.0,847.0,3.8,240.0,110.0,815.0,2.5,59.3,0.4401
2004-12-19 09:00:00,9,Sunday,2004-12,1.0,868.0,3.2,186.0,99.0,800.0,3.2,55.7,0.4344
2004-12-19 10:00:00,10,Sunday,2004-12,1.5,970.0,6.2,224.0,101.0,926.0,5.0,48.8,0.429
2004-12-19 11:00:00,11,Sunday,2004-12,2.5,1077.0,9.6,386.0,129.0,1151.0,5.8,49.8,0.4613
2004-12-19 12:00:00,12,Sunday,2004-12,2.6,1058.0,9.6,397.0,132.0,1153.0,6.0,47.6,0.4488
2004-12-19 13:00:00,13,Sunday,2004-12,3.2,1136.0,12.5,477.0,148.0,1298.0,7.4,44.6,0.4613
2004-12-19 14:00:00,14,Sunday,2004-12,3.0,1228.0,12.5,405.0,134.0,1238.0,5.2,73.1,0.6535
2004-12-19 15:00:00,15,Sunday,2004-12,3.4,1235.0,14.0,453.0,148.0,1222.0,4.8,81.4,0.7055
2004-12-19 16:00:00,16,Sunday,2004-12,3.3,1217.0,11.6,459.0,146.0,1171.0,4.7,82.3,0.7105
2004-12-19 17:00:00,17,Sunday,2004-12,3.6,1298.0,13.0,452.0,148.0,1237.0,4.7,82.8,0.7157
2004-12-19 18:00:00,18,Sunday,2004-12,5.5,1327.0,17.3,579.0,175.0,1366.0,4.7,83.4,0.7177
2004-12-19 19:00:00,19,Sunday,2004-12,4.5,1293.0,14.6,542.0,170.0,1278.0,5.2,83.1,0.7411
2004-12-19 20:00:00,20,Sunday,2004-12,4.7,1353.0,16.2,601.0,173.0,1293.0,5.5,84.1,0.7657
2004-12-19 21:00:00,21,Sunday,2004-12,4.3,1254.0,13.8,521.0,151.0,1198.0,5.8,84.5,0.7822
2004-12-19 22:00:00,22,Sunday,2004-12,3.2,1189.0,10.6,411.0,129.0,1115.0,6.2,84.1,0.8018
2004-12-19 23:00:00,23,Sunday,2004-12,2.9,1183.0,9.1,382.0,126.0,1092.0,6.6,83.3,0.8183
2004-12-20 00:00:00,0,Monday,2004-12,3.1,1185.0,9.7,421.0,127.0,1104.0,6.8,82.8,0.8216
2004-12-20 01:00:00,1,Monday,2004-12,2.8,1098.0,7.0,362.0,118.0,1006.0,8.2,78.4,0.8561
2004-12-20 02:00:00,2,Monday,2004-12,1.2,938.0,2.8,104.0,83.0,777.0,9.7,70.9,0.8539
2004-12-20 03:00:00,3,Monday,2004-12,0.9,883.0,2.0,,,710.0,9.5,69.9,0.8298
2004-12-20 04:00:00,4,Monday,2004-12,0.8,839.0,1.4,69.0,60.0,600.0,9.3,65.9,0.7757
2004-12-20 05:00:00,5,Monday,2004-12,0.6,784.0,0.8,41.0,37.0,477.0,8.8,62.9,0.7154
2004-12-20 06:00:00,6,Monday,2004-12,0.6,779.0,0.7,46.0,39.0,454.0,8.6,58.8,0.6603
2004-12-20 07:00:00,7,Monday,2004-12,1.0,883.0,2.6,118.0,70.0,630.0,9.2,55.9,0.6521
2004-12-20 08:00:00,8,Monday,2004-12,3.2,970.0,5.3,295.0,108.0,858.0,8.4,57.7,0.6376
2004-12-20 09:00:00,9,Monday,2004-12,3.6,1012.0,7.1,311.0,119.0,951.0,8.5,60.4,0.6713
2004-12-20 10:00:00,10,Monday,2004-12,2.9,934.0,5.0,269.0,111.0,836.0,8.9,57.4,0.6575
2004-12-20 11:00:00,11,Monday,2004-12,2.4,888.0,3.8,225.0,106.0,721.0,9.2,55.8,0.6479
2004-12-20 12:00:00,12,Monday,2004-12,2.5,918.0,4.5,220.0,105.0,703.0,9.6,53.9,0.6425
2004-12-20 13:00:00,13,Monday,2004-12,2.6,901.0,4.7,216.0,114.0,657.0,9.6,52.4,0.6276
2004-12-20 14:00:00,14,Monday,2004-12,2.3,857.0,3.9,162.0,93.0,581.0,9.7,49.8,0.5998
2004-12-20 15:00:00,15,Monday,2004-12,2.2,838.0,3.8,152.0,89.0,546.0,9.4,44.9,0.5296
2004-12-20 16:00:00,16,Monday,2004-12,2.3,869.0,5.2,183.0,102.0,641.0,9.8,41.9,0.5083
2004-12-20 17:00:00,17,Monday,2004-12,2.9,928.0,6.8,254.0,129.0,794.0,8.9,44.9,0.5125
2004-12-20 18:00:00,18,Monday,2004-12,4.1,1037.0,11.9,355.0,151.0,1042.0,8.4,45.4,0.5035
2004-12-20 19:00:00,19,Monday,2004-12,4.1,980.0,10.8,341.0,151.0,993.0,8.0,41.0,0.4416
2004-12-20 20:00:00,20,Monday,2004-12,4.0,978.0,11.5,341.0,149.0,968.0,7.9,37.1,0.3974
2004-12-20 21:00:00,21,Monday,2004-12,3.7,891.0,7.6,342.0,149.0,894.0,7.8,33.9,0.3594
2004-12-20 22:00:00,22,Monday,2004-12,1.7,762.0,3.1,186.0,114.0,592.0,7.3,32.4,0.334
2004-12-20 23:00:00,23,Monday,2004-12,1.1,794.0,3.6,170.0,104.0,611.0,7.4,34.6,0.3576
2004-12-21 00:00:00,0,Tuesday,2004-12,1.1,799.0,3.6,169.0,104.0,611.0,7.1,33.7,0.3417
2004-12-21 01:00:00,1,Tuesday,2004-12,1.5,818.0,4.3,246.0,127.0,694.0,6.4,35.8,0.3471
2004-12-21 02:00:00,2,Tuesday,2004-12,0.5,691.0,0.7,63.0,53.0,357.0,5.6,37.7,0.3444
2004-12-21 03:00:00,3,Tuesday,2004-12,0.3,697.0,0.6,,,318.0,5.6,37.6,0.3448
2004-12-21 04:00:00,4,Tuesday,2004-12,0.2,697.0,0.5,44.0,39.0,325.0,5.3,38.8,0.3473
2004-12-21 05:00:00,5,Tuesday,2004-12,0.3,716.0,0.7,54.0,41.0,343.0,4.7,41.4,0.3576
2004-12-21 06:00:00,6,Tuesday,2004-12,0.6,791.0,2.2,176.0,97.0,608.0,4.3,43.9,0.3675
2004-12-21 07:00:00,7,Tuesday,2004-12,0.7,804.0,2.6,236.0,120.0,712.0,4.9,40.6,0.3539
2004-12-21 08:00:00,8,Tuesday,2004-12,2.6,1093.0,13.4,613.0,167.0,1173.0,5.1,40.8,0.3603
2004-12-21 09:00:00,9,Tuesday,2004-12,5.5,1179.0,23.5,755.0,198.0,1459.0,6.5,38.1,0.3709
2004-12-21 10:00:00,10,Tuesday,2004-12,2.6,951.0,9.4,460.0,157.0,1055.0,7.4,36.5,0.3778
2004-12-21 11:00:00,11,Tuesday,2004-12,1.5,882.0,6.3,280.0,125.0,799.0,7.9,36.4,0.3889
2004-12-21 12:00:00,12,Tuesday,2004-12,1.7,897.0,6.7,322.0,135.0,787.0,7.8,36.8,0.3908
2004-12-21 13:00:00,13,Tuesday,2004-12,2.2,949.0,9.7,349.0,138.0,892.0,8.7,33.7,0.379
2004-12-21 14:00:00,14,Tuesday,2004-12,2.1,896.0,7.8,297.0,132.0,766.0,8.5,34.3,0.3813
2004-12-21 15:00:00,15,Tuesday,2004-12,2.2,908.0,7.7,353.0,142.0,835.0,8.9,34.5,0.3946
2004-12-21 16:00:00,16,Tuesday,2004-12,2.3,959.0,8.6,316.0,137.0,897.0,8.8,35.7,0.4043
2004-12-21 17:00:00,17,Tuesday,2004-12,2.5,994.0,10.7,348.0,145.0,1009.0,7.9,38.6,0.4137
2004-12-21 18:00:00,18,Tuesday,2004-12,3.1,1081.0,16.7,445.0,166.0,1250.0,7.6,40.1,0.4195
2004-12-21 19:00:00,19,Tuesday,2004-12,3.6,1081.0,15.5,457.0,165.0,1283.0,6.9,40.3,0.4025
2004-12-21 20:00:00,20,Tuesday,2004-12,3.9,1175.0,18.3,516.0,175.0,1377.0,6.5,41.7,0.4047
2004-12-21 21:00:00,21,Tuesday,2004-12,4.0,1123.0,13.8,575.0,185.0,1322.0,6.3,42.6,0.4106
2004-12-21 22:00:00,22,Tuesday,2004-12,2.3,1032.0,9.3,449.0,166.0,1198.0,5.9,44.7,0.4186
2004-12-21 23:00:00,23,Tuesday,2004-12,1.5,927.0,5.8,289.0,140.0,1007.0,5.8,43.4,0.4037
2004-12-22 00:00:00,0,Wednesday,2004-12,1.5,952.0,6.6,268.0,133.0,976.0,5.8,42.5,0.3937
2004-12-22 01:00:00,1,Wednesday,2004-12,2.2,987.0,7.6,343.0,144.0,1013.0,5.6,42.0,0.3856
2004-12-22 02:00:00,2,Wednesday,2004-12,1.3,902.0,5.0,222.0,126.0,868.0,5.3,42.3,0.3806
2004-12-22 03:00:00,3,Wednesday,2004-12,0.9,833.0,2.9,,,760.0,5.1,43.5,0.3852
2004-12-22 04:00:00,4,Wednesday,2004-12,,776.0,1.3,87.0,72.0,585.0,5.1,44.8,0.3967
2004-12-22 05:00:00,5,Wednesday,2004-12,0.5,812.0,1.5,89.0,70.0,616.0,5.2,45.9,0.4099
2004-12-22 06:00:00,6,Wednesday,2004-12,0.5,821.0,1.7,103.0,74.0,678.0,4.7,49.0,0.4209
2004-12-22 07:00:00,7,Wednesday,2004-12,0.9,932.0,3.8,254.0,124.0,936.0,4.5,51.8,0.4418
2004-12-22 08:00:00,8,Wednesday,2004-12,2.0,1069.0,8.8,481.0,152.0,1110.0,4.5,53.0,0.4495
2004-12-22 09:00:00,9,Wednesday,2004-12,3.2,1137.0,12.5,638.0,174.0,1258.0,4.8,53.1,0.4605
2004-12-22 10:00:00,10,Wednesday,2004-12,2.3,1009.0,8.7,492.0,161.0,1080.0,7.8,42.0,0.4464
2004-12-22 11:00:00,11,Wednesday,2004-12,1.8,962.0,7.5,413.0,120.0,949.0,9.3,37.6,0.4391
2004-12-22 12:00:00,12,Wednesday,2004-12,2.1,972.0,8.2,364.0,111.0,894.0,10.0,34.2,0.4212
2004-12-22 13:00:00,13,Wednesday,2004-12,1.9,968.0,8.5,299.0,128.0,882.0,10.3,32.6,0.4094
2004-12-22 14:00:00,14,Wednesday,2004-12,2.4,939.0,8.1,342.0,133.0,872.0,9.8,31.8,0.3858
2004-12-22 15:00:00,15,Wednesday,2004-12,2.1,901.0,6.7,309.0,121.0,751.0,9.8,30.3,0.3658
2004-12-22 16:00:00,16,Wednesday,2004-12,2.8,975.0,9.0,367.0,147.0,928.0,9.6,29.6,0.3545
2004-12-22 17:00:00,17,Wednesday,2004-12,3.3,1028.0,11.3,357.0,136.0,1160.0,8.1,32.5,0.3516
2004-12-22 18:00:00,18,Wednesday,2004-12,2.9,998.0,9.9,345.0,153.0,1090.0,6.8,36.1,0.3575
2004-12-22 19:00:00,19,Wednesday,2004-12,3.9,1094.0,13.6,483.0,178.0,1274.0,6.4,36.5,0.3519
2004-12-22 20:00:00,20,Wednesday,2004-12,4.1,1128.0,15.4,480.0,174.0,1340.0,5.9,37.8,0.3528
2004-12-22 21:00:00,21,Wednesday,2004-12,3.3,1111.0,11.4,427.0,166.0,1271.0,5.1,40.7,0.3621
2004-12-22 22:00:00,22,Wednesday,2004-12,3.3,1121.0,11.2,504.0,169.0,1354.0,4.8,45.1,0.3925
2004-12-22 23:00:00,23,Wednesday,2004-12,1.9,956.0,5.7,248.0,132.0,1084.0,4.5,43.9,0.3728
2004-12-23 00:00:00,0,Thursday,2004-12,2.0,973.0,5.4,241.0,127.0,1086.0,5.2,44.1,0.3939
2004-12-23 01:00:00,1,Thursday,2004-12,1.9,952.0,5.5,210.0,113.0,1038.0,4.3,46.4,0.3896
2004-12-23 02:00:00,2,Thursday,2004-12,2.1,969.0,5.2,292.0,128.0,1064.0,3.0,52.5,0.4021
2004-12-23 03:00:00,3,Thursday,2004-12,1.7,919.0,3.7,,,979.0,2.3,56.3,0.4134
2004-12-23 04:00:00,4,Thursday,2004-12,1.3,874.0,3.1,129.0,85.0,930.0,1.5,61.4,0.4235
2004-12-23 05:00:00,5,Thursday,2004-12,1.1,806.0,1.6,106.0,77.0,783.0,4.0,50.4,0.4154
2004-12-23 06:00:00,6,Thursday,2004-12,1.2,874.0,2.5,125.0,78.0,831.0,2.8,55.2,0.4177
2004-12-23 07:00:00,7,Thursday,2004-12,1.8,961.0,5.3,267.0,115.0,983.0,1.2,61.4,0.4159
2004-12-23 08:00:00,8,Thursday,2004-12,3.6,1195.0,13.4,543.0,169.0,1315.0,1.4,61.3,0.4208
2004-12-23 09:00:00,9,Thursday,2004-12,3.7,1184.0,15.0,496.0,174.0,1389.0,2.2,58.1,0.4218
2004-12-23 10:00:00,10,Thursday,2004-12,3.4,1135.0,12.8,491.0,171.0,1396.0,4.3,49.4,0.4138
2004-12-23 11:00:00,11,Thursday,2004-12,4.0,1211.0,15.9,667.0,179.0,1585.0,6.6,42.5,0.416
2004-12-23 12:00:00,12,Thursday,2004-12,3.8,1228.0,15.9,693.0,193.0,1628.0,8.0,38.3,0.4133
2004-12-23 13:00:00,13,Thursday,2004-12,4.1,1247.0,16.3,707.0,210.0,1692.0,9.1,36.1,0.4172
2004-12-23 14:00:00,14,Thursday,2004-12,4.9,1336.0,18.6,777.0,224.0,1828.0,10.0,34.7,0.4259
2004-12-23 15:00:00,15,Thursday,2004-12,3.3,1205.0,12.8,512.0,175.0,1476.0,11.0,33.0,0.4331
2004-12-23 16:00:00,16,Thursday,2004-12,4.3,1305.0,17.9,587.0,177.0,1640.0,11.3,33.6,0.4504
2004-12-23 17:00:00,17,Thursday,2004-12,6.6,1568.0,29.0,864.0,208.0,2046.0,9.4,41.3,0.4888
2004-12-23 18:00:00,18,Thursday,2004-12,8.5,1630.0,33.1,1089.0,247.0,2238.0,8.0,45.9,0.4936
2004-12-23 19:00:00,19,Thursday,2004-12,8.7,1704.0,36.1,1070.0,242.0,2480.0,7.1,50.3,0.51
2004-12-23 20:00:00,20,Thursday,2004-12,9.1,1701.0,36.3,1220.0,252.0,2415.0,6.2,56.9,0.5419
2004-12-23 21:00:00,21,Thursday,2004-12,7.2,1564.0,26.3,1076.0,228.0,2181.0,6.3,57.9,0.5575
2004-12-23 22:00:00,22,Thursday,2004-12,5.0,1441.0,20.6,825.0,196.0,2051.0,6.2,56.8,0.5421
2004-12-23 23:00:00,23,Thursday,2004-12,4.2,1376.0,17.0,740.0,190.0,2041.0,6.1,54.7,0.5201
2004-12-24 00:00:00,0,Friday,2004-12,4.6,1412.0,17.2,759.0,187.0,2059.0,6.0,55.6,0.5244
2004-12-24 01:00:00,1,Friday,2004-12,3.9,1352.0,14.6,610.0,174.0,2016.0,5.1,59.0,0.5248
2004-12-24 02:00:00,2,Friday,2004-12,3.4,1285.0,12.1,465.0,158.0,1967.0,5.1,58.4,0.517
2004-12-24 03:00:00,3,Friday,2004-12,3.0,1263.0,10.5,,,1960.0,4.7,60.8,0.5232
2004-12-24 04:00:00,4,Friday,2004-12,2.4,1200.0,8.7,288.0,132.0,1847.0,4.2,63.1,0.5259
2004-12-24 05:00:00,5,Friday,2004-12,2.5,1187.0,8.8,251.0,121.0,1792.0,4.3,64.1,0.537
2004-12-24 06:00:00,6,Friday,2004-12,3.5,1166.0,8.2,351.0,136.0,1680.0,4.8,61.9,0.537
2004-12-24 07:00:00,7,Friday,2004-12,3.9,1209.0,9.5,379.0,138.0,1662.0,5.3,61.1,0.5499
2004-12-24 08:00:00,8,Friday,2004-12,4.8,1349.0,14.6,539.0,149.0,1810.0,5.7,61.3,0.5657
2004-12-24 09:00:00,9,Friday,2004-12,6.1,1458.0,20.4,706.0,165.0,2103.0,6.1,60.5,0.5719
2004-12-24 10:00:00,10,Friday,2004-12,6.6,1462.0,18.8,750.0,170.0,2082.0,6.7,59.7,0.589
2004-12-24 11:00:00,11,Friday,2004-12,6.5,1448.0,18.8,747.0,165.0,1971.0,7.2,58.6,0.5986
2004-12-24 12:00:00,12,Friday,2004-12,6.0,1419.0,18.5,670.0,167.0,1950.0,8.0,55.9,0.6018
2004-12-24 13:00:00,13,Friday,2004-12,6.9,1561.0,24.8,772.0,197.0,2101.0,9.8,52.4,0.6349
2004-12-24 14:00:00,14,Friday,2004-12,7.9,1558.0,22.9,792.0,217.0,2112.0,10.5,51.1,0.6503
2004-12-24 15:00:00,15,Friday,2004-12,6.1,1438.0,16.9,626.0,204.0,1962.0,10.8,52.4,0.6767
2004-12-24 16:00:00,16,Friday,2004-12,6.7,1532.0,22.2,678.0,193.0,2033.0,10.6,55.3,0.7058
2004-12-24 17:00:00,17,Friday,2004-12,6.8,1522.0,21.5,706.0,192.0,2034.0,10.4,57.0,0.7167
2004-12-24 18:00:00,18,Friday,2004-12,6.7,1514.0,21.5,668.0,175.0,2018.0,10.2,58.3,0.7256
2004-12-24 19:00:00,19,Friday,2004-12,6.4,,,641.0,168.0,,,,
2004-12-24 20:00:00,20,Friday,2004-12,6.8,,,649.0,170.0,,,,
2004-12-24 21:00:00,21,Friday,2004-12,5.6,,,521.0,157.0,,,,
2004-12-24 22:00:00,22,Friday,2004-12,5.4,,,487.0,143.0,,,,
2004-12-24 23:00:00,23,Friday,2004-12,5.2,,,453.0,152.0,,,,
2004-12-25 00:00:00,0,Saturday,2004-12,5.9,1505.0,15.6,567.0,169.0,2066.0,9.4,66.1,0.7816
2004-12-25 01:00:00,1,Saturday,2004-12,5.6,1458.0,14.2,527.0,164.0,2030.0,9.6,65.9,0.7869
2004-12-25 02:00:00,2,Saturday,2004-12,5.5,1431.0,13.5,503.0,154.0,1913.0,9.5,66.2,0.7882
2004-12-25 03:00:00,3,Saturday,2004-12,5.2,1366.0,11.4,,,1901.0,9.2,67.3,0.7851
2004-12-25 04:00:00,4,Saturday,2004-12,,1332.0,10.5,345.0,130.0,1783.0,9.1,68.7,0.7925
2004-12-25 05:00:00,5,Saturday,2004-12,2.2,1243.0,8.6,274.0,119.0,1534.0,9.0,69.8,0.8039
2004-12-25 06:00:00,6,Saturday,2004-12,2.0,1251.0,8.6,231.0,106.0,1568.0,8.9,70.5,0.8056
2004-12-25 07:00:00,7,Saturday,2004-12,2.2,1259.0,9.1,268.0,111.0,1622.0,8.9,70.4,0.8074
2004-12-25 08:00:00,8,Saturday,2004-12,2.0,1268.0,8.6,281.0,122.0,1628.0,9.1,69.6,0.8045
2004-12-25 09:00:00,9,Saturday,2004-12,2.5,1288.0,9.4,340.0,121.0,1553.0,9.0,70.8,0.8173
2004-12-25 10:00:00,10,Saturday,2004-12,3.0,1410.0,11.0,406.0,136.0,1769.0,9.8,68.6,0.8324
2004-12-25 11:00:00,11,Saturday,2004-12,2.8,1374.0,10.6,379.0,138.0,1776.0,10.2,67.3,0.8373
2004-12-25 12:00:00,12,Saturday,2004-12,3.4,1458.0,13.2,436.0,147.0,1898.0,10.7,65.0,0.8378
2004-12-25 13:00:00,13,Saturday,2004-12,5.5,1609.0,18.1,602.0,178.0,2100.0,11.4,62.9,0.8454
2004-12-25 14:00:00,14,Saturday,2004-12,4.0,1424.0,13.2,507.0,176.0,1896.0,12.2,61.1,0.8652
2004-12-25 15:00:00,15,Saturday,2004-12,2.4,1331.0,9.7,266.0,159.0,1745.0,12.1,61.8,0.8723
2004-12-25 16:00:00,16,Saturday,2004-12,3.1,1434.0,13.3,335.0,168.0,1893.0,11.7,65.6,0.898
2004-12-25 17:00:00,17,Saturday,2004-12,4.0,1542.0,15.4,464.0,181.0,1972.0,11.4,67.9,0.9119
2004-12-25 18:00:00,18,Saturday,2004-12,4.6,1651.0,17.8,527.0,184.0,2020.0,11.2,70.8,0.9386
2004-12-25 19:00:00,19,Saturday,2004-12,4.8,1633.0,18.0,592.0,170.0,1906.0,10.9,75.9,0.9868
2004-12-25 20:00:00,20,Saturday,2004-12,6.2,1739.0,21.3,821.0,174.0,1832.0,11.3,78.3,1.0455
2004-12-25 21:00:00,21,Saturday,2004-12,4.6,1523.0,14.5,538.0,136.0,1470.0,10.3,82.8,1.0369
2004-12-25 22:00:00,22,Saturday,2004-12,4.5,1543.0,15.8,513.0,127.0,1494.0,10.4,82.5,1.0406
2004-12-25 23:00:00,23,Saturday,2004-12,4.2,1469.0,13.1,514.0,125.0,1394.0,11.0,81.7,1.0727
2004-12-26 00:00:00,0,Sunday,2004-12,2.6,1271.0,7.7,345.0,121.0,1113.0,11.7,79.8,1.0964
2004-12-26 01:00:00,1,Sunday,2004-12,1.6,1161.0,6.0,231.0,117.0,958.0,11.6,80.0,1.0924
2004-12-26 02:00:00,2,Sunday,2004-12,1.3,1053.0,3.5,166.0,108.0,807.0,11.3,80.1,1.0741
2004-12-26 03:00:00,3,Sunday,2004-12,0.6,916.0,1.5,,,536.0,11.7,74.1,1.0167
2004-12-26 04:00:00,4,Sunday,2004-12,0.5,900.0,1.2,61.0,55.0,471.0,10.8,78.7,1.0202
2004-12-26 05:00:00,5,Sunday,2004-12,0.4,855.0,0.8,49.0,46.0,450.0,10.7,81.5,1.0497
2004-12-26 06:00:00,6,Sunday,2004-12,0.3,848.0,0.7,54.0,46.0,438.0,10.9,80.3,1.0444
2004-12-26 07:00:00,7,Sunday,2004-12,0.4,873.0,0.9,78.0,67.0,512.0,10.7,80.7,1.0377
2004-12-26 08:00:00,8,Sunday,2004-12,0.6,945.0,1.8,136.0,90.0,632.0,10.5,81.8,1.0416
2004-12-26 09:00:00,9,Sunday,2004-12,0.9,1003.0,2.5,198.0,117.0,754.0,10.4,82.9,1.0419
2004-12-26 10:00:00,10,Sunday,2004-12,1.1,1041.0,3.1,211.0,118.0,792.0,10.6,82.1,1.0451
2004-12-26 11:00:00,11,Sunday,2004-12,1.0,1036.0,3.5,183.0,112.0,776.0,11.5,72.6,0.9846
2004-12-26 12:00:00,12,Sunday,2004-12,1.6,1124.0,5.7,277.0,134.0,969.0,12.8,65.5,0.964
2004-12-26 13:00:00,13,Sunday,2004-12,1.8,1130.0,5.8,267.0,127.0,975.0,13.9,60.9,0.9644
2004-12-26 14:00:00,14,Sunday,2004-12,1.0,991.0,2.7,123.0,88.0,637.0,14.9,57.9,0.9726
2004-12-26 15:00:00,15,Sunday,2004-12,0.8,988.0,2.2,68.0,57.0,541.0,14.8,63.5,1.0592
2004-12-26 16:00:00,16,Sunday,2004-12,1.4,1163.0,5.8,186.0,99.0,876.0,13.6,68.9,1.0699
2004-12-26 17:00:00,17,Sunday,2004-12,2.1,1226.0,6.9,321.0,129.0,1029.0,13.6,68.9,1.0661
2004-12-26 18:00:00,18,Sunday,2004-12,2.3,1286.0,9.1,343.0,137.0,1103.0,13.5,67.1,1.0357
2004-12-26 19:00:00,19,Sunday,2004-12,3.5,1423.0,14.0,550.0,146.0,1369.0,12.3,75.4,1.0768
2004-12-26 20:00:00,20,Sunday,2004-12,3.8,1408.0,13.1,598.0,139.0,1381.0,11.7,80.0,1.0938
2004-12-26 21:00:00,21,Sunday,2004-12,2.4,1178.0,7.2,390.0,128.0,1094.0,11.8,82.7,1.1381
2004-12-26 22:00:00,22,Sunday,2004-12,1.0,985.0,3.8,159.0,106.0,835.0,11.8,77.5,1.0741
2004-12-26 23:00:00,23,Sunday,2004-12,1.3,1113.0,5.2,193.0,114.0,881.0,12.0,72.3,1.0095
2004-12-27 00:00:00,0,Monday,2004-12,2.3,1178.0,7.4,316.0,137.0,987.0,11.2,79.6,1.0587
2004-12-27 01:00:00,1,Monday,2004-12,1.5,1024.0,3.9,199.0,114.0,807.0,11.5,74.2,1.0063
2004-12-27 02:00:00,2,Monday,2004-12,1.1,954.0,2.7,134.0,92.0,664.0,11.6,68.9,0.9411
2004-12-27 03:00:00,3,Monday,2004-12,0.6,875.0,1.5,,,525.0,11.5,67.4,0.9106
2004-12-27 04:00:00,4,Monday,2004-12,0.7,877.0,1.3,63.0,55.0,496.0,11.7,64.6,0.8888
2004-12-27 05:00:00,5,Monday,2004-12,0.4,826.0,0.7,50.0,46.0,433.0,11.9,61.1,0.8527
2004-12-27 06:00:00,6,Monday,2004-12,0.5,862.0,1.4,93.0,67.0,524.0,12.5,57.3,0.8269
2004-12-27 07:00:00,7,Monday,2004-12,0.8,938.0,3.0,161.0,95.0,747.0,12.3,60.1,0.8562
2004-12-27 08:00:00,8,Monday,2004-12,1.9,1205.0,9.1,368.0,133.0,1052.0,11.5,68.7,0.9302
2004-12-27 09:00:00,9,Monday,2004-12,2.3,1171.0,10.0,344.0,138.0,1092.0,12.5,63.2,0.9113
2004-12-27 10:00:00,10,Monday,2004-12,1.9,1131.0,8.6,288.0,127.0,1036.0,12.9,63.2,0.9335
2004-12-27 11:00:00,11,Monday,2004-12,1.6,1074.0,6.4,244.0,119.0,934.0,13.5,59.9,0.9261
2004-12-27 12:00:00,12,Monday,2004-12,1.4,1062.0,6.2,224.0,113.0,917.0,13.4,61.3,0.9379
2004-12-27 13:00:00,13,Monday,2004-12,1.5,1045.0,5.7,206.0,109.0,839.0,14.4,57.1,0.9309
2004-12-27 14:00:00,14,Monday,2004-12,1.4,1034.0,5.0,163.0,97.0,761.0,15.0,57.2,0.9698
2004-12-27 15:00:00,15,Monday,2004-12,2.0,1186.0,8.0,296.0,117.0,926.0,12.4,72.6,1.0422
2004-12-27 16:00:00,16,Monday,2004-12,2.5,1256.0,10.5,386.0,132.0,1104.0,12.8,73.6,1.0851
2004-12-27 17:00:00,17,Monday,2004-12,2.2,1138.0,6.9,262.0,117.0,911.0,13.3,68.2,1.0356
2004-12-27 18:00:00,18,Monday,2004-12,2.0,1138.0,7.8,212.0,110.0,918.0,13.4,66.6,1.0187
2004-12-27 19:00:00,19,Monday,2004-12,2.1,1114.0,8.0,245.0,119.0,948.0,13.3,63.6,0.9661
2004-12-27 20:00:00,20,Monday,2004-12,2.1,1107.0,8.1,263.0,116.0,966.0,12.9,62.4,0.9258
2004-12-27 21:00:00,21,Monday,2004-12,2.1,1117.0,7.5,300.0,123.0,1057.0,12.4,64.7,0.9266
2004-12-27 22:00:00,22,Monday,2004-12,1.6,1090.0,6.0,242.0,117.0,1001.0,12.1,65.6,0.9222
2004-12-27 23:00:00,23,Monday,2004-12,1.1,954.0,3.2,152.0,100.0,777.0,11.3,69.8,0.932
2004-12-28 00:00:00,0,Tuesday,2004-12,1.2,987.0,4.1,165.0,101.0,797.0,11.0,68.7,0.9001
2004-12-28 01:00:00,1,Tuesday,2004-12,,969.0,3.1,,,691.0,11.1,65.3,0.8601
2004-12-28 02:00:00,2,Tuesday,2004-12,,939.0,2.9,,,680.0,10.2,66.9,0.8323
2004-12-28 03:00:00,3,Tuesday,2004-12,,961.0,3.0,,,755.0,9.5,70.1,0.8343
2004-12-28 04:00:00,4,Tuesday,2004-12,,916.0,2.5,,,725.0,9.8,69.4,0.8397
2004-12-28 05:00:00,5,Tuesday,2004-12,,835.0,0.9,,,432.0,10.7,62.5,0.802
2004-12-28 06:00:00,6,Tuesday,2004-12,,885.0,1.8,,,612.0,10.4,64.8,0.8138
2004-12-28 07:00:00,7,Tuesday,2004-12,,1088.0,6.6,,,951.0,9.7,73.1,0.8772
2004-12-28 08:00:00,8,Tuesday,2004-12,,1358.0,15.3,,,1326.0,9.3,77.0,0.9018
2004-12-28 09:00:00,9,Tuesday,2004-12,,1456.0,23.4,,,1504.0,9.1,77.1,0.8947
2004-12-28 10:00:00,10,Tuesday,2004-12,,1274.0,15.3,,,1326.0,10.6,67.9,0.8666
2004-12-28 11:00:00,11,Tuesday,2004-12,,1092.0,9.2,,,1043.0,12.7,56.7,0.8304
2004-12-28 12:00:00,12,Tuesday,2004-12,,1111.0,10.4,,,1058.0,13.0,53.9,0.8029
2004-12-28 13:00:00,13,Tuesday,2004-12,,1177.0,14.8,,,1205.0,13.9,49.0,0.7727
2004-12-28 14:00:00,14,Tuesday,2004-12,,1199.0,14.6,,,1203.0,14.4,49.2,0.8027
2004-12-28 15:00:00,15,Tuesday,2004-12,,1121.0,10.7,,,1058.0,14.3,48.6,0.79
2004-12-28 16:00:00,16,Tuesday,2004-12,,1252.0,15.5,,,1257.0,13.6,52.8,0.8177
2004-12-28 17:00:00,17,Tuesday,2004-12,,1233.0,14.9,,,1271.0,13.1,54.3,0.8167
2004-12-28 18:00:00,18,Tuesday,2004-12,,1215.0,12.4,,,1214.0,12.4,59.3,0.853
2004-12-28 19:00:00,19,Tuesday,2004-12,,1193.0,11.2,,,1135.0,12.1,61.5,0.8677
2004-12-28 20:00:00,20,Tuesday,2004-12,,1195.0,11.3,,,1150.0,12.0,60.8,0.852
2004-12-28 21:00:00,21,Tuesday,2004-12,,1301.0,12.9,,,1248.0,11.0,73.8,0.9677
2004-12-28 22:00:00,22,Tuesday,2004-12,,1126.0,6.4,,,955.0,9.6,82.9,0.99
2004-12-28 23:00:00,23,Tuesday,2004-12,,1013.0,3.6,,,726.0,8.6,83.5,0.9372
2004-12-29 00:00:00,0,Wednesday,2004-12,,982.0,2.9,,,708.0,8.7,83.0,0.9393
2004-12-29 01:00:00,1,Wednesday,2004-12,,970.0,2.8,,,704.0,8.8,81.2,0.9214
2004-12-29 02:00:00,2,Wednesday,2004-12,,959.0,2.8,,,667.0,8.9,79.0,0.9032
2004-12-29 03:00:00,3,Wednesday,2004-12,,925.0,2.2,,,662.0,9.0,76.5,0.8828
2004-12-29 04:00:00,4,Wednesday,2004-12,,847.0,1.0,,,508.0,9.0,75.8,0.8721
2004-12-29 05:00:00,5,Wednesday,2004-12,,885.0,1.4,,,529.0,9.1,73.9,0.8576
2004-12-29 06:00:00,6,Wednesday,2004-12,,883.0,1.6,,,607.0,9.4,70.9,0.8386
2004-12-29 07:00:00,7,Wednesday,2004-12,,892.0,2.0,,,623.0,10.1,65.9,0.8148
2004-12-29 08:00:00,8,Wednesday,2004-12,,970.0,3.4,,,732.0,10.1,64.6,0.7967
2004-12-29 09:00:00,9,Wednesday,2004-12,,904.0,2.9,,,697.0,9.3,64.7,0.7575
2004-12-29 10:00:00,10,Wednesday,2004-12,,919.0,3.0,,,712.0,9.9,61.3,0.7499
2004-12-29 11:00:00,11,Wednesday,2004-12,,929.0,3.3,,,696.0,10.6,59.9,0.7674
2004-12-29 12:00:00,12,Wednesday,2004-12,,938.0,4.3,,,702.0,11.1,55.3,0.7325
2004-12-29 13:00:00,13,Wednesday,2004-12,,971.0,5.5,,,796.0,12.0,49.3,0.69
2004-12-29 14:00:00,14,Wednesday,2004-12,,914.0,4.5,,,714.0,11.6,46.8,0.6397
2004-12-29 15:00:00,15,Wednesday,2004-12,,892.0,4.1,,,635.0,12.0,44.0,0.6169
2004-12-29 16:00:00,16,Wednesday,2004-12,,913.0,4.5,,,706.0,11.8,44.3,0.6141
2004-12-29 17:00:00,17,Wednesday,2004-12,,928.0,4.9,,,775.0,11.3,45.4,0.6063
2004-12-29 18:00:00,18,Wednesday,2004-12,,1035.0,9.0,,,965.0,11.3,44.1,0.5909
2004-12-29 19:00:00,19,Wednesday,2004-12,,1033.0,9.0,,,979.0,11.2,45.1,0.5971
2004-12-29 20:00:00,20,Wednesday,2004-12,,990.0,7.2,,,902.0,10.8,47.3,0.6122
2004-12-29 21:00:00,21,Wednesday,2004-12,,934.0,4.7,,,798.0,10.7,47.7,0.6127
2004-12-29 22:00:00,22,Wednesday,2004-12,,881.0,3.3,,,697.0,10.5,46.9,0.5956
2004-12-29 23:00:00,23,Wednesday,2004-12,,855.0,2.7,,,626.0,10.2,45.4,0.5632
2004-12-30 00:00:00,0,Thursday,2004-12,,832.0,2.2,,,537.0,9.7,46.0,0.5546
2004-12-30 01:00:00,1,Thursday,2004-12,,848.0,2.8,,,574.0,9.8,45.2,0.5489
2004-12-30 02:00:00,2,Thursday,2004-12,,806.0,1.8,,,490.0,9.4,45.4,0.5355
2004-12-30 03:00:00,3,Thursday,2004-12,,796.0,1.5,,,450.0,9.3,44.0,0.5153
2004-12-30 04:00:00,4,Thursday,2004-12,,777.0,0.9,,,438.0,8.8,45.2,0.5134
2004-12-30 05:00:00,5,Thursday,2004-12,,785.0,1.1,,,428.0,8.7,45.6,0.5128
2004-12-30 06:00:00,6,Thursday,2004-12,,766.0,0.7,,,404.0,8.5,44.8,0.498
2004-12-30 07:00:00,7,Thursday,2004-12,,808.0,1.4,,,480.0,8.7,43.4,0.4905
2004-12-30 08:00:00,8,Thursday,2004-12,,975.0,6.2,,,876.0,8.5,43.6,0.4865
2004-12-30 09:00:00,9,Thursday,2004-12,,943.0,6.1,,,868.0,8.8,42.0,0.4773
2004-12-30 10:00:00,10,Thursday,2004-12,,886.0,5.0,,,740.0,10.8,35.1,0.4549
2004-12-30 11:00:00,11,Thursday,2004-12,,861.0,4.1,,,628.0,11.7,34.4,0.4712
2004-12-30 12:00:00,12,Thursday,2004-12,,881.0,4.4,,,636.0,12.6,31.7,0.4613
2004-12-30 13:00:00,13,Thursday,2004-12,,855.0,4.6,,,616.0,12.5,30.3,0.4367
2004-12-30 14:00:00,14,Thursday,2004-12,,855.0,4.3,,,613.0,11.4,32.8,0.4424
2004-12-30 15:00:00,15,Thursday,2004-12,,844.0,3.6,,,545.0,12.1,31.1,0.4383
2004-12-30 16:00:00,16,Thursday,2004-12,,900.0,5.6,,,710.0,12.3,29.7,0.4226
2004-12-30 17:00:00,17,Thursday,2004-12,,883.0,4.8,,,661.0,9.8,36.4,0.4414
2004-12-30 18:00:00,18,Thursday,2004-12,,994.0,8.1,,,922.0,9.3,40.8,0.4781
2004-12-30 19:00:00,19,Thursday,2004-12,,927.0,5.2,,,755.0,8.6,45.1,0.5038
2004-12-30 20:00:00,20,Thursday,2004-12,,1078.0,10.2,,,1015.0,9.3,41.7,0.4884
2004-12-30 21:00:00,21,Thursday,2004-12,,952.0,5.5,,,876.0,8.7,44.3,0.4998
2004-12-30 22:00:00,22,Thursday,2004-12,,882.0,3.1,,,727.0,8.0,47.6,0.5113
2004-12-30 23:00:00,23,Thursday,2004-12,,924.0,4.2,,,781.0,7.7,47.2,0.4975
2004-12-31 00:00:00,0,Friday,2004-12,,987.0,6.2,,,893.0,7.2,50.2,0.5118
2004-12-31 01:00:00,1,Friday,2004-12,,930.0,4.8,,,820.0,6.9,50.3,0.5029
2004-12-31 02:00:00,2,Friday,2004-12,,861.0,3.0,,,632.0,6.7,50.7,0.4998
2004-12-31 03:00:00,3,Friday,2004-12,,783.0,1.2,,,458.0,7.6,46.4,0.4869
2004-12-31 04:00:00,4,Friday,2004-12,,744.0,0.4,,,345.0,7.4,45.7,0.4714
2004-12-31 05:00:00,5,Friday,2004-12,,753.0,0.4,,,337.0,6.9,49.3,0.4913
2004-12-31 06:00:00,6,Friday,2004-12,,787.0,0.6,,,370.0,7.8,48.1,0.5095
2004-12-31 07:00:00,7,Friday,2004-12,,820.0,1.1,,,466.0,8.1,47.8,0.5157
2004-12-31 08:00:00,8,Friday,2004-12,,840.0,1.6,,,510.0,8.5,46.7,0.5191
2004-12-31 09:00:00,9,Friday,2004-12,,897.0,3.1,,,641.0,8.9,44.1,0.5039
2004-12-31 10:00:00,10,Friday,2004-12,,989.0,5.6,,,862.0,9.4,42.5,0.5038
2004-12-31 11:00:00,11,Friday,2004-12,,909.0,4.5,,,753.0,10.8,36.3,0.4712
2004-12-31 12:00:00,12,Friday,2004-12,,865.0,3.8,,,589.0,11.9,30.6,0.4264
2004-12-31 13:00:00,13,Friday,2004-12,,924.0,6.2,,,704.0,12.2,29.7,0.4205
2004-12-31 14:00:00,14,Friday,2004-12,,912.0,5.6,,,731.0,12.0,31.1,0.434
2004-12-31 15:00:00,15,Friday,2004-12,,872.0,4.1,,,592.0,12.7,28.4,0.416
2004-12-31 16:00:00,16,Friday,2004-12,,917.0,5.6,,,740.0,13.3,27.5,0.4185
2004-12-31 17:00:00,17,Friday,2004-12,,962.0,7.6,,,896.0,11.4,30.8,0.4148
2004-12-31 18:00:00,18,Friday,2004-12,,932.0,6.1,,,854.0,9.8,34.0,0.4112
2004-12-31 19:00:00,19,Friday,2004-12,,930.0,5.3,,,866.0,9.3,33.6,0.3958
2004-12-31 20:00:00,20,Friday,2004-12,,962.0,5.3,,,884.0,9.6,32.3,0.3871
2004-12-31 21:00:00,21,Friday,2004-12,,974.0,5.5,,,951.0,9.1,32.5,0.3766
2004-12-31 22:00:00,22,Friday,2004-12,,1055.0,5.6,,,1195.0,9.1,37.2,0.431
2004-12-31 23:00:00,23,Friday,2004-12,,1003.0,4.6,,,1138.0,7.8,38.4,0.4085
2005-01-01 00:00:00,0,Saturday,2005-01,,1046.0,4.2,,,1201.0,8.2,40.1,0.4375
2005-01-01 01:00:00,1,Saturday,2005-01,1.6,1275.0,8.8,215.0,106.0,1617.0,5.3,50.7,0.4564
2005-01-01 02:00:00,2,Saturday,2005-01,2.5,1173.0,7.5,300.0,129.0,1355.0,5.9,50.0,0.4689
2005-01-01 03:00:00,3,Saturday,2005-01,2.7,1163.0,7.6,,,1296.0,4.9,53.9,0.4693
2005-01-01 04:00:00,4,Saturday,2005-01,1.9,1054.0,5.6,253.0,126.0,1131.0,4.3,55.3,0.465
2005-01-01 05:00:00,5,Saturday,2005-01,1.4,1004.0,4.8,181.0,106.0,1036.0,4.2,57.1,0.4759
2005-01-01 06:00:00,6,Saturday,2005-01,1.5,1001.0,5.3,171.0,99.0,1009.0,3.5,58.3,0.4636
2005-01-01 07:00:00,7,Saturday,2005-01,1.4,974.0,4.5,168.0,97.0,966.0,3.0,60.7,0.4667
2005-01-01 08:00:00,8,Saturday,2005-01,1.1,915.0,3.0,169.0,94.0,901.0,2.6,63.2,0.4721
2005-01-01 09:00:00,9,Saturday,2005-01,1.0,939.0,3.0,145.0,86.0,879.0,3.9,59.0,0.4807
2005-01-01 10:00:00,10,Saturday,2005-01,1.2,973.0,4.7,190.0,97.0,991.0,4.7,57.2,0.4932
2005-01-01 11:00:00,11,Saturday,2005-01,1.7,1011.0,5.4,225.0,113.0,1019.0,6.8,48.6,0.4822
2005-01-01 12:00:00,12,Saturday,2005-01,2.3,1097.0,7.4,261.0,125.0,1151.0,8.6,43.6,0.4887
2005-01-01 13:00:00,13,Saturday,2005-01,2.2,1149.0,8.4,382.0,147.0,1242.0,9.5,41.2,0.4908
2005-01-01 14:00:00,14,Saturday,2005-01,2.4,1117.0,8.9,357.0,153.0,1206.0,10.9,35.9,0.468
2005-01-01 15:00:00,15,Saturday,2005-01,2.2,1085.0,7.9,299.0,147.0,1138.0,12.5,32.3,0.467
2005-01-01 16:00:00,16,Saturday,2005-01,2.1,1102.0,7.7,313.0,139.0,1142.0,12.8,32.6,0.4814
2005-01-01 17:00:00,17,Saturday,2005-01,3.0,1281.0,12.1,510.0,165.0,1438.0,10.9,39.7,0.5166
2005-01-01 18:00:00,18,Saturday,2005-01,4.7,1472.0,16.6,832.0,191.0,1735.0,9.0,51.8,0.5961
2005-01-01 19:00:00,19,Saturday,2005-01,3.6,1328.0,11.4,622.0,172.0,1611.0,8.1,54.1,0.5882
2005-01-01 20:00:00,20,Saturday,2005-01,2.5,1198.0,7.9,402.0,151.0,1436.0,7.8,54.6,0.5786
2005-01-01 21:00:00,21,Saturday,2005-01,2.3,1176.0,8.1,334.0,137.0,1389.0,6.2,59.6,0.5698
2005-01-01 22:00:00,22,Saturday,2005-01,2.1,1118.0,6.4,295.0,130.0,1313.0,5.7,59.9,0.5523
2005-01-01 23:00:00,23,Saturday,2005-01,1.7,1091.0,5.2,222.0,115.0,1232.0,5.6,59.7,0.5463
2005-01-02 00:00:00,0,Sunday,2005-01,1.8,1078.0,5.2,230.0,112.0,1195.0,4.7,62.9,0.5424
2005-01-02 01:00:00,1,Sunday,2005-01,1.6,1043.0,4.3,195.0,105.0,1107.0,4.5,63.5,0.5411
2005-01-02 02:00:00,2,Sunday,2005-01,1.3,992.0,3.6,167.0,96.0,1035.0,4.5,63.6,0.5414
2005-01-02 03:00:00,3,Sunday,2005-01,1.3,1004.0,4.5,,,1030.0,3.1,70.0,0.5388
2005-01-02 04:00:00,4,Sunday,2005-01,1.3,947.0,3.3,148.0,87.0,929.0,3.2,68.3,0.531
2005-01-02 05:00:00,5,Sunday,2005-01,1.1,923.0,2.7,123.0,75.0,875.0,3.1,69.2,0.5337
2005-01-02 06:00:00,6,Sunday,2005-01,1.0,911.0,2.4,148.0,82.0,861.0,2.4,71.9,0.5288
2005-01-02 07:00:00,7,Sunday,2005-01,1.0,924.0,2.6,143.0,83.0,852.0,3.1,68.7,0.5317
2005-01-02 08:00:00,8,Sunday,2005-01,1.2,954.0,3.4,180.0,88.0,891.0,2.1,73.1,0.5289
2005-01-02 09:00:00,9,Sunday,2005-01,1.3,960.0,3.9,226.0,106.0,947.0,3.3,68.2,0.5346
2005-01-02 10:00:00,10,Sunday,2005-01,1.6,1016.0,4.9,254.0,112.0,1016.0,4.1,65.8,0.5451
2005-01-02 11:00:00,11,Sunday,2005-01,2.2,1139.0,7.5,372.0,141.0,1201.0,6.6,56.6,0.5528
2005-01-02 12:00:00,12,Sunday,2005-01,2.2,1130.0,7.1,379.0,148.0,1218.0,8.0,51.2,0.5516
2005-01-02 13:00:00,13,Sunday,2005-01,2.8,1237.0,9.6,478.0,171.0,1385.0,10.3,44.9,0.5612
2005-01-02 14:00:00,14,Sunday,2005-01,2.1,1159.0,6.5,344.0,160.0,1311.0,12.3,41.7,0.5961
2005-01-02 15:00:00,15,Sunday,2005-01,1.6,1124.0,5.5,258.0,137.0,1206.0,13.5,41.3,0.6342
2005-01-02 16:00:00,16,Sunday,2005-01,2.8,1312.0,10.5,474.0,167.0,1473.0,13.4,43.1,0.66
2005-01-02 17:00:00,17,Sunday,2005-01,2.6,1246.0,8.9,438.0,164.0,1460.0,9.9,53.3,0.6504
2005-01-02 18:00:00,18,Sunday,2005-01,2.8,1232.0,8.8,451.0,166.0,1627.0,8.9,54.6,0.6226
2005-01-02 19:00:00,19,Sunday,2005-01,2.9,1286.0,10.5,473.0,167.0,1827.0,8.9,54.8,0.6244
2005-01-02 20:00:00,20,Sunday,2005-01,3.4,1347.0,13.0,560.0,174.0,2004.0,8.3,58.2,0.6391
2005-01-02 21:00:00,21,Sunday,2005-01,2.9,,,470.0,160.0,,,,
2005-01-02 22:00:00,22,Sunday,2005-01,3.2,,,506.0,169.0,,,,
2005-01-02 23:00:00,23,Sunday,2005-01,3.1,,,482.0,162.0,,,,
2005-01-03 00:00:00,0,Monday,2005-01,3.0,,,436.0,149.0,,,,
2005-01-03 01:00:00,1,Monday,2005-01,3.4,,,472.0,158.0,,,,
2005-01-03 02:00:00,2,Monday,2005-01,3.0,,,379.0,143.0,,,,
2005-01-03 03:00:00,3,Monday,2005-01,2.7,,,,,,,,
2005-01-03 04:00:00,4,Monday,2005-01,,,,286.0,121.0,,,,
2005-01-03 05:00:00,5,Monday,2005-01,1.1,,,155.0,92.0,,,,
2005-01-03 06:00:00,6,Monday,2005-01,1.4,,,264.0,102.0,,,,
2005-01-03 07:00:00,7,Monday,2005-01,1.8,,,366.0,121.0,,,,
2005-01-03 08:00:00,8,Monday,2005-01,3.6,,,622.0,164.0,,,,
2005-01-03 09:00:00,9,Monday,2005-01,3.1,,,551.0,175.0,,,,
2005-01-03 10:00:00,10,Monday,2005-01,1.9,,,349.0,130.0,,,,
2005-01-03 11:00:00,11,Monday,2005-01,1.7,,,285.0,117.0,,,,
2005-01-03 12:00:00,12,Monday,2005-01,1.7,,,265.0,115.0,,,,
2005-01-03 13:00:00,13,Monday,2005-01,1.6,,,222.0,106.0,,,,
2005-01-03 14:00:00,14,Monday,2005-01,1.6,,,237.0,102.0,,,,
2005-01-03 15:00:00,15,Monday,2005-01,1.7,,,294.0,122.0,,,,
2005-01-03 16:00:00,16,Monday,2005-01,2.2,,,329.0,138.0,,,,
2005-01-03 17:00:00,17,Monday,2005-01,3.3,,,487.0,162.0,,,,
2005-01-03 18:00:00,18,Monday,2005-01,3.9,,,604.0,177.0,,,,
2005-01-03 19:00:00,19,Monday,2005-01,5.0,,,728.0,190.0,,,,
2005-01-03 20:00:00,20,Monday,2005-01,4.2,,,653.0,182.0,,,,
2005-01-03 21:00:00,21,Monday,2005-01,3.2,,,509.0,163.0,,,,
2005-01-03 22:00:00,22,Monday,2005-01,1.7,,,277.0,135.0,,,,
2005-01-03 23:00:00,23,Monday,2005-01,1.5,,,268.0,130.0,,,,
2005-01-04 00:00:00,0,Tuesday,2005-01,1.3,,,193.0,117.0,,,,
2005-01-04 01:00:00,1,Tuesday,2005-01,1.2,,,167.0,104.0,,,,
2005-01-04 02:00:00,2,Tuesday,2005-01,1.3,,,159.0,97.0,,,,
2005-01-04 03:00:00,3,Tuesday,2005-01,0.8,,,,,,,,
2005-01-04 04:00:00,4,Tuesday,2005-01,0.6,,,89.0,72.0,,,,
2005-01-04 05:00:00,5,Tuesday,2005-01,0.8,,,97.0,71.0,,,,
2005-01-04 06:00:00,6,Tuesday,2005-01,0.9,,,182.0,94.0,,,,
2005-01-04 07:00:00,7,Tuesday,2005-01,1.1,,,262.0,118.0,,,,
2005-01-04 08:00:00,8,Tuesday,2005-01,3.4,,,561.0,174.0,,,,
2005-01-04 09:00:00,9,Tuesday,2005-01,3.6,,,540.0,170.0,,,,
2005-01-04 10:00:00,10,Tuesday,2005-01,3.1,,,480.0,171.0,,,,
2005-01-04 11:00:00,11,Tuesday,2005-01,3.3,,,608.0,196.0,,,,
2005-01-04 12:00:00,12,Tuesday,2005-01,3.4,,,584.0,191.0,,,,
2005-01-04 13:00:00,13,Tuesday,2005-01,2.8,,,426.0,165.0,,,,
2005-01-04 14:00:00,14,Tuesday,2005-01,2.6,,,397.0,148.0,,,,
2005-01-04 15:00:00,15,Tuesday,2005-01,3.0,,,473.0,172.0,,,,
2005-01-04 16:00:00,16,Tuesday,2005-01,2.9,,,369.0,165.0,,,,
2005-01-04 17:00:00,17,Tuesday,2005-01,3.8,,,532.0,184.0,,,,
2005-01-04 18:00:00,18,Tuesday,2005-01,3.8,,,498.0,173.0,,,,
2005-01-04 19:00:00,19,Tuesday,2005-01,3.6,,,487.0,174.0,,,,
2005-01-04 20:00:00,20,Tuesday,2005-01,4.5,,,629.0,181.0,,,,
2005-01-04 21:00:00,21,Tuesday,2005-01,3.7,,,502.0,166.0,,,,
2005-01-04 22:00:00,22,Tuesday,2005-01,2.4,,,381.0,150.0,,,,
2005-01-04 23:00:00,23,Tuesday,2005-01,1.7,,,250.0,131.0,,,,
2005-01-05 00:00:00,0,Wednesday,2005-01,1.7,,,266.0,129.0,,,,
2005-01-05 01:00:00,1,Wednesday,2005-01,1.7,1135.0,5.6,226.0,120.0,1151.0,9.5,69.5,0.8261
2005-01-05 02:00:00,2,Wednesday,2005-01,1.9,1188.0,8.1,259.0,119.0,1185.0,9.1,70.9,0.8176
2005-01-05 03:00:00,3,Wednesday,2005-01,2.0,1242.0,8.5,,,1374.0,8.1,72.1,0.7798
2005-01-05 04:00:00,4,Wednesday,2005-01,2.0,1219.0,7.7,260.0,111.0,1405.0,7.9,72.1,0.7679
2005-01-05 05:00:00,5,Wednesday,2005-01,1.7,1187.0,6.8,242.0,109.0,1383.0,7.6,72.7,0.7598
2005-01-05 06:00:00,6,Wednesday,2005-01,1.8,1225.0,8.1,267.0,110.0,1460.0,7.5,71.7,0.7439
2005-01-05 07:00:00,7,Wednesday,2005-01,2.2,1333.0,11.1,411.0,126.0,1612.0,7.9,70.6,0.7562
2005-01-05 08:00:00,8,Wednesday,2005-01,3.7,1489.0,16.4,670.0,148.0,1776.0,8.6,69.0,0.7732
2005-01-05 09:00:00,9,Wednesday,2005-01,4.8,1596.0,21.6,830.0,162.0,1991.0,9.1,67.5,0.7831
2005-01-05 10:00:00,10,Wednesday,2005-01,4.8,1585.0,19.3,845.0,173.0,1944.0,9.8,65.8,0.7967
2005-01-05 11:00:00,11,Wednesday,2005-01,5.2,1674.0,22.9,992.0,198.0,2098.0,11.2,61.9,0.8226
2005-01-05 12:00:00,12,Wednesday,2005-01,5.9,1741.0,25.3,1130.0,219.0,2159.0,12.8,60.1,0.882
2005-01-05 13:00:00,13,Wednesday,2005-01,5.9,1680.0,25.2,977.0,206.0,2005.0,13.4,62.4,0.9513
2005-01-05 14:00:00,14,Wednesday,2005-01,3.1,1295.0,13.2,459.0,155.0,1441.0,14.3,61.2,0.9941
2005-01-05 15:00:00,15,Wednesday,2005-01,2.6,1288.0,13.9,346.0,150.0,1380.0,14.6,59.6,0.9824
2005-01-05 16:00:00,16,Wednesday,2005-01,2.8,1281.0,13.8,383.0,148.0,1409.0,14.2,60.0,0.9684
2005-01-05 17:00:00,17,Wednesday,2005-01,2.8,1310.0,13.5,414.0,158.0,1445.0,13.8,62.6,0.9862
2005-01-05 18:00:00,18,Wednesday,2005-01,2.8,1276.0,13.5,370.0,152.0,1388.0,13.6,64.0,0.9891
2005-01-05 19:00:00,19,Wednesday,2005-01,3.1,1312.0,15.0,400.0,148.0,1411.0,13.4,64.5,0.9865
2005-01-05 20:00:00,20,Wednesday,2005-01,3.3,1332.0,14.9,378.0,147.0,1377.0,13.5,64.7,0.9971
2005-01-05 21:00:00,21,Wednesday,2005-01,2.7,1248.0,11.9,357.0,144.0,1316.0,13.4,65.3,0.9967
2005-01-05 22:00:00,22,Wednesday,2005-01,2.3,1182.0,9.2,333.0,144.0,1210.0,13.2,64.5,0.9732
2005-01-05 23:00:00,23,Wednesday,2005-01,1.6,1059.0,6.0,227.0,126.0,1002.0,13.2,62.3,0.9392
2005-01-06 00:00:00,0,Thursday,2005-01,1.6,1056.0,5.6,203.0,115.0,896.0,12.5,63.7,0.9196
2005-01-06 01:00:00,1,Thursday,2005-01,1.7,1064.0,5.4,210.0,116.0,946.0,12.3,64.6,0.9229
2005-01-06 02:00:00,2,Thursday,2005-01,1.6,1059.0,5.4,198.0,112.0,877.0,12.5,63.8,0.9244
2005-01-06 03:00:00,3,Thursday,2005-01,1.4,991.0,3.5,,,718.0,12.6,62.7,0.9121
2005-01-06 04:00:00,4,Thursday,2005-01,,950.0,2.5,89.0,67.0,643.0,12.0,64.6,0.906
2005-01-06 05:00:00,5,Thursday,2005-01,0.9,1005.0,3.4,89.0,67.0,745.0,10.7,69.5,0.8919
2005-01-06 06:00:00,6,Thursday,2005-01,0.8,939.0,1.8,101.0,72.0,656.0,12.4,62.6,0.8994
2005-01-06 07:00:00,7,Thursday,2005-01,0.7,961.0,2.6,104.0,69.0,682.0,12.3,62.7,0.8947
2005-01-06 08:00:00,8,Thursday,2005-01,1.1,1017.0,4.0,192.0,107.0,829.0,11.4,66.6,0.8948
2005-01-06 09:00:00,9,Thursday,2005-01,1.5,1108.0,6.2,237.0,117.0,961.0,11.1,70.2,0.9276
2005-01-06 10:00:00,10,Thursday,2005-01,1.5,1122.0,5.8,211.0,115.0,960.0,13.4,61.0,0.9348
2005-01-06 11:00:00,11,Thursday,2005-01,1.6,1099.0,6.3,230.0,120.0,940.0,15.9,52.2,0.9377
2005-01-06 12:00:00,12,Thursday,2005-01,1.6,1124.0,5.9,240.0,128.0,938.0,15.6,54.0,0.9515
2005-01-06 13:00:00,13,Thursday,2005-01,2.0,1186.0,8.5,295.0,138.0,1040.0,16.3,51.5,0.9462
2005-01-06 14:00:00,14,Thursday,2005-01,1.7,1096.0,6.2,243.0,127.0,904.0,16.5,50.8,0.9442
2005-01-06 15:00:00,15,Thursday,2005-01,1.5,1120.0,6.4,196.0,111.0,910.0,16.3,51.9,0.9535
2005-01-06 16:00:00,16,Thursday,2005-01,2.0,1185.0,7.9,237.0,122.0,1011.0,16.2,53.0,0.9687
2005-01-06 17:00:00,17,Thursday,2005-01,1.9,1173.0,7.7,274.0,134.0,1038.0,15.6,54.8,0.966
2005-01-06 18:00:00,18,Thursday,2005-01,2.1,1221.0,8.9,352.0,153.0,1144.0,14.5,57.5,0.944
2005-01-06 19:00:00,19,Thursday,2005-01,2.8,1330.0,12.4,488.0,169.0,1352.0,14.0,60.1,0.9566
2005-01-06 20:00:00,20,Thursday,2005-01,2.7,1325.0,11.3,426.0,162.0,1365.0,13.5,63.0,0.9686
2005-01-06 21:00:00,21,Thursday,2005-01,2.4,1195.0,8.4,376.0,152.0,1245.0,12.6,65.4,0.9529
2005-01-06 22:00:00,22,Thursday,2005-01,1.6,1150.0,7.3,237.0,127.0,1203.0,12.0,67.5,0.9413
2005-01-06 23:00:00,23,Thursday,2005-01,1.7,1145.0,5.9,199.0,112.0,1120.0,10.5,72.0,0.912
2005-01-07 00:00:00,0,Friday,2005-01,1.3,1041.0,4.3,164.0,98.0,972.0,10.0,70.9,0.8706
2005-01-07 01:00:00,1,Friday,2005-01,1.4,1032.0,3.6,142.0,89.0,878.0,9.8,70.7,0.8571
2005-01-07 02:00:00,2,Friday,2005-01,1.2,1010.0,3.1,142.0,82.0,853.0,8.0,75.0,0.8098
2005-01-07 03:00:00,3,Friday,2005-01,1.0,951.0,2.5,,,779.0,7.9,75.1,0.805
2005-01-07 04:00:00,4,Friday,2005-01,1.0,944.0,2.5,127.0,77.0,766.0,7.0,77.3,0.7782
2005-01-07 05:00:00,5,Friday,2005-01,0.6,862.0,1.4,73.0,55.0,670.0,7.2,74.4,0.7581
2005-01-07 06:00:00,6,Friday,2005-01,0.7,909.0,1.8,100.0,63.0,694.0,6.7,75.0,0.7418
2005-01-07 07:00:00,7,Friday,2005-01,1.0,965.0,3.1,126.0,69.0,739.0,6.4,76.3,0.7389
2005-01-07 08:00:00,8,Friday,2005-01,1.7,1102.0,7.6,284.0,99.0,940.0,6.0,78.5,0.7377
2005-01-07 09:00:00,9,Friday,2005-01,3.0,1226.0,15.3,419.0,125.0,1201.0,6.3,77.4,0.7452
2005-01-07 10:00:00,10,Friday,2005-01,2.4,1132.0,9.3,432.0,123.0,1106.0,7.7,73.8,0.7769
2005-01-07 11:00:00,11,Friday,2005-01,2.2,1183.0,11.0,310.0,128.0,1186.0,10.2,61.5,0.7638
2005-01-07 12:00:00,12,Friday,2005-01,2.6,1211.0,10.6,446.0,149.0,1302.0,11.3,58.1,0.7743
2005-01-07 13:00:00,13,Friday,2005-01,2.5,1253.0,11.4,464.0,137.0,1368.0,10.6,62.3,0.7981
2005-01-07 14:00:00,14,Friday,2005-01,3.0,1311.0,13.1,505.0,147.0,1452.0,11.1,62.0,0.8199
2005-01-07 15:00:00,15,Friday,2005-01,3.3,1341.0,14.8,564.0,168.0,1537.0,12.6,57.7,0.8387
2005-01-07 16:00:00,16,Friday,2005-01,3.8,1432.0,16.5,625.0,180.0,1651.0,13.3,56.2,0.8548
2005-01-07 17:00:00,17,Friday,2005-01,3.6,1404.0,16.5,590.0,170.0,1623.0,11.2,65.3,0.8639
2005-01-07 18:00:00,18,Friday,2005-01,5.0,1493.0,21.5,712.0,180.0,1742.0,8.8,74.6,0.8434
2005-01-07 19:00:00,19,Friday,2005-01,5.7,1478.0,22.2,723.0,178.0,1639.0,7.2,78.5,0.803
2005-01-07 20:00:00,20,Friday,2005-01,5.0,1411.0,20.5,707.0,159.0,1537.0,6.5,80.0,0.7789
2005-01-07 21:00:00,21,Friday,2005-01,4.8,1387.0,17.7,737.0,156.0,1463.0,5.8,83.8,0.7768
2005-01-07 22:00:00,22,Friday,2005-01,3.9,1306.0,15.4,646.0,146.0,1379.0,5.5,83.5,0.7619
2005-01-07 23:00:00,23,Friday,2005-01,3.3,1232.0,11.6,536.0,132.0,1256.0,5.8,81.3,0.7568
2005-01-08 00:00:00,0,Saturday,2005-01,3.4,1277.0,13.0,567.0,137.0,1344.0,5.4,82.6,0.7495
2005-01-08 01:00:00,1,Saturday,2005-01,2.4,1063.0,6.7,357.0,114.0,1089.0,6.4,76.3,0.7369
2005-01-08 02:00:00,2,Saturday,2005-01,1.4,991.0,4.6,187.0,95.0,949.0,7.0,73.6,0.7417
2005-01-08 03:00:00,3,Saturday,2005-01,1.4,989.0,3.8,,,933.0,7.2,72.3,0.7392
2005-01-08 04:00:00,4,Saturday,2005-01,1.2,972.0,3.4,169.0,88.0,882.0,7.9,69.3,0.7413
2005-01-08 05:00:00,5,Saturday,2005-01,1.2,973.0,3.4,184.0,94.0,905.0,7.4,71.7,0.7434
2005-01-08 06:00:00,6,Saturday,2005-01,1.2,985.0,3.6,205.0,97.0,902.0,7.7,71.9,0.7575
2005-01-08 07:00:00,7,Saturday,2005-01,1.3,1020.0,4.5,213.0,93.0,923.0,8.1,68.0,0.7396
2005-01-08 08:00:00,8,Saturday,2005-01,2.3,1192.0,10.0,415.0,113.0,1210.0,6.7,77.1,0.7597
2005-01-08 09:00:00,9,Saturday,2005-01,3.4,1325.0,14.7,583.0,126.0,1468.0,6.8,77.9,0.7756
2005-01-08 10:00:00,10,Saturday,2005-01,3.0,1219.0,11.3,462.0,133.0,1329.0,8.9,66.7,0.7634
2005-01-08 11:00:00,11,Saturday,2005-01,2.5,1195.0,10.4,387.0,141.0,1295.0,11.6,54.1,0.7387
2005-01-08 12:00:00,12,Saturday,2005-01,2.7,1230.0,11.2,414.0,139.0,1365.0,13.5,49.4,0.7598
2005-01-08 13:00:00,13,Saturday,2005-01,2.8,1312.0,13.1,440.0,147.0,1452.0,13.8,50.9,0.796
2005-01-08 14:00:00,14,Saturday,2005-01,3.6,1387.0,14.3,516.0,175.0,1615.0,13.4,55.9,0.8588
2005-01-08 15:00:00,15,Saturday,2005-01,3.1,1375.0,12.8,495.0,180.0,1599.0,12.9,59.0,0.8736
2005-01-08 16:00:00,16,Saturday,2005-01,4.3,1532.0,18.9,643.0,194.0,1777.0,13.3,59.0,0.8945
2005-01-08 17:00:00,17,Saturday,2005-01,4.6,1531.0,17.9,725.0,192.0,1742.0,13.0,61.9,0.9224
2005-01-08 18:00:00,18,Saturday,2005-01,4.3,1479.0,16.5,683.0,188.0,1739.0,12.5,63.6,0.9193
2005-01-08 19:00:00,19,Saturday,2005-01,4.3,1521.0,16.9,681.0,179.0,1770.0,12.2,65.8,0.931
2005-01-08 20:00:00,20,Saturday,2005-01,5.5,1616.0,22.4,833.0,196.0,1918.0,12.6,65.2,0.9474
2005-01-08 21:00:00,21,Saturday,2005-01,3.4,1371.0,13.6,514.0,169.0,1581.0,13.3,63.6,0.9681
2005-01-08 22:00:00,22,Saturday,2005-01,2.4,1198.0,9.1,371.0,151.0,1291.0,13.5,62.6,0.9644
2005-01-08 23:00:00,23,Saturday,2005-01,1.6,1102.0,6.0,213.0,123.0,1000.0,14.1,59.6,0.9563
2005-01-09 00:00:00,0,Sunday,2005-01,1.7,1120.0,6.3,242.0,127.0,974.0,14.0,61.4,0.9773
2005-01-09 01:00:00,1,Sunday,2005-01,1.6,1093.0,5.5,241.0,127.0,949.0,13.5,63.4,0.9755
2005-01-09 02:00:00,2,Sunday,2005-01,1.3,1112.0,5.6,218.0,118.0,934.0,13.2,64.2,0.9706
2005-01-09 03:00:00,3,Sunday,2005-01,0.8,986.0,3.4,,,730.0,13.6,62.2,0.9643
2005-01-09 04:00:00,4,Sunday,2005-01,,934.0,2.3,70.0,55.0,581.0,13.7,61.1,0.9537
2005-01-09 05:00:00,5,Sunday,2005-01,0.6,919.0,1.8,54.0,44.0,521.0,13.5,63.8,0.9801
2005-01-09 06:00:00,6,Sunday,2005-01,0.6,929.0,1.6,60.0,46.0,575.0,12.5,67.3,0.9743
2005-01-09 07:00:00,7,Sunday,2005-01,0.5,919.0,1.6,55.0,46.0,522.0,13.2,64.2,0.9664
2005-01-09 08:00:00,8,Sunday,2005-01,0.6,944.0,2.0,93.0,61.0,586.0,13.1,63.4,0.9535
2005-01-09 09:00:00,9,Sunday,2005-01,0.7,943.0,1.9,81.0,60.0,566.0,13.8,60.5,0.9526
2005-01-09 10:00:00,10,Sunday,2005-01,0.9,1036.0,3.5,109.0,71.0,693.0,13.7,60.4,0.939
2005-01-09 11:00:00,11,Sunday,2005-01,1.5,1168.0,5.7,251.0,111.0,1022.0,14.0,59.7,0.9495
2005-01-09 12:00:00,12,Sunday,2005-01,1.9,1232.0,8.1,284.0,127.0,1152.0,15.0,56.2,0.9539
2005-01-09 13:00:00,13,Sunday,2005-01,1.9,1236.0,8.1,262.0,128.0,1108.0,16.9,50.9,0.9714
2005-01-09 14:00:00,14,Sunday,2005-01,2.2,1278.0,12.6,256.0,142.0,1110.0,16.6,52.4,0.981
2005-01-09 15:00:00,15,Sunday,2005-01,3.8,1369.0,18.1,310.0,145.0,1306.0,16.4,53.2,0.9826
2005-01-09 16:00:00,16,Sunday,2005-01,2.0,1182.0,8.7,269.0,145.0,1029.0,16.1,52.8,0.9579
2005-01-09 17:00:00,17,Sunday,2005-01,2.2,1210.0,8.8,348.0,156.0,1094.0,15.7,54.4,0.9616
2005-01-09 18:00:00,18,Sunday,2005-01,3.3,1316.0,14.1,396.0,154.0,1282.0,15.4,55.3,0.9616
2005-01-09 19:00:00,19,Sunday,2005-01,2.7,1221.0,9.3,432.0,165.0,1147.0,15.2,54.7,0.9362
2005-01-09 20:00:00,20,Sunday,2005-01,2.6,1260.0,11.6,419.0,153.0,1208.0,14.7,56.6,0.9392
2005-01-09 21:00:00,21,Sunday,2005-01,2.5,1231.0,9.6,412.0,151.0,1192.0,14.4,58.2,0.9495
2005-01-09 22:00:00,22,Sunday,2005-01,1.5,1115.0,5.8,223.0,131.0,1136.0,14.3,59.2,0.9608
2005-01-09 23:00:00,23,Sunday,2005-01,1.9,1180.0,7.5,242.0,128.0,1131.0,14.0,60.4,0.9622
2005-01-10 00:00:00,0,Monday,2005-01,2.0,1174.0,7.4,288.0,137.0,1071.0,13.7,63.6,0.9912
2005-01-10 01:00:00,1,Monday,2005-01,1.7,1178.0,7.4,209.0,119.0,1059.0,13.1,68.7,1.0329
2005-01-10 02:00:00,2,Monday,2005-01,1.2,1052.0,3.9,141.0,96.0,909.0,13.2,69.9,1.0526
2005-01-10 03:00:00,3,Monday,2005-01,0.9,998.0,2.1,,,820.0,12.8,71.2,1.0454
2005-01-10 04:00:00,4,Monday,2005-01,0.6,960.0,1.3,66.0,60.0,724.0,12.9,70.4,1.0444
2005-01-10 05:00:00,5,Monday,2005-01,,958.0,1.8,64.0,54.0,707.0,12.4,72.5,1.0411
2005-01-10 06:00:00,6,Monday,2005-01,,989.0,3.0,105.0,66.0,768.0,13.0,70.3,1.0502
2005-01-10 07:00:00,7,Monday,2005-01,0.4,1162.0,6.7,303.0,104.0,1027.0,12.3,73.3,1.0448
2005-01-10 08:00:00,8,Monday,2005-01,2.6,1523.0,21.0,620.0,137.0,1502.0,12.8,71.8,1.0551
2005-01-10 09:00:00,9,Monday,2005-01,3.5,1511.0,21.4,590.0,146.0,1606.0,13.1,70.2,1.0567
2005-01-10 10:00:00,10,Monday,2005-01,2.1,1420.0,16.1,592.0,136.0,1520.0,12.8,71.8,1.0551
2005-01-10 11:00:00,11,Monday,2005-01,2.1,1413.0,16.4,698.0,144.0,1566.0,13.1,70.3,1.0566
2005-01-10 12:00:00,12,Monday,2005-01,1.7,1335.0,14.8,482.0,133.0,1501.0,13.7,67.0,1.0446
2005-01-10 13:00:00,13,Monday,2005-01,2.6,1451.0,20.1,575.0,148.0,1634.0,14.0,65.4,1.0427
2005-01-10 14:00:00,14,Monday,2005-01,2.6,1410.0,19.3,548.0,155.0,1587.0,14.4,63.8,1.0421
2005-01-10 15:00:00,15,Monday,2005-01,2.4,1429.0,19.3,498.0,152.0,1560.0,14.1,65.9,1.0531
2005-01-10 16:00:00,16,Monday,2005-01,2.4,1409.0,17.4,479.0,145.0,1538.0,14.1,65.9,1.0552
2005-01-10 17:00:00,17,Monday,2005-01,2.0,1372.0,17.0,420.0,139.0,1491.0,14.1,66.0,1.0539
2005-01-10 18:00:00,18,Monday,2005-01,2.0,1366.0,17.1,378.0,134.0,1469.0,14.0,66.4,1.0536
2005-01-10 19:00:00,19,Monday,2005-01,3.1,1365.0,16.4,340.0,128.0,1486.0,13.8,66.4,1.0451
2005-01-10 20:00:00,20,Monday,2005-01,3.3,1385.0,17.3,399.0,135.0,1494.0,13.4,68.1,1.0441
2005-01-10 21:00:00,21,Monday,2005-01,3.3,1361.0,14.6,449.0,136.0,1471.0,13.2,69.1,1.0452
2005-01-10 22:00:00,22,Monday,2005-01,2.6,1312.0,11.9,374.0,126.0,1399.0,13.0,70.0,1.042
2005-01-10 23:00:00,23,Monday,2005-01,1.7,1177.0,7.3,244.0,116.0,1192.0,12.7,69.9,1.0223
2005-01-11 00:00:00,0,Tuesday,2005-01,1.8,1205.0,7.7,256.0,116.0,1187.0,12.0,71.9,1.0071
2005-01-11 01:00:00,1,Tuesday,2005-01,1.5,1114.0,4.9,212.0,107.0,1070.0,13.2,66.8,1.0087
2005-01-11 02:00:00,2,Tuesday,2005-01,1.1,1047.0,3.9,146.0,91.0,949.0,12.4,69.5,0.9986
2005-01-11 03:00:00,3,Tuesday,2005-01,0.9,982.0,2.1,,,830.0,13.1,65.7,0.9858
2005-01-11 04:00:00,4,Tuesday,2005-01,0.7,992.0,2.9,96.0,70.0,854.0,11.8,70.6,0.9731
2005-01-11 05:00:00,5,Tuesday,2005-01,0.7,977.0,2.6,106.0,78.0,835.0,12.3,68.0,0.9734
2005-01-11 06:00:00,6,Tuesday,2005-01,0.9,1047.0,3.3,115.0,75.0,887.0,12.0,69.2,0.9697
2005-01-11 07:00:00,7,Tuesday,2005-01,1.3,1126.0,5.2,236.0,101.0,1019.0,11.7,69.8,0.9612
2005-01-11 08:00:00,8,Tuesday,2005-01,3.2,1474.0,19.0,583.0,136.0,1503.0,12.1,67.6,0.95
2005-01-11 09:00:00,9,Tuesday,2005-01,5.1,1526.0,26.5,662.0,147.0,1687.0,12.5,65.1,0.9399
2005-01-11 10:00:00,10,Tuesday,2005-01,3.7,1386.0,15.3,528.0,143.0,1553.0,12.8,62.5,0.9213
2005-01-11 11:00:00,11,Tuesday,2005-01,3.2,1392.0,15.6,549.0,153.0,1624.0,13.4,59.9,0.9143
2005-01-11 12:00:00,12,Tuesday,2005-01,3.1,1363.0,16.4,531.0,148.0,1637.0,13.4,57.9,0.8895
2005-01-11 13:00:00,13,Tuesday,2005-01,3.0,1331.0,16.1,493.0,149.0,1533.0,13.6,56.4,0.8754
2005-01-11 14:00:00,14,Tuesday,2005-01,3.6,1401.0,18.8,527.0,141.0,1577.0,13.8,56.3,0.8841
2005-01-11 15:00:00,15,Tuesday,2005-01,3.2,1374.0,18.0,487.0,147.0,1532.0,13.7,57.9,0.9063
2005-01-11 16:00:00,16,Tuesday,2005-01,3.9,1436.0,20.1,581.0,159.0,1621.0,13.6,58.9,0.9139
2005-01-11 17:00:00,17,Tuesday,2005-01,3.4,1386.0,17.6,531.0,152.0,1578.0,13.4,59.7,0.9142
2005-01-11 18:00:00,18,Tuesday,2005-01,3.9,1419.0,19.3,495.0,144.0,1631.0,13.3,61.2,0.933
2005-01-11 19:00:00,19,Tuesday,2005-01,3.6,1428.0,19.7,487.0,146.0,1629.0,13.2,61.8,0.9313
2005-01-11 20:00:00,20,Tuesday,2005-01,4.7,1508.0,24.5,596.0,162.0,1733.0,12.9,61.5,0.9139
2005-01-11 21:00:00,21,Tuesday,2005-01,4.1,1438.0,18.4,595.0,156.0,1622.0,12.6,63.9,0.9307
2005-01-11 22:00:00,22,Tuesday,2005-01,3.4,1415.0,16.6,559.0,146.0,1597.0,12.0,67.4,0.9417
2005-01-11 23:00:00,23,Tuesday,2005-01,3.5,1433.0,16.2,586.0,151.0,1738.0,11.9,69.0,0.9568
2005-01-12 00:00:00,0,Wednesday,2005-01,1.2,1208.0,9.6,399.0,127.0,1350.0,12.0,66.6,0.9293
2005-01-12 01:00:00,1,Wednesday,2005-01,2.4,1280.0,11.4,399.0,123.0,1363.0,11.4,69.6,0.9373
2005-01-12 02:00:00,2,Wednesday,2005-01,2.1,1174.0,9.1,381.0,122.0,1262.0,11.2,70.3,0.9323
2005-01-12 03:00:00,3,Wednesday,2005-01,1.1,1022.0,4.3,,,1034.0,11.5,68.2,0.9271
2005-01-12 04:00:00,4,Wednesday,2005-01,,1002.0,4.2,162.0,85.0,998.0,10.7,71.3,0.9161
2005-01-12 05:00:00,5,Wednesday,2005-01,1.0,1018.0,4.7,183.0,83.0,958.0,10.0,74.8,0.9161
2005-01-12 06:00:00,6,Wednesday,2005-01,1.4,1095.0,7.3,357.0,98.0,1078.0,9.2,78.5,0.9143
2005-01-12 07:00:00,7,Wednesday,2005-01,1.8,1182.0,9.3,479.0,109.0,1143.0,8.8,79.4,0.9033
2005-01-12 08:00:00,8,Wednesday,2005-01,3.8,1478.0,17.8,852.0,138.0,1551.0,8.7,79.4,0.8944
2005-01-12 09:00:00,9,Wednesday,2005-01,4.1,1515.0,20.1,822.0,138.0,1669.0,8.9,76.5,0.8767
2005-01-12 10:00:00,10,Wednesday,2005-01,4.4,1488.0,19.6,910.0,170.0,1766.0,9.9,73.3,0.8936
2005-01-12 11:00:00,11,Wednesday,2005-01,3.5,1383.0,16.5,800.0,191.0,1717.0,11.8,65.5,0.901
2005-01-12 12:00:00,12,Wednesday,2005-01,3.5,1383.0,17.3,758.0,196.0,1738.0,13.0,60.9,0.9061
2005-01-12 13:00:00,13,Wednesday,2005-01,3.8,1337.0,17.7,647.0,185.0,1611.0,14.7,52.3,0.8687
2005-01-12 14:00:00,14,Wednesday,2005-01,3.1,1243.0,15.2,431.0,156.0,1398.0,15.1,49.6,0.8428
2005-01-12 15:00:00,15,Wednesday,2005-01,3.4,1304.0,18.2,491.0,173.0,1497.0,15.7,48.8,0.8657
2005-01-12 16:00:00,16,Wednesday,2005-01,3.3,1284.0,17.2,476.0,166.0,1415.0,15.8,48.9,0.8707
2005-01-12 17:00:00,17,Wednesday,2005-01,3.4,1303.0,17.6,538.0,173.0,1457.0,14.6,54.0,0.8946
2005-01-12 18:00:00,18,Wednesday,2005-01,4.7,1461.0,25.4,621.0,177.0,1669.0,14.3,56.3,0.9119
2005-01-12 19:00:00,19,Wednesday,2005-01,5.7,1517.0,28.4,728.0,182.0,1740.0,14.1,57.8,0.9262
2005-01-12 20:00:00,20,Wednesday,2005-01,5.6,1526.0,27.5,716.0,166.0,1770.0,13.1,62.9,0.943
2005-01-12 21:00:00,21,Wednesday,2005-01,5.9,1495.0,23.3,782.0,177.0,1734.0,12.0,67.5,0.9467
2005-01-12 22:00:00,22,Wednesday,2005-01,3.6,1333.0,15.2,550.0,158.0,1647.0,10.7,70.9,0.9113
2005-01-12 23:00:00,23,Wednesday,2005-01,2.5,1216.0,11.1,377.0,133.0,1379.0,10.0,73.2,0.8988
2005-01-13 00:00:00,0,Thursday,2005-01,2.9,1232.0,11.5,391.0,123.0,1331.0,9.4,75.0,0.8874
2005-01-13 01:00:00,1,Thursday,2005-01,2.5,1181.0,10.2,433.0,120.0,1240.0,8.5,76.9,0.8557
2005-01-13 02:00:00,2,Thursday,2005-01,1.7,1042.0,6.0,287.0,105.0,1036.0,8.4,75.9,0.8407
2005-01-13 03:00:00,3,Thursday,2005-01,1.6,1027.0,6.3,,,969.0,6.9,80.7,0.8054
2005-01-13 04:00:00,4,Thursday,2005-01,1.1,915.0,3.7,192.0,86.0,826.0,6.2,82.1,0.7825
2005-01-13 05:00:00,5,Thursday,2005-01,0.9,891.0,3.2,161.0,77.0,798.0,7.0,77.3,0.7759
2005-01-13 06:00:00,6,Thursday,2005-01,1.0,937.0,3.7,194.0,81.0,817.0,6.5,79.7,0.7751
2005-01-13 07:00:00,7,Thursday,2005-01,1.6,1086.0,8.0,343.0,103.0,1055.0,7.7,76.8,0.8112
2005-01-13 08:00:00,8,Thursday,2005-01,3.1,1326.0,16.3,624.0,127.0,1391.0,8.2,74.9,0.8184
2005-01-13 09:00:00,9,Thursday,2005-01,4.1,1469.0,24.0,758.0,134.0,1665.0,8.8,73.2,0.8298
2005-01-13 10:00:00,10,Thursday,2005-01,3.9,1321.0,15.7,760.0,158.0,1539.0,9.7,70.1,0.8432
2005-01-13 11:00:00,11,Thursday,2005-01,3.6,1396.0,16.5,713.0,175.0,1653.0,11.7,62.7,0.8586
2005-01-13 12:00:00,12,Thursday,2005-01,3.2,1270.0,12.8,615.0,178.0,1586.0,13.1,58.5,0.877
2005-01-13 13:00:00,13,Thursday,2005-01,2.2,1189.0,11.3,319.0,135.0,1332.0,14.2,54.1,0.8707
2005-01-13 14:00:00,14,Thursday,2005-01,2.4,1227.0,12.9,338.0,133.0,1369.0,14.2,54.3,0.8757
2005-01-13 15:00:00,15,Thursday,2005-01,2.7,1266.0,14.1,380.0,134.0,1373.0,14.0,56.3,0.894
2005-01-13 16:00:00,16,Thursday,2005-01,2.7,1277.0,15.8,366.0,137.0,1397.0,13.5,57.8,0.8933
2005-01-13 17:00:00,17,Thursday,2005-01,3.9,1438.0,19.9,567.0,160.0,1577.0,12.3,63.0,0.9015
2005-01-13 18:00:00,18,Thursday,2005-01,5.2,1523.0,26.6,702.0,166.0,1783.0,11.4,68.0,0.9166
2005-01-13 19:00:00,19,Thursday,2005-01,4.0,1384.0,19.8,523.0,144.0,1568.0,10.8,69.5,0.8995
2005-01-13 20:00:00,20,Thursday,2005-01,2.9,1283.0,13.3,373.0,129.0,1356.0,11.0,67.1,0.8766
2005-01-13 21:00:00,21,Thursday,2005-01,3.3,1304.0,13.0,467.0,129.0,1419.0,9.5,71.3,0.8458
2005-01-13 22:00:00,22,Thursday,2005-01,2.0,1126.0,7.5,260.0,107.0,1177.0,8.8,71.0,0.8089
2005-01-13 23:00:00,23,Thursday,2005-01,1.8,1141.0,7.8,244.0,101.0,1141.0,8.0,73.4,0.7899
2005-01-14 00:00:00,0,Friday,2005-01,2.7,1183.0,8.8,317.0,112.0,1179.0,7.6,73.0,0.7629
2005-01-14 01:00:00,1,Friday,2005-01,1.8,1090.0,6.4,224.0,98.0,1056.0,7.1,73.9,0.7515
2005-01-14 02:00:00,2,Friday,2005-01,1.3,1032.0,4.5,176.0,90.0,973.0,7.1,73.5,0.7439
2005-01-14 03:00:00,3,Friday,2005-01,1.0,940.0,3.6,,,827.0,6.7,75.0,0.739
2005-01-14 04:00:00,4,Friday,2005-01,1.1,981.0,4.2,103.0,59.0,836.0,5.1,81.3,0.7204
2005-01-14 05:00:00,5,Friday,2005-01,1.6,1104.0,6.9,367.0,98.0,1085.0,4.3,82.9,0.6968
2005-01-14 06:00:00,6,Friday,2005-01,1.3,989.0,5.0,326.0,109.0,959.0,5.3,80.4,0.7234
2005-01-14 07:00:00,7,Friday,2005-01,1.4,1079.0,7.3,374.0,110.0,1039.0,5.7,79.3,0.7326
2005-01-14 08:00:00,8,Friday,2005-01,5.0,1472.0,24.5,756.0,159.0,1554.0,6.8,74.8,0.7423
2005-01-14 09:00:00,9,Friday,2005-01,4.3,1313.0,16.9,690.0,144.0,1546.0,6.9,75.2,0.7505
2005-01-14 10:00:00,10,Friday,2005-01,4.1,1363.0,17.7,754.0,147.0,1638.0,8.0,71.9,0.7712
2005-01-14 11:00:00,11,Friday,2005-01,3.8,1347.0,17.1,750.0,179.0,1568.0,9.3,67.1,0.7849
2005-01-14 12:00:00,12,Friday,2005-01,3.1,1240.0,14.7,590.0,164.0,1433.0,10.2,63.6,0.7928
2005-01-14 13:00:00,13,Friday,2005-01,3.3,1280.0,17.4,525.0,160.0,1452.0,11.0,60.9,0.7966
2005-01-14 14:00:00,14,Friday,2005-01,3.1,1210.0,15.1,406.0,143.0,1345.0,11.3,60.1,0.8022
2005-01-14 15:00:00,15,Friday,2005-01,2.7,1216.0,14.5,360.0,138.0,1336.0,12.2,56.9,0.8068
2005-01-14 16:00:00,16,Friday,2005-01,3.4,1320.0,16.9,448.0,143.0,1442.0,11.9,59.1,0.8211
2005-01-14 17:00:00,17,Friday,2005-01,5.0,1477.0,24.3,733.0,196.0,1748.0,10.3,66.3,0.8286
2005-01-14 18:00:00,18,Friday,2005-01,5.7,1500.0,26.1,847.0,197.0,1776.0,8.2,74.9,0.8187
2005-01-14 19:00:00,19,Friday,2005-01,5.8,1512.0,26.4,765.0,189.0,1802.0,7.9,77.1,0.8223
2005-01-14 20:00:00,20,Friday,2005-01,5.8,1496.0,25.7,715.0,188.0,1796.0,8.3,75.0,0.8253
2005-01-14 21:00:00,21,Friday,2005-01,5.0,1360.0,18.2,716.0,190.0,1600.0,8.2,75.2,0.8185
2005-01-14 22:00:00,22,Friday,2005-01,1.7,1024.0,6.2,235.0,126.0,1083.0,8.3,69.7,0.7632
2005-01-14 23:00:00,23,Friday,2005-01,1.6,1094.0,6.7,198.0,113.0,1064.0,6.7,74.4,0.7344
2005-01-15 00:00:00,0,Saturday,2005-01,2.3,1111.0,7.5,293.0,129.0,1104.0,6.4,74.9,0.7238
2005-01-15 01:00:00,1,Saturday,2005-01,2.4,1097.0,7.5,356.0,128.0,1053.0,4.9,80.1,0.7011
2005-01-15 02:00:00,2,Saturday,2005-01,2.0,1051.0,6.2,285.0,122.0,1009.0,4.8,79.4,0.6872
2005-01-15 03:00:00,3,Saturday,2005-01,1.6,979.0,5.1,,,908.0,3.3,82.6,0.645
2005-01-15 04:00:00,4,Saturday,2005-01,,978.0,4.8,266.0,115.0,878.0,2.4,86.6,0.6369
2005-01-15 05:00:00,5,Saturday,2005-01,1.1,902.0,3.1,158.0,92.0,800.0,3.4,81.4,0.6425
2005-01-15 06:00:00,6,Saturday,2005-01,1.0,957.0,2.8,95.0,70.0,784.0,4.2,77.0,0.6439
2005-01-15 07:00:00,7,Saturday,2005-01,1.3,973.0,4.3,148.0,83.0,854.0,3.5,80.8,0.6406
2005-01-15 08:00:00,8,Saturday,2005-01,1.9,1074.0,9.7,337.0,127.0,1065.0,3.5,80.3,0.6366
2005-01-15 09:00:00,9,Saturday,2005-01,2.6,1115.0,10.9,453.0,142.0,1161.0,4.0,78.5,0.645
2005-01-15 10:00:00,10,Saturday,2005-01,2.7,1136.0,10.6,497.0,155.0,1192.0,4.5,76.6,0.6534
2005-01-15 11:00:00,11,Saturday,2005-01,2.4,1128.0,10.0,448.0,153.0,1202.0,5.6,72.3,0.6627
2005-01-15 12:00:00,12,Saturday,2005-01,2.7,1196.0,11.6,496.0,177.0,1338.0,7.5,64.4,0.672
2005-01-15 13:00:00,13,Saturday,2005-01,3.1,1267.0,15.6,535.0,179.0,1505.0,8.9,60.8,0.6921
2005-01-15 14:00:00,14,Saturday,2005-01,4.4,1355.0,18.1,644.0,212.0,1715.0,10.6,55.3,0.7058
2005-01-15 15:00:00,15,Saturday,2005-01,3.2,1194.0,12.3,459.0,182.0,1473.0,12.3,46.3,0.6597
2005-01-15 16:00:00,16,Saturday,2005-01,2.9,1188.0,11.4,409.0,168.0,1433.0,12.2,47.0,0.6686
2005-01-15 17:00:00,17,Saturday,2005-01,3.0,1279.0,15.2,515.0,179.0,1544.0,10.5,55.1,0.6993
2005-01-15 18:00:00,18,Saturday,2005-01,3.7,1361.0,17.4,640.0,182.0,1648.0,8.7,66.3,0.7491
2005-01-15 19:00:00,19,Saturday,2005-01,5.2,1474.0,20.8,816.0,194.0,1784.0,7.9,69.9,0.7487
2005-01-15 20:00:00,20,Saturday,2005-01,3.3,1235.0,12.8,505.0,166.0,1519.0,7.6,65.3,0.6842
2005-01-15 21:00:00,21,Saturday,2005-01,3.6,1289.0,14.7,560.0,168.0,1532.0,6.5,67.6,0.6608
2005-01-15 22:00:00,22,Saturday,2005-01,2.3,1124.0,8.3,389.0,148.0,1340.0,5.9,66.4,0.6226
2005-01-15 23:00:00,23,Saturday,2005-01,3.0,1231.0,11.1,492.0,151.0,1414.0,5.2,70.0,0.6232
2005-01-16 00:00:00,0,Sunday,2005-01,3.8,1289.0,13.6,531.0,165.0,1499.0,5.2,67.8,0.6028
2005-01-16 01:00:00,1,Sunday,2005-01,3.2,1166.0,9.8,487.0,165.0,1306.0,4.9,67.1,0.5863
2005-01-16 02:00:00,2,Sunday,2005-01,2.1,1062.0,7.6,293.0,128.0,1172.0,5.1,65.5,0.5811
2005-01-16 03:00:00,3,Sunday,2005-01,1.7,1028.0,6.0,,,1076.0,4.0,69.5,0.5706
2005-01-16 04:00:00,4,Sunday,2005-01,1.7,1003.0,5.9,219.0,115.0,1005.0,3.7,68.9,0.5549
2005-01-16 05:00:00,5,Sunday,2005-01,1.4,929.0,4.2,198.0,120.0,913.0,4.5,62.7,0.5343
2005-01-16 06:00:00,6,Sunday,2005-01,1.2,951.0,4.5,166.0,106.0,922.0,4.7,62.3,0.5368
2005-01-16 07:00:00,7,Sunday,2005-01,1.4,1011.0,5.4,255.0,118.0,1026.0,3.9,67.1,0.5483
2005-01-16 08:00:00,8,Sunday,2005-01,1.4,939.0,4.8,312.0,156.0,952.0,5.7,54.5,0.5034
2005-01-16 09:00:00,9,Sunday,2005-01,1.7,946.0,6.3,236.0,130.0,915.0,6.1,50.3,0.4769
2005-01-16 10:00:00,10,Sunday,2005-01,1.0,841.0,2.6,172.0,112.0,687.0,9.0,39.5,0.4554
2005-01-16 11:00:00,11,Sunday,2005-01,1.0,850.0,2.6,138.0,96.0,597.0,10.7,34.4,0.4406
2005-01-16 12:00:00,12,Sunday,2005-01,0.8,831.0,2.2,121.0,89.0,527.0,11.1,33.4,0.4401
2005-01-16 13:00:00,13,Sunday,2005-01,1.0,866.0,3.0,143.0,98.0,573.0,11.9,30.8,0.4285
2005-01-16 14:00:00,14,Sunday,2005-01,0.8,819.0,1.9,114.0,85.0,492.0,11.4,32.0,0.431
2005-01-16 15:00:00,15,Sunday,2005-01,0.7,833.0,2.0,107.0,80.0,463.0,11.3,32.5,0.4334
2005-01-16 16:00:00,16,Sunday,2005-01,1.1,877.0,2.8,176.0,112.0,565.0,11.0,33.0,0.4331
2005-01-16 17:00:00,17,Sunday,2005-01,1.1,892.0,3.3,180.0,121.0,632.0,10.3,35.0,0.4377
2005-01-16 18:00:00,18,Sunday,2005-01,1.2,899.0,3.4,212.0,132.0,691.0,8.4,40.9,0.4542
2005-01-16 19:00:00,19,Sunday,2005-01,2.0,1008.0,7.1,331.0,160.0,943.0,8.3,38.5,0.4228
2005-01-16 20:00:00,20,Sunday,2005-01,2.2,1013.0,7.4,369.0,167.0,985.0,8.1,37.9,0.41
2005-01-16 21:00:00,21,Sunday,2005-01,1.5,912.0,4.3,274.0,157.0,821.0,7.7,39.0,0.4106
2005-01-16 22:00:00,22,Sunday,2005-01,1.2,907.0,3.9,199.0,130.0,767.0,7.0,41.5,0.4193
2005-01-16 23:00:00,23,Sunday,2005-01,1.5,953.0,5.2,248.0,145.0,895.0,6.6,42.6,0.4179
2005-01-17 00:00:00,0,Monday,2005-01,1.4,916.0,3.8,197.0,133.0,791.0,6.4,44.2,0.428
2005-01-17 01:00:00,1,Monday,2005-01,1.2,894.0,3.5,147.0,110.0,770.0,6.0,46.0,0.4349
2005-01-17 02:00:00,2,Monday,2005-01,1.0,895.0,2.9,135.0,100.0,839.0,4.4,53.1,0.4484
2005-01-17 03:00:00,3,Monday,2005-01,0.6,845.0,1.4,,,721.0,4.0,54.3,0.4454
2005-01-17 04:00:00,4,Monday,2005-01,0.7,837.0,1.1,95.0,79.0,720.0,3.7,55.8,0.4489
2005-01-17 05:00:00,5,Monday,2005-01,0.5,795.0,1.0,94.0,79.0,682.0,2.6,58.6,0.4385
2005-01-17 06:00:00,6,Monday,2005-01,0.7,874.0,1.6,121.0,90.0,723.0,3.2,56.0,0.4364
2005-01-17 07:00:00,7,Monday,2005-01,1.0,920.0,3.2,131.0,95.0,813.0,3.6,55.4,0.4419
2005-01-17 08:00:00,8,Monday,2005-01,3.0,1257.0,15.9,552.0,169.0,1365.0,1.8,63.3,0.4464
2005-01-17 09:00:00,9,Monday,2005-01,4.1,1222.0,18.0,614.0,199.0,1472.0,2.4,60.2,0.4426
2005-01-17 10:00:00,10,Monday,2005-01,3.1,1196.0,14.7,530.0,186.0,1497.0,4.6,52.1,0.4472
2005-01-17 11:00:00,11,Monday,2005-01,3.8,1214.0,15.1,721.0,208.0,1626.0,8.2,40.5,0.4414
2005-01-17 12:00:00,12,Monday,2005-01,2.7,1149.0,13.4,474.0,178.0,1476.0,10.5,34.7,0.4393
2005-01-17 13:00:00,13,Monday,2005-01,3.1,1166.0,14.5,514.0,176.0,1531.0,11.1,33.3,0.4384
2005-01-17 14:00:00,14,Monday,2005-01,3.1,1170.0,14.7,504.0,177.0,1503.0,11.1,32.6,0.4292
2005-01-17 15:00:00,15,Monday,2005-01,3.2,1176.0,17.0,508.0,182.0,1488.0,12.4,28.3,0.4076
2005-01-17 16:00:00,16,Monday,2005-01,3.3,1147.0,15.3,529.0,182.0,1435.0,12.9,24.5,0.363
2005-01-17 17:00:00,17,Monday,2005-01,4.0,1294.0,21.2,676.0,193.0,1725.0,11.4,28.7,0.3865
2005-01-17 18:00:00,18,Monday,2005-01,8.6,1683.0,43.0,1216.0,272.0,2331.0,9.2,39.3,0.4573
2005-01-17 19:00:00,19,Monday,2005-01,8.7,1615.0,37.2,1230.0,225.0,2312.0,7.8,48.1,0.5115
2005-01-17 20:00:00,20,Monday,2005-01,3.6,1256.0,16.7,582.0,181.0,1699.0,7.2,50.6,0.517
2005-01-17 21:00:00,21,Monday,2005-01,3.0,1205.0,13.4,460.0,172.0,1587.0,6.0,53.3,0.5008
2005-01-17 22:00:00,22,Monday,2005-01,1.9,1087.0,8.7,340.0,153.0,1390.0,5.3,55.0,0.4921
2005-01-17 23:00:00,23,Monday,2005-01,1.9,1092.0,7.4,298.0,143.0,1347.0,4.2,58.1,0.4832
2005-01-18 00:00:00,0,Tuesday,2005-01,1.6,1039.0,6.7,300.0,142.0,1268.0,3.4,60.9,0.4809
2005-01-18 01:00:00,1,Tuesday,2005-01,1.4,1001.0,5.0,223.0,131.0,1155.0,3.0,60.2,0.4639
2005-01-18 02:00:00,2,Tuesday,2005-01,1.0,925.0,3.4,151.0,105.0,1024.0,3.2,58.8,0.4578
2005-01-18 03:00:00,3,Tuesday,2005-01,0.7,880.0,2.4,,,968.0,3.3,57.7,0.4516
2005-01-18 04:00:00,4,Tuesday,2005-01,,873.0,2.1,108.0,83.0,915.0,4.5,53.8,0.4572
2005-01-18 05:00:00,5,Tuesday,2005-01,0.8,880.0,2.5,125.0,87.0,928.0,3.1,59.7,0.4604
2005-01-18 06:00:00,6,Tuesday,2005-01,0.9,950.0,3.5,181.0,106.0,1028.0,4.2,57.1,0.4743
2005-01-18 07:00:00,7,Tuesday,2005-01,1.5,1039.0,6.9,341.0,140.0,1210.0,3.4,58.5,0.4608
2005-01-18 08:00:00,8,Tuesday,2005-01,3.1,1284.0,16.8,552.0,167.0,1531.0,3.9,57.3,0.4661
2005-01-18 09:00:00,9,Tuesday,2005-01,5.1,1350.0,20.3,839.0,175.0,1745.0,4.3,56.8,0.4768
2005-01-18 10:00:00,10,Tuesday,2005-01,5.8,1476.0,25.0,1049.0,235.0,1974.0,5.6,52.9,0.4841
2005-01-18 11:00:00,11,Tuesday,2005-01,3.8,1342.0,17.2,796.0,196.0,1806.0,5.5,54.9,0.4985
2005-01-18 12:00:00,12,Tuesday,2005-01,4.4,1488.0,21.4,999.0,211.0,1985.0,5.1,64.3,0.5697
2005-01-18 13:00:00,13,Tuesday,2005-01,4.9,1557.0,25.1,1022.0,234.0,2068.0,5.5,66.1,0.601
2005-01-18 14:00:00,14,Tuesday,2005-01,5.2,1610.0,28.0,1023.0,240.0,2087.0,5.5,69.3,0.6331
2005-01-18 15:00:00,15,Tuesday,2005-01,4.6,1583.0,26.1,1065.0,243.0,1994.0,5.0,75.5,0.6667
2005-01-18 16:00:00,16,Tuesday,2005-01,4.8,1620.0,24.7,1098.0,224.0,1971.0,5.2,76.2,0.6796
2005-01-18 17:00:00,17,Tuesday,2005-01,4.9,1605.0,24.5,1099.0,240.0,1941.0,5.3,77.4,0.6954
2005-01-18 18:00:00,18,Tuesday,2005-01,4.9,1604.0,27.7,939.0,215.0,1969.0,5.0,79.6,0.7022
2005-01-18 19:00:00,19,Tuesday,2005-01,5.5,1582.0,26.0,875.0,216.0,1813.0,5.1,83.0,0.7352
2005-01-18 20:00:00,20,Tuesday,2005-01,4.2,1523.0,21.7,745.0,184.0,1677.0,6.4,82.9,0.8022
2005-01-18 21:00:00,21,Tuesday,2005-01,1.5,1172.0,6.0,339.0,152.0,1118.0,10.3,74.0,0.9237
2005-01-18 22:00:00,22,Tuesday,2005-01,0.1,1021.0,3.3,135.0,104.0,828.0,11.3,71.8,0.9577
2005-01-18 23:00:00,23,Tuesday,2005-01,0.2,1125.0,4.9,167.0,104.0,867.0,9.8,81.9,0.9923
2005-01-19 00:00:00,0,Wednesday,2005-01,0.9,1197.0,6.6,232.0,124.0,974.0,9.5,83.8,0.9972
2005-01-19 01:00:00,1,Wednesday,2005-01,1.0,1174.0,6.7,273.0,127.0,975.0,9.9,81.0,0.9885
2005-01-19 02:00:00,2,Wednesday,2005-01,0.4,1106.0,4.4,165.0,109.0,902.0,9.9,79.8,0.9725
2005-01-19 03:00:00,3,Wednesday,2005-01,,873.0,1.5,,,791.0,6.9,76.4,0.7661
2005-01-19 04:00:00,4,Wednesday,2005-01,,828.0,1.1,75.0,73.0,673.0,4.8,75.7,0.659
2005-01-19 05:00:00,5,Wednesday,2005-01,,830.0,0.9,53.0,52.0,578.0,4.7,78.9,0.682
2005-01-19 06:00:00,6,Wednesday,2005-01,,840.0,1.2,72.0,57.0,563.0,5.0,75.0,0.6627
2005-01-19 07:00:00,7,Wednesday,2005-01,0.1,909.0,2.5,130.0,89.0,730.0,5.6,69.5,0.6362
2005-01-19 08:00:00,8,Wednesday,2005-01,0.7,1098.0,7.6,265.0,128.0,974.0,7.0,64.9,0.6512
2005-01-19 09:00:00,9,Wednesday,2005-01,1.2,1036.0,7.3,314.0,152.0,958.0,7.1,65.4,0.6644
2005-01-19 10:00:00,10,Wednesday,2005-01,0.2,912.0,3.7,194.0,128.0,713.0,6.4,67.4,0.6537
2005-01-19 11:00:00,11,Wednesday,2005-01,,873.0,2.5,180.0,124.0,617.0,5.3,75.9,0.6824
2005-01-19 12:00:00,12,Wednesday,2005-01,,889.0,2.7,181.0,117.0,591.0,6.3,73.0,0.7024
2005-01-19 13:00:00,13,Wednesday,2005-01,0.3,965.0,4.6,193.0,110.0,661.0,8.6,63.3,0.7073
2005-01-19 14:00:00,14,Wednesday,2005-01,0.6,1009.0,6.7,263.0,128.0,856.0,10.0,55.0,0.6753
2005-01-19 15:00:00,15,Wednesday,2005-01,0.2,918.0,4.3,176.0,114.0,639.0,9.4,53.6,0.6333
2005-01-19 16:00:00,16,Wednesday,2005-01,0.2,920.0,4.3,168.0,110.0,647.0,9.2,55.0,0.6402
2005-01-19 17:00:00,17,Wednesday,2005-01,0.7,923.0,4.1,170.0,112.0,646.0,8.7,55.1,0.6228
2005-01-19 18:00:00,18,Wednesday,2005-01,1.8,1021.0,7.6,234.0,130.0,846.0,8.9,54.4,0.62
2005-01-19 19:00:00,19,Wednesday,2005-01,2.2,998.0,7.0,256.0,135.0,857.0,8.6,53.6,0.5992
2005-01-19 20:00:00,20,Wednesday,2005-01,2.3,1061.0,9.6,257.0,141.0,942.0,9.0,50.4,0.5809
2005-01-19 21:00:00,21,Wednesday,2005-01,2.6,1016.0,7.8,317.0,141.0,945.0,9.2,49.8,0.5808
2005-01-19 22:00:00,22,Wednesday,2005-01,1.1,859.0,2.4,135.0,95.0,562.0,8.8,52.1,0.5918
2005-01-19 23:00:00,23,Wednesday,2005-01,1.2,945.0,3.9,159.0,97.0,657.0,8.8,50.9,0.5781
2005-01-20 00:00:00,0,Thursday,2005-01,1.8,937.0,4.1,186.0,112.0,723.0,8.7,51.1,0.5755
2005-01-20 01:00:00,1,Thursday,2005-01,1.1,876.0,2.5,102.0,74.0,555.0,8.6,51.5,0.5772
2005-01-20 02:00:00,2,Thursday,2005-01,0.9,831.0,1.3,75.0,62.0,472.0,8.5,51.9,0.5766
2005-01-20 03:00:00,3,Thursday,2005-01,0.7,828.0,1.2,,,434.0,8.1,53.1,0.5742
2005-01-20 04:00:00,4,Thursday,2005-01,0.6,810.0,0.7,41.0,40.0,412.0,7.8,54.2,0.5755
2005-01-20 05:00:00,5,Thursday,2005-01,0.6,822.0,0.9,50.0,45.0,453.0,7.1,56.0,0.569
2005-01-20 06:00:00,6,Thursday,2005-01,0.9,898.0,2.9,189.0,93.0,702.0,7.0,57.6,0.5784
2005-01-20 07:00:00,7,Thursday,2005-01,1.0,909.0,2.7,182.0,104.0,720.0,7.5,55.3,0.5734
2005-01-20 08:00:00,8,Thursday,2005-01,3.4,1256.0,14.4,636.0,162.0,1311.0,7.0,56.3,0.566
2005-01-20 09:00:00,9,Thursday,2005-01,4.2,1298.0,17.2,704.0,169.0,1444.0,7.6,53.5,0.5605
2005-01-20 10:00:00,10,Thursday,2005-01,4.4,1326.0,17.4,854.0,190.0,1613.0,8.3,50.5,0.5558
2005-01-20 11:00:00,11,Thursday,2005-01,2.9,1139.0,11.5,652.0,170.0,1388.0,12.4,37.1,0.5329
2005-01-20 12:00:00,12,Thursday,2005-01,2.6,1135.0,11.9,529.0,151.0,1379.0,13.9,32.3,0.5117
2005-01-20 13:00:00,13,Thursday,2005-01,2.6,1117.0,12.6,438.0,150.0,1289.0,14.4,28.9,0.4723
2005-01-20 14:00:00,14,Thursday,2005-01,3.0,1094.0,14.3,438.0,154.0,1280.0,14.8,25.4,0.4259
2005-01-20 15:00:00,15,Thursday,2005-01,2.3,982.0,10.3,378.0,140.0,1059.0,15.1,20.8,0.3536
2005-01-20 16:00:00,16,Thursday,2005-01,3.0,1107.0,14.5,482.0,167.0,1299.0,15.4,23.5,0.4076
2005-01-20 17:00:00,17,Thursday,2005-01,4.5,1290.0,21.9,709.0,204.0,1638.0,13.7,28.1,0.4381
2005-01-20 18:00:00,18,Thursday,2005-01,6.0,1445.0,28.5,796.0,210.0,1946.0,11.5,37.5,0.5068
2005-01-20 19:00:00,19,Thursday,2005-01,4.3,1357.0,21.2,605.0,182.0,1798.0,10.4,42.3,0.5337
2005-01-20 20:00:00,20,Thursday,2005-01,3.4,1248.0,16.0,472.0,165.0,1609.0,9.9,44.0,0.5381
2005-01-20 21:00:00,21,Thursday,2005-01,2.8,1220.0,13.0,411.0,150.0,1531.0,8.7,48.3,0.5458
2005-01-20 22:00:00,22,Thursday,2005-01,2.1,1137.0,7.0,264.0,132.0,1338.0,8.1,49.9,0.5417
2005-01-20 23:00:00,23,Thursday,2005-01,1.7,1102.0,6.4,217.0,120.0,1274.0,7.3,52.8,0.5419
2005-01-21 00:00:00,0,Friday,2005-01,1.8,1082.0,5.8,211.0,119.0,1200.0,8.0,52.2,0.5623
2005-01-21 01:00:00,1,Friday,2005-01,1.6,1053.0,5.6,179.0,110.0,1143.0,6.8,56.4,0.5609
2005-01-21 02:00:00,2,Friday,2005-01,1.4,1003.0,4.5,135.0,94.0,1048.0,6.7,57.4,0.5654
2005-01-21 03:00:00,3,Friday,2005-01,1.3,1019.0,4.6,,,1049.0,5.9,62.1,0.5806
2005-01-21 04:00:00,4,Friday,2005-01,,1071.0,5.9,221.0,101.0,1172.0,5.4,65.9,0.5947
2005-01-21 05:00:00,5,Friday,2005-01,1.3,1118.0,6.6,284.0,117.0,1368.0,5.5,66.5,0.6054
2005-01-21 06:00:00,6,Friday,2005-01,1.6,1206.0,9.2,357.0,121.0,1540.0,5.9,65.8,0.6178
2005-01-21 07:00:00,7,Friday,2005-01,2.4,1256.0,12.2,469.0,138.0,1575.0,6.4,63.9,0.6192
2005-01-21 08:00:00,8,Friday,2005-01,4.5,1501.0,22.6,766.0,174.0,1856.0,7.2,62.2,0.6351
2005-01-21 09:00:00,9,Friday,2005-01,5.7,1578.0,29.0,875.0,179.0,2086.0,7.9,60.0,0.6406
2005-01-21 10:00:00,10,Friday,2005-01,4.3,1427.0,19.4,800.0,175.0,1948.0,8.3,58.5,0.6403
2005-01-21 11:00:00,11,Friday,2005-01,4.2,1440.0,20.5,815.0,183.0,2022.0,9.3,54.5,0.6415
2005-01-21 12:00:00,12,Friday,2005-01,4.5,1522.0,22.5,841.0,189.0,2104.0,10.2,53.1,0.6608
2005-01-21 13:00:00,13,Friday,2005-01,5.0,1517.0,24.0,827.0,198.0,2195.0,11.1,51.4,0.679
2005-01-21 14:00:00,14,Friday,2005-01,2.9,1300.0,13.9,402.0,142.0,1845.0,12.8,46.9,0.6919
2005-01-21 15:00:00,15,Friday,2005-01,3.0,1401.0,16.8,415.0,139.0,1947.0,13.1,48.0,0.7181
2005-01-21 16:00:00,16,Friday,2005-01,3.3,1551.0,20.2,435.0,99.0,2171.0,13.5,51.5,0.793
2005-01-21 17:00:00,17,Friday,2005-01,1.4,1411.0,16.4,570.0,135.0,1920.0,13.4,51.2,0.7808
2005-01-21 18:00:00,18,Friday,2005-01,2.3,1434.0,18.0,530.0,223.0,1835.0,12.1,55.3,0.7777
2005-01-21 19:00:00,19,Friday,2005-01,1.6,1489.0,20.3,617.0,194.0,1919.0,12.0,56.5,0.7924
2005-01-21 20:00:00,20,Friday,2005-01,4.9,1835.0,38.1,983.0,244.0,2254.0,10.4,64.4,0.8123
2005-01-21 21:00:00,21,Friday,2005-01,6.4,1804.0,35.7,1200.0,243.0,2210.0,9.4,69.1,0.815
2005-01-21 22:00:00,22,Friday,2005-01,3.5,1579.0,21.8,1028.0,230.0,1961.0,8.9,71.0,0.8115
2005-01-21 23:00:00,23,Friday,2005-01,1.7,1508.0,18.2,797.0,207.0,1791.0,8.1,73.8,0.7968
2005-01-22 00:00:00,0,Saturday,2005-01,2.6,1535.0,20.1,977.0,223.0,1725.0,7.3,76.8,0.7904
2005-01-22 01:00:00,1,Saturday,2005-01,1.6,1395.0,14.4,811.0,216.0,1553.0,7.3,76.7,0.7862
2005-01-22 02:00:00,2,Saturday,2005-01,1.5,1392.0,15.1,757.0,198.0,1506.0,7.1,77.3,0.7826
2005-01-22 03:00:00,3,Saturday,2005-01,0.9,1326.0,13.1,,,1398.0,6.7,78.7,0.7779
2005-01-22 04:00:00,4,Saturday,2005-01,0.5,1297.0,11.5,388.0,126.0,1300.0,7.0,77.8,0.7848
2005-01-22 05:00:00,5,Saturday,2005-01,0.9,1331.0,13.7,497.0,144.0,1383.0,5.7,80.5,0.7416
2005-01-22 06:00:00,6,Saturday,2005-01,0.4,1288.0,11.6,582.0,183.0,1413.0,5.2,81.4,0.7276
2005-01-22 07:00:00,7,Saturday,2005-01,0.5,1322.0,13.2,574.0,193.0,1471.0,5.6,80.4,0.7349
2005-01-22 08:00:00,8,Saturday,2005-01,0.8,1390.0,15.6,588.0,196.0,1619.0,6.3,78.8,0.7544
2005-01-22 09:00:00,9,Saturday,2005-01,1.4,1443.0,16.9,645.0,208.0,1673.0,6.9,76.9,0.7682
2005-01-22 10:00:00,10,Saturday,2005-01,1.6,1496.0,18.5,643.0,217.0,1881.0,9.2,67.7,0.79
2005-01-22 11:00:00,11,Saturday,2005-01,1.5,1439.0,16.6,628.0,246.0,1877.0,11.6,59.8,0.8152
2005-01-22 12:00:00,12,Saturday,2005-01,1.0,1432.0,15.0,547.0,204.0,1818.0,14.0,52.0,0.8288
2005-01-22 13:00:00,13,Saturday,2005-01,1.0,1398.0,15.0,461.0,192.0,1699.0,15.0,50.2,0.8495
2005-01-22 14:00:00,14,Saturday,2005-01,1.3,1380.0,16.9,455.0,186.0,1677.0,14.9,49.9,0.8394
2005-01-22 15:00:00,15,Saturday,2005-01,0.1,1022.0,7.0,244.0,133.0,1088.0,15.8,33.8,0.6034
2005-01-22 16:00:00,16,Saturday,2005-01,,973.0,5.9,202.0,126.0,926.0,15.4,29.3,0.5068
2005-01-22 17:00:00,17,Saturday,2005-01,,951.0,7.1,256.0,138.0,961.0,14.4,25.7,0.4193
2005-01-22 18:00:00,18,Saturday,2005-01,0.1,987.0,8.6,310.0,148.0,1066.0,13.4,27.2,0.4157
2005-01-22 19:00:00,19,Saturday,2005-01,0.4,1100.0,12.2,391.0,167.0,1241.0,12.2,28.7,0.4077
2005-01-22 20:00:00,20,Saturday,2005-01,0.7,1064.0,12.6,444.0,175.0,1220.0,11.3,25.7,0.3422
2005-01-22 21:00:00,21,Saturday,2005-01,2.7,1316.0,21.1,794.0,224.0,1613.0,9.7,31.9,0.3848
2005-01-22 22:00:00,22,Saturday,2005-01,2.1,1262.0,16.9,716.0,215.0,1577.0,8.4,36.5,0.4035
2005-01-22 23:00:00,23,Saturday,2005-01,1.3,1259.0,15.1,565.0,196.0,1569.0,8.2,36.8,0.4016
2005-01-23 00:00:00,0,Sunday,2005-01,0.8,1166.0,10.1,451.0,195.0,1445.0,8.0,36.0,0.3872
2005-01-23 01:00:00,1,Sunday,2005-01,,1066.0,7.5,313.0,181.0,1240.0,7.0,39.9,0.4006
2005-01-23 02:00:00,2,Sunday,2005-01,,1051.0,7.6,241.0,150.0,1169.0,5.7,44.3,0.4093
2005-01-23 03:00:00,3,Sunday,2005-01,,992.0,5.9,,,1052.0,4.7,46.6,0.4025
2005-01-23 04:00:00,4,Sunday,2005-01,,969.0,5.5,224.0,139.0,1006.0,4.2,50.8,0.4234
2005-01-23 05:00:00,5,Sunday,2005-01,,862.0,2.3,82.0,74.0,757.0,4.6,45.1,0.3861
2005-01-23 06:00:00,6,Sunday,2005-01,,859.0,2.0,89.0,73.0,753.0,2.7,53.3,0.4006
2005-01-23 07:00:00,7,Sunday,2005-01,,849.0,1.6,93.0,77.0,737.0,3.1,51.0,0.3947
2005-01-23 08:00:00,8,Sunday,2005-01,,879.0,2.1,134.0,98.0,792.0,2.5,54.1,0.4017
2005-01-23 09:00:00,9,Sunday,2005-01,,956.0,4.4,189.0,121.0,945.0,3.1,53.5,0.4123
2005-01-23 10:00:00,10,Sunday,2005-01,,1039.0,6.4,292.0,162.0,1115.0,5.0,47.5,0.418
2005-01-23 11:00:00,11,Sunday,2005-01,,1066.0,7.3,326.0,178.0,1131.0,5.8,43.4,0.4032
2005-01-23 12:00:00,12,Sunday,2005-01,,1124.0,8.7,397.0,206.0,1242.0,7.1,42.8,0.4327
2005-01-23 13:00:00,13,Sunday,2005-01,,1160.0,9.2,371.0,191.0,1289.0,7.9,41.6,0.4459
2005-01-23 14:00:00,14,Sunday,2005-01,,1110.0,7.9,305.0,175.0,1276.0,8.1,41.2,0.448
2005-01-23 15:00:00,15,Sunday,2005-01,,1138.0,9.0,328.0,169.0,1359.0,8.3,41.3,0.4533
2005-01-23 16:00:00,16,Sunday,2005-01,,1095.0,7.0,281.0,180.0,1020.0,8.9,49.1,0.5629
2005-01-23 17:00:00,17,Sunday,2005-01,,1045.0,3.7,168.0,124.0,805.0,7.1,66.0,0.6678
2005-01-23 18:00:00,18,Sunday,2005-01,,1078.0,4.3,183.0,130.0,857.0,5.7,75.1,0.6942
2005-01-23 19:00:00,19,Sunday,2005-01,,1169.0,6.8,217.0,141.0,942.0,5.4,77.6,0.7031
2005-01-23 20:00:00,20,Sunday,2005-01,,1174.0,8.7,245.0,157.0,1020.0,5.4,78.2,0.7074
2005-01-23 21:00:00,21,Sunday,2005-01,,1075.0,4.7,154.0,123.0,899.0,7.3,68.1,0.6979
2005-01-23 22:00:00,22,Sunday,2005-01,,1044.0,3.5,141.0,104.0,860.0,5.8,74.4,0.6924
2005-01-23 23:00:00,23,Sunday,2005-01,,1110.0,5.4,210.0,134.0,954.0,6.2,72.3,0.6887
2005-01-24 00:00:00,0,Monday,2005-01,,1086.0,4.4,140.0,105.0,883.0,5.9,72.7,0.6791
2005-01-24 01:00:00,1,Monday,2005-01,,1092.0,6.0,191.0,121.0,966.0,5.0,76.5,0.6728
2005-01-24 02:00:00,2,Monday,2005-01,0.1,1127.0,7.6,248.0,136.0,983.0,4.0,80.4,0.663
2005-01-24 03:00:00,3,Monday,2005-01,,881.0,1.9,,,607.0,5.8,59.0,0.5493
2005-01-24 04:00:00,4,Monday,2005-01,,831.0,1.0,50.0,48.0,443.0,5.8,59.5,0.5519
2005-01-24 05:00:00,5,Monday,2005-01,0.3,791.0,0.6,43.0,40.0,390.0,6.6,51.3,0.5026
2005-01-24 06:00:00,6,Monday,2005-01,0.5,836.0,1.2,86.0,67.0,479.0,7.0,47.2,0.4745
2005-01-24 07:00:00,7,Monday,2005-01,0.6,907.0,2.9,152.0,104.0,732.0,6.6,47.9,0.4686
2005-01-24 08:00:00,8,Monday,2005-01,1.8,1174.0,11.1,341.0,169.0,1149.0,7.2,49.8,0.5061
2005-01-24 09:00:00,9,Monday,2005-01,2.0,1094.0,9.7,355.0,203.0,1136.0,6.9,52.8,0.5293
2005-01-24 10:00:00,10,Monday,2005-01,1.4,992.0,5.7,327.0,183.0,934.0,8.7,46.7,0.5249
2005-01-24 11:00:00,11,Monday,2005-01,0.6,955.0,5.4,240.0,151.0,845.0,10.0,40.6,0.4971
2005-01-24 12:00:00,12,Monday,2005-01,0.5,959.0,5.1,217.0,138.0,808.0,11.8,35.4,0.4877
2005-01-24 13:00:00,13,Monday,2005-01,0.7,981.0,5.8,191.0,127.0,783.0,10.7,37.2,0.4788
2005-01-24 14:00:00,14,Monday,2005-01,0.7,947.0,5.6,,,785.0,10.9,34.9,0.456
2005-01-24 15:00:00,15,Monday,2005-01,1.1,1023.0,8.0,256.0,148.0,899.0,10.7,33.1,0.4256
2005-01-24 16:00:00,16,Monday,2005-01,1.3,1009.0,7.1,287.0,172.0,922.0,10.6,34.2,0.4375
2005-01-24 17:00:00,17,Monday,2005-01,1.0,1007.0,7.6,278.0,163.0,951.0,8.9,38.1,0.4341
2005-01-24 18:00:00,18,Monday,2005-01,1.5,1054.0,10.4,302.0,180.0,1051.0,7.8,39.7,0.4206
2005-01-24 19:00:00,19,Monday,2005-01,1.5,1018.0,8.9,259.0,169.0,967.0,7.3,42.2,0.4341
2005-01-24 20:00:00,20,Monday,2005-01,1.2,976.0,7.3,221.0,152.0,861.0,6.9,42.5,0.4257
2005-01-24 21:00:00,21,Monday,2005-01,0.3,872.0,3.6,142.0,107.0,631.0,6.6,43.2,0.4247
2005-01-24 22:00:00,22,Monday,2005-01,,805.0,1.7,93.0,75.0,466.0,6.4,41.7,0.4034
2005-01-24 23:00:00,23,Monday,2005-01,,800.0,1.5,71.0,58.0,407.0,6.1,42.6,0.4041
2005-01-25 00:00:00,0,Tuesday,2005-01,,785.0,1.0,66.0,57.0,387.0,5.9,41.8,0.3928
2005-01-25 01:00:00,1,Tuesday,2005-01,,757.0,0.6,49.0,44.0,337.0,5.7,41.5,0.3836
2005-01-25 02:00:00,2,Tuesday,2005-01,,751.0,0.4,29.0,29.0,303.0,5.5,42.4,0.3867
2005-01-25 03:00:00,3,Tuesday,2005-01,,766.0,0.3,,,295.0,4.5,52.0,0.4436
2005-01-25 04:00:00,4,Tuesday,2005-01,,759.0,0.2,19.0,19.0,288.0,4.3,51.6,0.4323
2005-01-25 05:00:00,5,Tuesday,2005-01,,758.0,0.2,20.0,20.0,274.0,3.7,56.3,0.453
2005-01-25 06:00:00,6,Tuesday,2005-01,,761.0,0.1,39.0,35.0,289.0,3.3,58.1,0.4559
2005-01-25 07:00:00,7,Tuesday,2005-01,,762.0,0.4,77.0,60.0,318.0,3.9,47.3,0.3862
2005-01-25 08:00:00,8,Tuesday,2005-01,0.2,869.0,2.9,180.0,115.0,476.0,4.3,45.9,0.3843
2005-01-25 09:00:00,9,Tuesday,2005-01,0.7,938.0,5.4,243.0,157.0,704.0,4.2,50.1,0.4168
2005-01-25 10:00:00,10,Tuesday,2005-01,0.5,951.0,5.1,236.0,147.0,735.0,3.4,62.7,0.4943
2005-01-25 11:00:00,11,Tuesday,2005-01,0.4,892.0,3.8,297.0,188.0,735.0,5.0,51.4,0.4534
2005-01-25 12:00:00,12,Tuesday,2005-01,0.3,876.0,3.9,235.0,126.0,653.0,5.7,44.1,0.4063
2005-01-25 13:00:00,13,Tuesday,2005-01,0.3,872.0,3.6,186.0,114.0,603.0,5.2,44.5,0.3968
2005-01-25 14:00:00,14,Tuesday,2005-01,0.4,893.0,4.2,196.0,123.0,645.0,4.7,48.6,0.4194
2005-01-25 15:00:00,15,Tuesday,2005-01,0.2,879.0,3.6,167.0,107.0,564.0,4.5,51.0,0.4327
2005-01-25 16:00:00,16,Tuesday,2005-01,0.4,896.0,3.6,211.0,121.0,614.0,5.1,50.1,0.4432
2005-01-25 17:00:00,17,Tuesday,2005-01,0.4,909.0,3.9,194.0,118.0,658.0,5.0,50.4,0.443
2005-01-25 18:00:00,18,Tuesday,2005-01,0.7,958.0,4.9,206.0,134.0,719.0,4.3,56.4,0.4721
2005-01-25 19:00:00,19,Tuesday,2005-01,1.0,984.0,5.8,211.0,142.0,772.0,4.3,56.7,0.476
2005-01-25 20:00:00,20,Tuesday,2005-01,1.1,991.0,6.1,197.0,133.0,812.0,4.3,57.0,0.4771
2005-01-25 21:00:00,21,Tuesday,2005-01,0.3,881.0,2.8,139.0,106.0,583.0,3.5,60.3,0.4782
2005-01-25 22:00:00,22,Tuesday,2005-01,0.1,853.0,2.4,113.0,87.0,491.0,4.1,52.5,0.4351
2005-01-25 23:00:00,23,Tuesday,2005-01,,804.0,1.5,81.0,67.0,400.0,3.9,50.6,0.4127
2005-01-26 00:00:00,0,Wednesday,2005-01,,788.0,1.1,63.0,55.0,354.0,3.9,47.7,0.3901
2005-01-26 01:00:00,1,Wednesday,2005-01,,788.0,0.9,55.0,49.0,329.0,4.0,47.8,0.3939
2005-01-26 02:00:00,2,Wednesday,2005-01,,763.0,0.4,31.0,30.0,296.0,3.9,50.9,0.4144
2005-01-26 03:00:00,3,Wednesday,2005-01,,771.0,0.3,,,283.0,3.0,57.7,0.4423
2005-01-26 04:00:00,4,Wednesday,2005-01,,747.0,0.2,20.0,20.0,266.0,3.3,52.8,0.4137
2005-01-26 05:00:00,5,Wednesday,2005-01,,744.0,0.1,17.0,17.0,253.0,2.7,53.9,0.4062
2005-01-26 06:00:00,6,Wednesday,2005-01,,774.0,0.5,42.0,35.0,282.0,2.8,54.4,0.411
2005-01-26 07:00:00,7,Wednesday,2005-01,,800.0,0.9,90.0,71.0,353.0,3.6,49.0,0.3915
2005-01-26 08:00:00,8,Wednesday,2005-01,0.3,896.0,3.3,227.0,136.0,519.0,3.3,50.2,0.3934
2005-01-26 09:00:00,9,Wednesday,2005-01,0.6,913.0,4.4,250.0,163.0,681.0,3.5,47.5,0.3778
2005-01-26 10:00:00,10,Wednesday,2005-01,0.3,871.0,2.8,219.0,143.0,583.0,4.3,49.4,0.4136
2005-01-26 11:00:00,11,Wednesday,2005-01,0.1,872.0,3.2,211.0,134.0,628.0,4.5,48.4,0.4131
2005-01-26 12:00:00,12,Wednesday,2005-01,0.1,858.0,2.7,189.0,130.0,566.0,4.3,50.0,0.4199
2005-01-26 13:00:00,13,Wednesday,2005-01,0.2,876.0,3.5,180.0,122.0,572.0,4.3,49.7,0.4166
2005-01-26 14:00:00,14,Wednesday,2005-01,0.5,900.0,4.8,197.0,129.0,637.0,4.9,45.3,0.3955
2005-01-26 15:00:00,15,Wednesday,2005-01,0.3,864.0,3.4,198.0,132.0,579.0,5.6,42.4,0.3884
2005-01-26 16:00:00,16,Wednesday,2005-01,0.3,902.0,4.2,203.0,133.0,666.0,5.7,43.1,0.3984
2005-01-26 17:00:00,17,Wednesday,2005-01,0.3,916.0,4.2,188.0,126.0,707.0,4.8,49.7,0.4305
2005-01-26 18:00:00,18,Wednesday,2005-01,1.0,1004.0,8.5,294.0,177.0,990.0,5.1,43.0,0.3821
2005-01-26 19:00:00,19,Wednesday,2005-01,1.4,1024.0,9.2,302.0,185.0,1026.0,5.3,44.4,0.397
2005-01-26 20:00:00,20,Wednesday,2005-01,1.4,1011.0,7.6,261.0,169.0,910.0,4.9,47.9,0.418
2005-01-26 21:00:00,21,Wednesday,2005-01,1.1,1006.0,6.2,232.0,151.0,897.0,4.7,50.8,0.4398
2005-01-26 22:00:00,22,Wednesday,2005-01,0.4,913.0,2.9,154.0,114.0,651.0,4.6,54.8,0.4704
2005-01-26 23:00:00,23,Wednesday,2005-01,0.2,905.0,2.5,120.0,90.0,598.0,4.0,56.8,0.4688
2005-01-27 00:00:00,0,Thursday,2005-01,0.2,872.0,2.6,117.0,87.0,560.0,4.2,46.8,0.39
2005-01-27 01:00:00,1,Thursday,2005-01,0.2,843.0,2.2,108.0,83.0,527.0,4.5,42.0,0.3571
2005-01-27 02:00:00,2,Thursday,2005-01,0.2,863.0,2.5,97.0,74.0,574.0,4.1,42.1,0.3487
2005-01-27 03:00:00,3,Thursday,2005-01,,791.0,0.8,,,422.0,4.5,39.7,0.3379
2005-01-27 04:00:00,4,Thursday,2005-01,,769.0,0.3,28.0,28.0,326.0,4.4,42.2,0.3571
2005-01-27 05:00:00,5,Thursday,2005-01,0.4,778.0,0.3,27.0,26.0,312.0,4.1,45.9,0.3804
2005-01-27 06:00:00,6,Thursday,2005-01,0.5,801.0,0.7,81.0,61.0,382.0,4.3,42.5,0.3556
2005-01-27 07:00:00,7,Thursday,2005-01,0.7,827.0,1.4,129.0,91.0,488.0,4.6,38.1,0.3267
2005-01-27 08:00:00,8,Thursday,2005-01,1.9,1038.0,6.6,336.0,184.0,915.0,4.6,39.4,0.3367
2005-01-27 09:00:00,9,Thursday,2005-01,2.4,1040.0,8.4,335.0,204.0,1021.0,4.8,41.9,0.3634
2005-01-27 10:00:00,10,Thursday,2005-01,2.0,980.0,5.5,318.0,185.0,897.0,5.9,40.2,0.376
2005-01-27 11:00:00,11,Thursday,2005-01,1.3,912.0,3.5,201.0,125.0,699.0,7.0,38.4,0.3861
2005-01-27 12:00:00,12,Thursday,2005-01,1.0,887.0,3.0,166.0,104.0,588.0,6.6,40.2,0.3944
2005-01-27 13:00:00,13,Thursday,2005-01,1.2,922.0,4.1,192.0,115.0,643.0,6.6,41.2,0.4046
2005-01-27 14:00:00,14,Thursday,2005-01,1.5,928.0,4.7,198.0,126.0,685.0,7.3,36.8,0.3779
2005-01-27 15:00:00,15,Thursday,2005-01,1.3,921.0,4.5,198.0,125.0,673.0,7.3,35.0,0.3584
2005-01-27 16:00:00,16,Thursday,2005-01,1.5,905.0,4.7,223.0,139.0,691.0,7.0,33.5,0.3367
2005-01-27 17:00:00,17,Thursday,2005-01,1.5,906.0,5.1,224.0,142.0,726.0,6.5,32.4,0.3155
2005-01-27 18:00:00,18,Thursday,2005-01,2.1,981.0,7.7,266.0,170.0,912.0,5.7,33.9,0.3131
2005-01-27 19:00:00,19,Thursday,2005-01,2.6,1053.0,10.3,326.0,195.0,1048.0,5.0,36.1,0.3178
2005-01-27 20:00:00,20,Thursday,2005-01,3.0,1086.0,11.5,343.0,202.0,1136.0,4.7,38.3,0.3306
2005-01-27 21:00:00,21,Thursday,2005-01,2.0,967.0,6.0,243.0,168.0,909.0,4.5,39.9,0.339
2005-01-27 22:00:00,22,Thursday,2005-01,1.4,902.0,3.6,177.0,128.0,719.0,4.3,41.1,0.3451
2005-01-27 23:00:00,23,Thursday,2005-01,1.3,916.0,4.3,155.0,115.0,746.0,4.0,43.1,0.3551
2005-01-28 00:00:00,0,Friday,2005-01,1.2,895.0,3.4,143.0,111.0,700.0,3.7,46.0,0.3701
2005-01-28 01:00:00,1,Friday,2005-01,1.1,866.0,2.4,124.0,97.0,579.0,3.3,47.4,0.3716
2005-01-28 02:00:00,2,Friday,2005-01,0.9,861.0,2.0,94.0,77.0,553.0,3.0,49.1,0.3774
2005-01-28 03:00:00,3,Friday,2005-01,0.8,845.0,1.4,,,519.0,3.5,48.0,0.3822
2005-01-28 04:00:00,4,Friday,2005-01,0.6,849.0,1.2,56.0,51.0,467.0,3.6,48.0,0.3835
2005-01-28 05:00:00,5,Friday,2005-01,0.5,818.0,0.9,58.0,49.0,422.0,4.0,47.8,0.3919
2005-01-28 06:00:00,6,Friday,2005-01,0.6,864.0,1.6,105.0,79.0,545.0,4.1,48.1,0.3975
2005-01-28 07:00:00,7,Friday,2005-01,0.7,856.0,1.7,122.0,92.0,556.0,4.1,47.4,0.3926
2005-01-28 08:00:00,8,Friday,2005-01,1.6,1024.0,6.2,274.0,167.0,879.0,4.2,48.7,0.4073
2005-01-28 09:00:00,9,Friday,2005-01,2.2,1050.0,8.2,342.0,206.0,993.0,4.1,49.8,0.4117
2005-01-28 10:00:00,10,Friday,2005-01,1.8,984.0,6.4,296.0,184.0,892.0,4.3,48.4,0.4043
2005-01-28 11:00:00,11,Friday,2005-01,1.5,990.0,5.9,279.0,176.0,901.0,4.6,49.7,0.4271
2005-01-28 12:00:00,12,Friday,2005-01,1.8,970.0,5.7,325.0,191.0,874.0,4.5,49.6,0.421
2005-01-28 13:00:00,13,Friday,2005-01,1.4,943.0,5.3,222.0,147.0,722.0,4.4,48.4,0.4087
2005-01-28 14:00:00,14,Friday,2005-01,2.1,994.0,7.3,279.0,174.0,836.0,4.7,47.2,0.4075
2005-01-28 15:00:00,15,Friday,2005-01,1.6,932.0,5.1,248.0,167.0,669.0,4.2,49.5,0.4118
2005-01-28 16:00:00,16,Friday,2005-01,1.3,891.0,3.9,193.0,138.0,600.0,3.4,50.7,0.3991
2005-01-28 17:00:00,17,Friday,2005-01,1.9,,,256.0,164.0,,,,
2005-01-28 18:00:00,18,Friday,2005-01,2.4,,,288.0,190.0,,,,
2005-01-28 19:00:00,19,Friday,2005-01,3.0,,,300.0,198.0,,,,
2005-01-28 20:00:00,20,Friday,2005-01,1.9,,,224.0,155.0,,,,
2005-01-28 21:00:00,21,Friday,2005-01,1.8,,,219.0,153.0,,,,
2005-01-28 22:00:00,22,Friday,2005-01,1.1,,,145.0,110.0,,,,
2005-01-28 23:00:00,23,Friday,2005-01,1.1,,,115.0,91.0,,,,
2005-01-29 00:00:00,0,Saturday,2005-01,1.1,,,136.0,105.0,,,,
2005-01-29 01:00:00,1,Saturday,2005-01,1.0,,,107.0,85.0,,,,
2005-01-29 02:00:00,2,Saturday,2005-01,0.7,793.0,0.8,70.0,60.0,376.0,1.9,49.7,0.3528
2005-01-29 03:00:00,3,Saturday,2005-01,0.6,790.0,0.6,,,336.0,1.6,52.9,0.3692
2005-01-29 04:00:00,4,Saturday,2005-01,0.5,776.0,0.5,37.0,34.0,330.0,1.4,53.8,0.3687
2005-01-29 05:00:00,5,Saturday,2005-01,0.5,766.0,0.5,33.0,31.0,321.0,1.0,54.7,0.3657
2005-01-29 06:00:00,6,Saturday,2005-01,0.4,774.0,0.6,43.0,37.0,334.0,1.4,52.3,0.3591
2005-01-29 07:00:00,7,Saturday,2005-01,0.5,801.0,0.9,73.0,58.0,395.0,1.6,51.0,0.3561
2005-01-29 08:00:00,8,Saturday,2005-01,0.8,847.0,2.0,125.0,92.0,473.0,1.4,53.1,0.3642
2005-01-29 09:00:00,9,Saturday,2005-01,1.1,874.0,2.8,154.0,110.0,553.0,1.7,54.1,0.3785
2005-01-29 10:00:00,10,Saturday,2005-01,1.1,879.0,2.8,140.0,101.0,545.0,2.5,51.0,0.3778
2005-01-29 11:00:00,11,Saturday,2005-01,1.1,888.0,3.0,150.0,96.0,547.0,2.9,48.7,0.3706
2005-01-29 12:00:00,12,Saturday,2005-01,1.1,873.0,2.4,139.0,102.0,527.0,3.6,45.8,0.3674
2005-01-29 13:00:00,13,Saturday,2005-01,1.1,877.0,2.5,135.0,96.0,505.0,3.1,48.1,0.3722
2005-01-29 14:00:00,14,Saturday,2005-01,1.2,893.0,3.0,152.0,102.0,550.0,3.4,46.6,0.3668
2005-01-29 15:00:00,15,Saturday,2005-01,1.0,866.0,2.2,121.0,88.0,465.0,3.7,45.8,0.3697
2005-01-29 16:00:00,16,Saturday,2005-01,1.2,873.0,2.6,122.0,87.0,467.0,4.4,43.7,0.3688
2005-01-29 17:00:00,17,Saturday,2005-01,1.3,911.0,3.4,167.0,115.0,555.0,4.0,44.9,0.3689
2005-01-29 18:00:00,18,Saturday,2005-01,1.4,908.0,3.0,165.0,118.0,551.0,3.3,46.8,0.3671
2005-01-29 19:00:00,19,Saturday,2005-01,1.3,907.0,3.1,190.0,134.0,569.0,3.1,48.1,0.3707
2005-01-29 20:00:00,20,Saturday,2005-01,1.4,925.0,3.4,176.0,125.0,594.0,2.8,49.0,0.37
2005-01-29 21:00:00,21,Saturday,2005-01,1.5,920.0,2.9,196.0,140.0,598.0,3.1,47.4,0.3661
2005-01-29 22:00:00,22,Saturday,2005-01,1.0,865.0,1.7,103.0,83.0,434.0,2.9,49.0,0.3725
2005-01-29 23:00:00,23,Saturday,2005-01,1.0,867.0,1.6,91.0,73.0,412.0,2.8,49.1,0.3726
2005-01-30 00:00:00,0,Sunday,2005-01,1.1,900.0,2.3,119.0,92.0,469.0,2.9,49.7,0.3782
2005-01-30 01:00:00,1,Sunday,2005-01,1.3,901.0,2.2,147.0,109.0,515.0,3.8,46.5,0.3762
2005-01-30 02:00:00,2,Sunday,2005-01,1.0,863.0,1.7,101.0,82.0,430.0,3.2,46.9,0.3658
2005-01-30 03:00:00,3,Sunday,2005-01,1.1,884.0,2.2,,,503.0,3.1,45.2,0.3504
2005-01-30 04:00:00,4,Sunday,2005-01,,873.0,1.8,102.0,83.0,494.0,3.1,44.8,0.3473
2005-01-30 05:00:00,5,Sunday,2005-01,0.6,806.0,0.6,55.0,50.0,368.0,3.1,44.4,0.342
2005-01-30 06:00:00,6,Sunday,2005-01,0.5,801.0,0.6,51.0,44.0,348.0,3.0,43.4,0.3337
2005-01-30 07:00:00,7,Sunday,2005-01,0.4,790.0,0.4,53.0,49.0,354.0,2.8,43.8,0.3308
2005-01-30 08:00:00,8,Sunday,2005-01,0.5,805.0,0.7,74.0,62.0,382.0,2.7,43.2,0.3259
2005-01-30 09:00:00,9,Sunday,2005-01,0.7,843.0,1.2,113.0,85.0,450.0,3.3,42.3,0.3299
2005-01-30 10:00:00,10,Sunday,2005-01,0.8,849.0,1.4,107.0,82.0,460.0,4.6,39.0,0.333
2005-01-30 11:00:00,11,Sunday,2005-01,0.8,872.0,2.0,101.0,77.0,441.0,5.6,37.5,0.3426
2005-01-30 12:00:00,12,Sunday,2005-01,1.0,890.0,2.0,129.0,92.0,454.0,7.2,34.2,0.3488
2005-01-30 13:00:00,13,Sunday,2005-01,0.9,874.0,1.6,126.0,95.0,415.0,6.9,35.6,0.3561
2005-01-30 14:00:00,14,Sunday,2005-01,0.9,863.0,1.6,132.0,95.0,419.0,8.2,30.1,0.3281
2005-01-30 15:00:00,15,Sunday,2005-01,0.9,840.0,1.8,101.0,76.0,368.0,7.6,27.9,0.2927
2005-01-30 16:00:00,16,Sunday,2005-01,1.0,845.0,1.8,128.0,95.0,397.0,7.9,25.9,0.2774
2005-01-30 17:00:00,17,Sunday,2005-01,1.0,888.0,2.6,170.0,118.0,510.0,7.8,28.3,0.3017
2005-01-30 18:00:00,18,Sunday,2005-01,1.1,845.0,2.0,174.0,123.0,473.0,6.3,28.8,0.2772
2005-01-30 19:00:00,19,Sunday,2005-01,1.2,880.0,2.8,215.0,140.0,537.0,5.4,30.1,0.2726
2005-01-30 20:00:00,20,Sunday,2005-01,1.6,917.0,3.9,248.0,163.0,670.0,5.0,31.1,0.273
2005-01-30 21:00:00,21,Sunday,2005-01,1.7,927.0,4.1,247.0,164.0,711.0,4.6,33.8,0.2898
2005-01-30 22:00:00,22,Sunday,2005-01,1.1,868.0,2.4,154.0,120.0,551.0,4.3,36.6,0.3064
2005-01-30 23:00:00,23,Sunday,2005-01,1.3,932.0,3.5,186.0,130.0,670.0,4.0,39.0,0.3203
2005-01-31 00:00:00,0,Monday,2005-01,1.7,971.0,4.6,231.0,145.0,771.0,2.9,42.8,0.3276
2005-01-31 01:00:00,1,Monday,2005-01,1.5,891.0,3.0,174.0,126.0,586.0,3.4,38.9,0.3076
2005-01-31 02:00:00,2,Monday,2005-01,0.8,806.0,1.0,68.0,61.0,355.0,4.0,36.4,0.2982
2005-01-31 03:00:00,3,Monday,2005-01,0.5,787.0,0.5,,,310.0,4.0,36.4,0.2989
2005-01-31 04:00:00,4,Monday,2005-01,0.4,791.0,0.4,39.0,37.0,292.0,3.7,37.7,0.3024
2005-01-31 05:00:00,5,Monday,2005-01,0.4,787.0,0.3,39.0,37.0,293.0,3.4,38.9,0.3075
2005-01-31 06:00:00,6,Monday,2005-01,0.4,814.0,0.6,54.0,50.0,328.0,3.7,37.5,0.3012
2005-01-31 07:00:00,7,Monday,2005-01,0.7,844.0,1.4,158.0,109.0,479.0,3.7,35.2,0.2833
2005-01-31 08:00:00,8,Monday,2005-01,1.8,1049.0,7.1,350.0,198.0,979.0,3.7,33.9,0.2732
2005-01-31 09:00:00,9,Monday,2005-01,,1201.0,14.0,,,1469.0,4.4,38.8,0.328
2005-01-31 10:00:00,10,Monday,2005-01,3.5,1293.0,15.1,584.0,283.0,1667.0,6.6,34.4,0.3359
2005-01-31 11:00:00,11,Monday,2005-01,2.8,1121.0,12.5,478.0,256.0,1378.0,10.0,22.4,0.2753
2005-01-31 12:00:00,12,Monday,2005-01,3.1,1112.0,12.8,563.0,261.0,1426.0,11.9,18.6,0.2581
2005-01-31 13:00:00,13,Monday,2005-01,2.5,1060.0,11.9,414.0,181.0,1246.0,12.5,17.2,0.2477
2005-01-31 14:00:00,14,Monday,2005-01,2.7,1056.0,11.7,398.0,194.0,1187.0,13.2,17.3,0.2606
2005-01-31 15:00:00,15,Monday,2005-01,2.9,1131.0,14.7,451.0,214.0,1363.0,13.5,18.7,0.2872
2005-01-31 16:00:00,16,Monday,2005-01,3.2,1162.0,15.7,503.0,204.0,1425.0,14.1,18.2,0.2908
2005-01-31 17:00:00,17,Monday,2005-01,4.1,1283.0,21.1,640.0,228.0,1722.0,13.0,20.3,0.303
2005-01-31 18:00:00,18,Monday,2005-01,6.1,1414.0,27.4,843.0,270.0,2051.0,10.4,24.7,0.3116
2005-01-31 19:00:00,19,Monday,2005-01,6.8,1486.0,30.8,954.0,285.0,2179.0,8.6,29.8,0.3344
2005-01-31 20:00:00,20,Monday,2005-01,6.8,1523.0,29.2,984.0,282.0,2214.0,7.3,36.8,0.3771
2005-01-31 21:00:00,21,Monday,2005-01,3.7,1283.0,15.0,586.0,235.0,1799.0,6.3,39.4,0.3795
2005-01-31 22:00:00,22,Monday,2005-01,2.1,1109.0,7.1,360.0,208.0,1527.0,5.4,43.5,0.3922
2005-01-31 23:00:00,23,Monday,2005-01,1.4,1055.0,5.4,231.0,161.0,1377.0,5.1,45.6,0.4056
2005-02-01 00:00:00,0,Tuesday,2005-02,1.3,1038.0,4.8,200.0,146.0,1317.0,4.2,49.4,0.412
2005-02-01 01:00:00,1,Tuesday,2005-02,1.1,996.0,3.8,153.0,123.0,1228.0,4.1,50.1,0.415
2005-02-01 02:00:00,2,Tuesday,2005-02,1.0,995.0,3.5,135.0,109.0,1201.0,4.1,51.5,0.4263
2005-02-01 03:00:00,3,Tuesday,2005-02,0.9,1000.0,3.3,,,1158.0,3.7,57.5,0.4621
2005-02-01 04:00:00,4,Tuesday,2005-02,0.8,1042.0,3.6,196.0,115.0,1204.0,2.5,64.8,0.4807
2005-02-01 05:00:00,5,Tuesday,2005-02,0.9,1042.0,3.8,208.0,114.0,1216.0,1.8,68.9,0.4878
2005-02-01 06:00:00,6,Tuesday,2005-02,1.1,1024.0,4.2,241.0,122.0,1198.0,2.0,64.9,0.4661
2005-02-01 07:00:00,7,Tuesday,2005-02,1.6,1147.0,7.7,417.0,149.0,1381.0,2.2,65.3,0.473
2005-02-01 08:00:00,8,Tuesday,2005-02,3.7,1496.0,20.0,896.0,187.0,1873.0,3.1,64.0,0.4938
2005-02-01 09:00:00,9,Tuesday,2005-02,4.8,1541.0,22.1,966.0,198.0,2112.0,3.7,61.7,0.4967
2005-02-01 10:00:00,10,Tuesday,2005-02,4.1,1491.0,17.2,878.0,196.0,2038.0,4.4,58.8,0.4979
2005-02-01 11:00:00,11,Tuesday,2005-02,4.5,1533.0,21.4,985.0,218.0,2118.0,5.8,54.1,0.502
2005-02-01 12:00:00,12,Tuesday,2005-02,4.5,1507.0,19.8,1017.0,227.0,2110.0,7.3,50.8,0.5226
2005-02-01 13:00:00,13,Tuesday,2005-02,3.7,1451.0,18.8,683.0,181.0,1965.0,9.5,47.2,0.5589
2005-02-01 14:00:00,14,Tuesday,2005-02,4.2,1432.0,18.8,660.0,179.0,1888.0,11.8,44.4,0.6118
2005-02-01 15:00:00,15,Tuesday,2005-02,3.3,1408.0,16.7,492.0,151.0,1774.0,12.7,45.5,0.6648
2005-02-01 16:00:00,16,Tuesday,2005-02,3.2,1377.0,14.4,497.0,162.0,1626.0,13.5,44.8,0.6898
2005-02-01 17:00:00,17,Tuesday,2005-02,3.6,1454.0,16.3,562.0,165.0,1761.0,12.3,48.9,0.6967
2005-02-01 18:00:00,18,Tuesday,2005-02,3.5,1268.0,14.4,539.0,173.0,1533.0,10.8,40.3,0.5201
2005-02-01 19:00:00,19,Tuesday,2005-02,4.1,1259.0,17.0,502.0,188.0,1531.0,9.4,36.7,0.4324
2005-02-01 20:00:00,20,Tuesday,2005-02,4.0,1261.0,14.8,452.0,186.0,1477.0,8.3,39.5,0.4318
2005-02-01 21:00:00,21,Tuesday,2005-02,3.3,1133.0,9.8,357.0,172.0,1332.0,7.8,41.3,0.4389
2005-02-01 22:00:00,22,Tuesday,2005-02,3.0,1054.0,6.1,289.0,150.0,1210.0,7.3,43.8,0.4505
2005-02-01 23:00:00,23,Tuesday,2005-02,2.6,1055.0,5.4,221.0,137.0,1167.0,6.7,47.6,0.4688
2005-02-02 00:00:00,0,Wednesday,2005-02,2.6,1059.0,4.7,204.0,133.0,1133.0,6.6,51.2,0.5007
2005-02-02 01:00:00,1,Wednesday,2005-02,2.6,1063.0,5.1,183.0,122.0,1109.0,6.4,52.6,0.5074
2005-02-02 02:00:00,2,Wednesday,2005-02,2.9,1135.0,6.9,222.0,130.0,1218.0,5.3,57.8,0.5177
2005-02-02 03:00:00,3,Wednesday,2005-02,2.9,1126.0,7.3,,,1222.0,3.4,66.7,0.5281
2005-02-02 04:00:00,4,Wednesday,2005-02,2.5,1058.0,4.8,210.0,121.0,1149.0,3.3,66.8,0.5215
2005-02-02 05:00:00,5,Wednesday,2005-02,2.0,1040.0,3.6,185.0,115.0,1090.0,3.7,62.9,0.5059
2005-02-02 06:00:00,6,Wednesday,2005-02,2.2,1069.0,4.5,257.0,125.0,1114.0,2.6,67.5,0.5034
2005-02-02 07:00:00,7,Wednesday,2005-02,2.4,1042.0,5.2,297.0,136.0,1089.0,3.5,60.9,0.4857
2005-02-02 08:00:00,8,Wednesday,2005-02,4.0,1322.0,15.1,573.0,174.0,1446.0,2.7,63.4,0.4787
2005-02-02 09:00:00,9,Wednesday,2005-02,6.7,1549.0,27.3,883.0,224.0,1930.0,2.8,64.2,0.4859
2005-02-02 10:00:00,10,Wednesday,2005-02,5.6,1416.0,19.6,824.0,230.0,1809.0,5.8,53.1,0.4942
2005-02-02 11:00:00,11,Wednesday,2005-02,4.3,1337.0,14.8,693.0,205.0,1769.0,9.7,40.1,0.4832
2005-02-02 12:00:00,12,Wednesday,2005-02,4.0,1281.0,14.5,714.0,204.0,1696.0,12.7,30.0,0.4398
2005-02-02 13:00:00,13,Wednesday,2005-02,2.6,1037.0,10.1,388.0,139.0,1086.0,13.7,20.7,0.3221
2005-02-02 14:00:00,14,Wednesday,2005-02,2.2,1028.0,10.1,337.0,133.0,1048.0,13.7,19.9,0.3114
2005-02-02 15:00:00,15,Wednesday,2005-02,1.9,984.0,8.3,326.0,127.0,990.0,14.1,18.1,0.2884
2005-02-02 16:00:00,16,Wednesday,2005-02,1.8,1010.0,9.0,329.0,124.0,1027.0,14.5,18.0,0.2956
2005-02-02 17:00:00,17,Wednesday,2005-02,3.1,1113.0,13.4,465.0,158.0,1359.0,13.2,20.4,0.3074
2005-02-02 18:00:00,18,Wednesday,2005-02,4.8,1253.0,19.5,612.0,171.0,1618.0,10.5,25.1,0.3194
2005-02-02 19:00:00,19,Wednesday,2005-02,5.8,1400.0,27.8,759.0,193.0,1869.0,8.9,31.4,0.3597
2005-02-02 20:00:00,20,Wednesday,2005-02,5.9,1470.0,31.4,771.0,195.0,2033.0,8.2,36.2,0.3953
2005-02-02 21:00:00,21,Wednesday,2005-02,4.1,1281.0,15.6,655.0,212.0,1756.0,6.7,39.6,0.3906
2005-02-02 22:00:00,22,Wednesday,2005-02,1.8,1084.0,7.0,332.0,193.0,1446.0,5.8,42.0,0.3904
2005-02-02 23:00:00,23,Wednesday,2005-02,1.7,1097.0,7.8,287.0,167.0,1423.0,4.9,45.9,0.3999
2005-02-03 00:00:00,0,Thursday,2005-02,1.7,1032.0,5.6,242.0,156.0,1278.0,4.5,47.9,0.4079
2005-02-03 01:00:00,1,Thursday,2005-02,1.5,1046.0,6.0,242.0,153.0,1265.0,3.9,51.6,0.4226
2005-02-03 02:00:00,2,Thursday,2005-02,1.1,975.0,3.9,192.0,128.0,1107.0,3.4,54.7,0.4323
2005-02-03 03:00:00,3,Thursday,2005-02,0.9,932.0,2.8,,,1014.0,3.3,56.1,0.4379
2005-02-03 04:00:00,4,Thursday,2005-02,,926.0,2.6,134.0,96.0,1011.0,2.0,60.8,0.4337
2005-02-03 05:00:00,5,Thursday,2005-02,0.3,932.0,2.9,142.0,105.0,1006.0,1.2,63.7,0.4327
2005-02-03 06:00:00,6,Thursday,2005-02,0.4,937.0,2.8,194.0,130.0,1010.0,2.1,60.3,0.4368
2005-02-03 07:00:00,7,Thursday,2005-02,0.6,996.0,4.2,216.0,134.0,1067.0,1.3,63.1,0.4322
2005-02-03 08:00:00,8,Thursday,2005-02,3.0,1382.0,16.7,728.0,275.0,1630.0,1.3,64.8,0.441
2005-02-03 09:00:00,9,Thursday,2005-02,5.6,1544.0,29.1,975.0,309.0,2030.0,2.1,62.2,0.4491
2005-02-03 10:00:00,10,Thursday,2005-02,4.9,1429.0,20.7,947.0,322.0,1916.0,5.1,50.8,0.4499
2005-02-03 11:00:00,11,Thursday,2005-02,3.5,1312.0,15.5,790.0,333.0,1761.0,8.5,39.7,0.4425
2005-02-03 12:00:00,12,Thursday,2005-02,2.2,1205.0,10.3,551.0,235.0,1597.0,11.5,33.0,0.4476
2005-02-03 13:00:00,13,Thursday,2005-02,2.7,1322.0,13.8,565.0,241.0,1776.0,12.2,34.3,0.4864
2005-02-03 14:00:00,14,Thursday,2005-02,2.7,1301.0,12.7,532.0,214.0,1636.0,13.5,35.0,0.5396
2005-02-03 15:00:00,15,Thursday,2005-02,2.1,1280.0,11.4,459.0,174.0,1480.0,14.9,34.9,0.5869
2005-02-03 16:00:00,16,Thursday,2005-02,2.0,1256.0,10.2,407.0,157.0,1413.0,15.7,34.5,0.6111
2005-02-03 17:00:00,17,Thursday,2005-02,2.4,1358.0,14.3,434.0,170.0,1611.0,14.7,37.2,0.618
2005-02-03 18:00:00,18,Thursday,2005-02,6.7,1713.0,32.4,980.0,212.0,2186.0,12.2,44.8,0.6342
2005-02-03 19:00:00,19,Thursday,2005-02,6.4,1655.0,29.0,966.0,249.0,2203.0,10.3,52.4,0.6578
2005-02-03 20:00:00,20,Thursday,2005-02,3.9,1444.0,17.6,646.0,231.0,1891.0,9.3,55.5,0.6503
2005-02-03 21:00:00,21,Thursday,2005-02,2.7,1314.0,12.6,471.0,216.0,1662.0,8.3,57.6,0.6304
2005-02-03 22:00:00,22,Thursday,2005-02,3.0,1368.0,15.5,528.0,217.0,1674.0,6.3,65.1,0.6237
2005-02-03 23:00:00,23,Thursday,2005-02,2.1,1195.0,9.1,378.0,203.0,1462.0,6.5,63.1,0.6132
2005-02-04 00:00:00,0,Friday,2005-02,1.2,1083.0,6.4,235.0,161.0,1273.0,6.0,62.7,0.589
2005-02-04 01:00:00,1,Friday,2005-02,1.2,1055.0,5.1,217.0,147.0,1174.0,5.1,65.4,0.5797
2005-02-04 02:00:00,2,Friday,2005-02,0.7,973.0,3.3,141.0,111.0,1031.0,4.7,64.6,0.5568
2005-02-04 03:00:00,3,Friday,2005-02,0.9,1039.0,5.3,,,1082.0,2.9,72.2,0.5523
2005-02-04 04:00:00,4,Friday,2005-02,0.8,949.0,3.1,158.0,115.0,991.0,5.0,63.5,0.5575
2005-02-04 05:00:00,5,Friday,2005-02,0.4,920.0,2.2,87.0,80.0,925.0,3.9,65.5,0.5367
2005-02-04 06:00:00,6,Friday,2005-02,0.7,989.0,3.9,194.0,122.0,1017.0,1.8,74.5,0.5271
2005-02-04 07:00:00,7,Friday,2005-02,1.4,1100.0,6.9,401.0,186.0,1187.0,1.8,73.7,0.5198
2005-02-04 08:00:00,8,Friday,2005-02,4.0,1411.0,19.7,887.0,306.0,1638.0,2.3,70.9,0.5182
2005-02-04 09:00:00,9,Friday,2005-02,3.9,1328.0,20.1,654.0,301.0,1672.0,4.4,61.1,0.5176
2005-02-04 10:00:00,10,Friday,2005-02,3.1,1308.0,16.3,566.0,274.0,1656.0,7.7,49.8,0.5267
2005-02-04 11:00:00,11,Friday,2005-02,3.2,1280.0,14.3,649.0,247.0,1641.0,12.1,36.9,0.5212
2005-02-04 12:00:00,12,Friday,2005-02,1.5,1056.0,7.0,309.0,169.0,1117.0,15.0,28.5,0.4821
2005-02-04 13:00:00,13,Friday,2005-02,1.2,1019.0,6.3,229.0,138.0,901.0,14.5,28.3,0.4665
2005-02-04 14:00:00,14,Friday,2005-02,1.9,1084.0,8.6,312.0,149.0,1046.0,12.9,31.8,0.4707
2005-02-04 15:00:00,15,Friday,2005-02,1.5,998.0,6.6,276.0,165.0,884.0,12.1,32.3,0.4548
2005-02-04 16:00:00,16,Friday,2005-02,1.4,987.0,6.1,236.0,156.0,821.0,11.3,33.5,0.4476
2005-02-04 17:00:00,17,Friday,2005-02,1.9,1079.0,8.8,312.0,184.0,1056.0,11.4,32.6,0.4373
2005-02-04 18:00:00,18,Friday,2005-02,2.2,1096.0,9.4,345.0,197.0,1139.0,9.1,37.8,0.4372
2005-02-04 19:00:00,19,Friday,2005-02,3.0,1146.0,11.8,386.0,204.0,1248.0,8.1,41.0,0.4458
2005-02-04 20:00:00,20,Friday,2005-02,2.6,1125.0,11.3,356.0,207.0,1200.0,7.7,41.9,0.4409
2005-02-04 21:00:00,21,Friday,2005-02,2.8,1130.0,9.7,467.0,208.0,1220.0,7.1,43.9,0.4433
2005-02-04 22:00:00,22,Friday,2005-02,1.6,1017.0,5.8,287.0,174.0,1032.0,6.3,45.8,0.4408
2005-02-04 23:00:00,23,Friday,2005-02,1.3,1017.0,5.3,239.0,157.0,971.0,6.0,46.1,0.4351
2005-02-05 00:00:00,0,Saturday,2005-02,1.6,1041.0,5.3,266.0,166.0,1011.0,5.5,49.0,0.4471
2005-02-05 01:00:00,1,Saturday,2005-02,1.5,1034.0,5.1,261.0,167.0,1049.0,4.9,52.0,0.4548
2005-02-05 02:00:00,2,Saturday,2005-02,1.3,1009.0,4.8,223.0,154.0,1053.0,4.1,54.7,0.4536
2005-02-05 03:00:00,3,Saturday,2005-02,1.6,1105.0,6.4,,,1157.0,2.1,64.2,0.4633
2005-02-05 04:00:00,4,Saturday,2005-02,2.0,1084.0,7.0,272.0,164.0,1163.0,1.5,66.2,0.4571
2005-02-05 05:00:00,5,Saturday,2005-02,1.3,989.0,4.4,226.0,149.0,1018.0,1.0,67.7,0.4523
2005-02-05 06:00:00,6,Saturday,2005-02,0.9,1047.0,5.6,250.0,150.0,1121.0,0.8,69.9,0.4591
2005-02-05 07:00:00,7,Saturday,2005-02,1.4,1091.0,7.3,402.0,205.0,1200.0,1.3,67.2,0.4598
2005-02-05 08:00:00,8,Saturday,2005-02,3.1,1263.0,12.7,708.0,283.0,1403.0,2.0,63.6,0.4564
2005-02-05 09:00:00,9,Saturday,2005-02,4.1,1165.0,11.3,759.0,310.0,1365.0,4.1,52.7,0.4345
2005-02-05 10:00:00,10,Saturday,2005-02,1.3,966.0,4.9,302.0,200.0,940.0,7.5,39.2,0.4091
2005-02-05 11:00:00,11,Saturday,2005-02,0.9,927.0,3.8,210.0,147.0,750.0,9.0,34.5,0.398
2005-02-05 12:00:00,12,Saturday,2005-02,1.0,909.0,3.4,180.0,128.0,652.0,9.2,34.5,0.4025
2005-02-05 13:00:00,13,Saturday,2005-02,1.0,941.0,4.2,165.0,121.0,643.0,9.3,33.8,0.3981
2005-02-05 14:00:00,14,Saturday,2005-02,1.1,903.0,3.7,180.0,129.0,629.0,9.3,33.1,0.3874
2005-02-05 15:00:00,15,Saturday,2005-02,0.8,891.0,3.3,147.0,110.0,549.0,9.7,30.8,0.3716
2005-02-05 16:00:00,16,Saturday,2005-02,1.0,904.0,3.4,177.0,126.0,578.0,9.6,31.1,0.3718
2005-02-05 17:00:00,17,Saturday,2005-02,0.9,900.0,3.1,157.0,121.0,582.0,8.6,32.8,0.3669
2005-02-05 18:00:00,18,Saturday,2005-02,0.9,926.0,4.3,195.0,142.0,694.0,7.2,35.0,0.3567
2005-02-05 19:00:00,19,Saturday,2005-02,1.6,999.0,6.2,263.0,174.0,926.0,6.4,36.8,0.3566
2005-02-05 20:00:00,20,Saturday,2005-02,1.4,994.0,5.2,239.0,168.0,915.0,6.0,40.2,0.3773
2005-02-05 21:00:00,21,Saturday,2005-02,1.4,1010.0,5.8,267.0,180.0,986.0,5.5,42.6,0.3874
2005-02-05 22:00:00,22,Saturday,2005-02,1.1,938.0,3.5,214.0,157.0,840.0,4.9,43.7,0.3809
2005-02-05 23:00:00,23,Saturday,2005-02,1.2,983.0,4.9,236.0,162.0,939.0,4.2,43.2,0.3605
2005-02-06 00:00:00,0,Sunday,2005-02,1.8,963.0,4.7,251.0,173.0,869.0,4.0,39.2,0.3228
2005-02-06 01:00:00,1,Sunday,2005-02,1.4,962.0,4.9,255.0,176.0,908.0,3.7,40.1,0.323
2005-02-06 02:00:00,2,Sunday,2005-02,1.4,980.0,5.0,235.0,172.0,1051.0,3.1,47.1,0.3638
2005-02-06 03:00:00,3,Sunday,2005-02,0.9,914.0,2.9,,,922.0,2.6,48.8,0.3658
2005-02-06 04:00:00,4,Sunday,2005-02,,898.0,2.6,129.0,108.0,871.0,0.8,53.8,0.3542
2005-02-06 05:00:00,5,Sunday,2005-02,0.8,854.0,1.8,95.0,88.0,793.0,1.2,51.9,0.3515
2005-02-06 06:00:00,6,Sunday,2005-02,0.7,838.0,1.3,95.0,85.0,753.0,1.0,52.2,0.3489
2005-02-06 07:00:00,7,Sunday,2005-02,0.7,831.0,1.5,100.0,88.0,737.0,0.6,53.3,0.3467
2005-02-06 08:00:00,8,Sunday,2005-02,0.6,833.0,1.3,110.0,94.0,722.0,0.8,52.8,0.3468
2005-02-06 09:00:00,9,Sunday,2005-02,0.8,870.0,2.0,149.0,115.0,737.0,0.3,53.7,0.3424
2005-02-06 10:00:00,10,Sunday,2005-02,1.3,984.0,4.3,197.0,137.0,913.0,4.1,42.9,0.3551
2005-02-06 11:00:00,11,Sunday,2005-02,2.0,1065.0,6.7,351.0,212.0,1117.0,8.0,33.3,0.3591
2005-02-06 12:00:00,12,Sunday,2005-02,1.7,968.0,4.6,249.0,173.0,774.0,10.7,25.2,0.3242
2005-02-06 13:00:00,13,Sunday,2005-02,1.2,911.0,3.5,188.0,135.0,558.0,11.1,23.5,0.3105
2005-02-06 14:00:00,14,Sunday,2005-02,1.0,868.0,2.1,127.0,100.0,420.0,10.6,26.0,0.332
2005-02-06 15:00:00,15,Sunday,2005-02,0.8,868.0,1.9,96.0,78.0,363.0,10.3,27.7,0.3481
2005-02-06 16:00:00,16,Sunday,2005-02,1.0,904.0,2.7,138.0,100.0,410.0,10.2,28.3,0.3516
2005-02-06 17:00:00,17,Sunday,2005-02,1.4,944.0,3.7,217.0,150.0,568.0,9.2,29.9,0.3479
2005-02-06 18:00:00,18,Sunday,2005-02,1.1,925.0,2.9,186.0,142.0,570.0,6.9,36.4,0.3635
2005-02-06 19:00:00,19,Sunday,2005-02,1.6,985.0,4.5,227.0,165.0,774.0,6.0,38.0,0.3584
2005-02-06 20:00:00,20,Sunday,2005-02,1.8,1002.0,5.3,252.0,179.0,857.0,5.8,36.4,0.3385
2005-02-06 21:00:00,21,Sunday,2005-02,1.4,938.0,3.7,193.0,149.0,737.0,5.8,35.4,0.3286
2005-02-06 22:00:00,22,Sunday,2005-02,1.1,896.0,2.6,158.0,126.0,610.0,5.4,36.6,0.3304
2005-02-06 23:00:00,23,Sunday,2005-02,1.0,907.0,2.4,150.0,120.0,627.0,5.1,37.9,0.3358
2005-02-07 00:00:00,0,Monday,2005-02,1.1,902.0,2.4,130.0,110.0,566.0,4.8,38.0,0.33
2005-02-07 01:00:00,1,Monday,2005-02,1.0,885.0,2.0,104.0,92.0,517.0,4.5,38.1,0.3249
2005-02-07 02:00:00,2,Monday,2005-02,0.8,863.0,1.5,86.0,78.0,484.0,4.3,38.1,0.3207
2005-02-07 03:00:00,3,Monday,2005-02,0.6,861.0,1.2,,,482.0,3.9,39.9,0.325
2005-02-07 04:00:00,4,Monday,2005-02,0.6,852.0,0.8,67.0,65.0,496.0,3.8,41.0,0.3327
2005-02-07 05:00:00,5,Monday,2005-02,0.6,879.0,1.0,75.0,73.0,623.0,3.3,44.6,0.3499
2005-02-07 06:00:00,6,Monday,2005-02,0.6,900.0,1.3,97.0,85.0,696.0,3.6,44.5,0.3574
2005-02-07 07:00:00,7,Monday,2005-02,0.8,963.0,2.4,177.0,133.0,916.0,3.4,47.0,0.3713
2005-02-07 08:00:00,8,Monday,2005-02,2.3,1183.0,8.7,433.0,246.0,1309.0,2.9,49.5,0.3775
2005-02-07 09:00:00,9,Monday,2005-02,2.8,1161.0,10.5,471.0,281.0,1396.0,5.6,40.5,0.3704
2005-02-07 10:00:00,10,Monday,2005-02,2.1,1102.0,7.9,346.0,222.0,1226.0,7.5,33.8,0.352
2005-02-07 11:00:00,11,Monday,2005-02,1.7,1029.0,6.5,262.0,182.0,1002.0,10.8,25.2,0.3251
2005-02-07 12:00:00,12,Monday,2005-02,1.4,973.0,5.7,221.0,154.0,769.0,12.9,20.6,0.3045
2005-02-07 13:00:00,13,Monday,2005-02,1.6,981.0,6.2,265.0,168.0,784.0,12.2,21.4,0.3033
2005-02-07 14:00:00,14,Monday,2005-02,1.4,960.0,5.4,219.0,149.0,643.0,12.0,21.9,0.3069
2005-02-07 15:00:00,15,Monday,2005-02,1.3,973.0,4.9,235.0,156.0,682.0,12.2,24.0,0.3392
2005-02-07 16:00:00,16,Monday,2005-02,1.4,968.0,5.0,227.0,156.0,692.0,12.0,24.3,0.3393
2005-02-07 17:00:00,17,Monday,2005-02,1.7,1022.0,6.9,285.0,187.0,926.0,10.5,27.8,0.3525
2005-02-07 18:00:00,18,Monday,2005-02,1.9,1067.0,7.5,291.0,194.0,996.0,8.7,33.9,0.3832
2005-02-07 19:00:00,19,Monday,2005-02,2.3,1101.0,8.2,295.0,204.0,1095.0,7.8,37.6,0.4004
2005-02-07 20:00:00,20,Monday,2005-02,2.0,1081.0,7.7,243.0,174.0,1058.0,7.2,39.4,0.4032
2005-02-07 21:00:00,21,Monday,2005-02,1.6,988.0,4.5,209.0,154.0,893.0,7.1,39.6,0.4019
2005-02-07 22:00:00,22,Monday,2005-02,1.0,932.0,2.7,147.0,117.0,681.0,7.1,39.6,0.4001
2005-02-07 23:00:00,23,Monday,2005-02,0.9,923.0,2.3,117.0,98.0,599.0,7.2,39.3,0.4004
2005-02-08 00:00:00,0,Tuesday,2005-02,0.9,915.0,2.1,105.0,90.0,550.0,6.9,39.6,0.3966
2005-02-08 01:00:00,1,Tuesday,2005-02,0.9,879.0,1.4,84.0,74.0,470.0,7.0,39.8,0.4006
2005-02-08 02:00:00,2,Tuesday,2005-02,0.5,852.0,0.8,51.0,49.0,375.0,7.1,40.5,0.409
2005-02-08 03:00:00,3,Tuesday,2005-02,0.4,844.0,0.6,,,337.0,6.9,40.9,0.4091
2005-02-08 04:00:00,4,Tuesday,2005-02,0.5,878.0,1.0,54.0,54.0,451.0,6.0,42.9,0.404
2005-02-08 05:00:00,5,Tuesday,2005-02,0.6,910.0,1.3,74.0,69.0,600.0,6.4,42.7,0.4126
2005-02-08 06:00:00,6,Tuesday,2005-02,0.6,918.0,1.6,114.0,92.0,712.0,6.1,43.6,0.4129
2005-02-08 07:00:00,7,Tuesday,2005-02,1.0,991.0,3.0,228.0,146.0,931.0,5.9,45.1,0.4211
2005-02-08 08:00:00,8,Tuesday,2005-02,2.1,1223.0,10.0,455.0,224.0,1332.0,6.0,46.4,0.4367
2005-02-08 09:00:00,9,Tuesday,2005-02,2.9,1277.0,15.1,493.0,253.0,1520.0,6.6,43.7,0.4273
2005-02-08 10:00:00,10,Tuesday,2005-02,2.2,1114.0,8.6,410.0,225.0,1223.0,8.7,36.3,0.4074
2005-02-08 11:00:00,11,Tuesday,2005-02,1.6,1088.0,6.9,277.0,180.0,1122.0,10.5,33.4,0.4246
2005-02-08 12:00:00,12,Tuesday,2005-02,1.8,1064.0,7.6,340.0,194.0,1099.0,11.4,27.8,0.3748
2005-02-08 13:00:00,13,Tuesday,2005-02,1.5,1047.0,6.9,238.0,158.0,904.0,12.7,27.4,0.4011
2005-02-08 14:00:00,14,Tuesday,2005-02,2.2,1075.0,8.5,323.0,184.0,1022.0,13.3,23.3,0.354
2005-02-08 15:00:00,15,Tuesday,2005-02,1.6,973.0,5.3,286.0,165.0,719.0,13.9,20.7,0.3271
2005-02-08 16:00:00,16,Tuesday,2005-02,1.5,942.0,4.4,271.0,156.0,609.0,13.6,20.0,0.3093
2005-02-08 17:00:00,17,Tuesday,2005-02,1.8,,,276.0,172.0,,,,
2005-02-08 18:00:00,18,Tuesday,2005-02,1.8,,,295.0,194.0,,,,
2005-02-08 19:00:00,19,Tuesday,2005-02,2.3,,,340.0,208.0,,,,
2005-02-08 20:00:00,20,Tuesday,2005-02,1.9,,,275.0,187.0,,,,
2005-02-08 21:00:00,21,Tuesday,2005-02,1.9,,,293.0,187.0,,,,
2005-02-08 22:00:00,22,Tuesday,2005-02,1.1,,,157.0,127.0,,,,
2005-02-08 23:00:00,23,Tuesday,2005-02,0.9,,,133.0,107.0,,,,
2005-02-09 00:00:00,0,Wednesday,2005-02,0.8,,,120.0,99.0,,,,
2005-02-09 01:00:00,1,Wednesday,2005-02,0.9,,,122.0,100.0,,,,
2005-02-09 02:00:00,2,Wednesday,2005-02,0.7,,,80.0,73.0,,,,
2005-02-09 03:00:00,3,Wednesday,2005-02,0.8,,,,,,,,
2005-02-09 04:00:00,4,Wednesday,2005-02,,,,88.0,83.0,,,,
2005-02-09 05:00:00,5,Wednesday,2005-02,0.7,,,109.0,92.0,,,,
2005-02-09 06:00:00,6,Wednesday,2005-02,0.6,,,120.0,100.0,,,,
2005-02-09 07:00:00,7,Wednesday,2005-02,1.0,,,233.0,149.0,,,,
2005-02-09 08:00:00,8,Wednesday,2005-02,1.7,,,394.0,231.0,,,,
2005-02-09 09:00:00,9,Wednesday,2005-02,2.7,,,424.0,245.0,,,,
2005-02-09 10:00:00,10,Wednesday,2005-02,3.3,,,446.0,203.0,,,,
2005-02-09 11:00:00,11,Wednesday,2005-02,2.1,,,266.0,165.0,,,,
2005-02-09 12:00:00,12,Wednesday,2005-02,2.0,,,261.0,168.0,,,,
2005-02-09 13:00:00,13,Wednesday,2005-02,2.0,,,220.0,151.0,,,,
2005-02-09 14:00:00,14,Wednesday,2005-02,2.3,,,241.0,152.0,,,,
2005-02-09 15:00:00,15,Wednesday,2005-02,2.0,,,208.0,144.0,,,,
2005-02-09 16:00:00,16,Wednesday,2005-02,2.1,,,215.0,148.0,,,,
2005-02-09 17:00:00,17,Wednesday,2005-02,2.3,,,257.0,176.0,,,,
2005-02-09 18:00:00,18,Wednesday,2005-02,3.1,,,355.0,209.0,,,,
2005-02-09 19:00:00,19,Wednesday,2005-02,3.9,,,415.0,240.0,,,,
2005-02-09 20:00:00,20,Wednesday,2005-02,3.8,,,349.0,223.0,,,,
2005-02-09 21:00:00,21,Wednesday,2005-02,2.9,,,254.0,187.0,,,,
2005-02-09 22:00:00,22,Wednesday,2005-02,2.2,,,228.0,157.0,,,,
2005-02-09 23:00:00,23,Wednesday,2005-02,1.9,,,156.0,123.0,,,,
2005-02-10 00:00:00,0,Thursday,2005-02,2.0,,,161.0,126.0,,,,
2005-02-10 01:00:00,1,Thursday,2005-02,1.8,,,123.0,106.0,,,,
2005-02-10 02:00:00,2,Thursday,2005-02,1.6,,,108.0,95.0,,,,
2005-02-10 03:00:00,3,Thursday,2005-02,1.5,,,,,,,,
2005-02-10 04:00:00,4,Thursday,2005-02,1.4,,,95.0,87.0,,,,
2005-02-10 05:00:00,5,Thursday,2005-02,1.5,,,102.0,88.0,,,,
2005-02-10 06:00:00,6,Thursday,2005-02,1.7,,,178.0,134.0,,,,
2005-02-10 07:00:00,7,Thursday,2005-02,1.9,,,214.0,156.0,,,,
2005-02-10 08:00:00,8,Thursday,2005-02,3.3,,,492.0,247.0,,,,
2005-02-10 09:00:00,9,Thursday,2005-02,3.8,,,540.0,289.0,,,,
2005-02-10 10:00:00,10,Thursday,2005-02,4.3,,,604.0,250.0,,,,
2005-02-10 11:00:00,11,Thursday,2005-02,3.7,,,646.0,232.0,,,,
2005-02-10 12:00:00,12,Thursday,2005-02,2.7,,,418.0,185.0,,,,
2005-02-10 13:00:00,13,Thursday,2005-02,2.2,,,250.0,147.0,,,,
2005-02-10 14:00:00,14,Thursday,2005-02,2.4,,,226.0,128.0,,,,
2005-02-10 15:00:00,15,Thursday,2005-02,2.2,,,271.0,131.0,,,,
2005-02-10 16:00:00,16,Thursday,2005-02,2.3,,,288.0,135.0,,,,
2005-02-10 17:00:00,17,Thursday,2005-02,2.6,,,299.0,149.0,,,,
2005-02-10 18:00:00,18,Thursday,2005-02,4.2,,,534.0,209.0,,,,
2005-02-10 19:00:00,19,Thursday,2005-02,6.2,,,687.0,243.0,,,,
2005-02-10 20:00:00,20,Thursday,2005-02,8.4,,,1028.0,276.0,,,,
2005-02-10 21:00:00,21,Thursday,2005-02,4.5,,,605.0,225.0,,,,
2005-02-10 22:00:00,22,Thursday,2005-02,2.7,,,345.0,194.0,,,,
2005-02-10 23:00:00,23,Thursday,2005-02,2.4,,,255.0,164.0,,,,
2005-02-11 00:00:00,0,Friday,2005-02,2.3,,,211.0,148.0,,,,
2005-02-11 01:00:00,1,Friday,2005-02,2.2,,,190.0,136.0,,,,
2005-02-11 02:00:00,2,Friday,2005-02,2.0,,,149.0,116.0,,,,
2005-02-11 03:00:00,3,Friday,2005-02,1.6,,,,,,,,
2005-02-11 04:00:00,4,Friday,2005-02,1.6,,,107.0,91.0,,,,
2005-02-11 05:00:00,5,Friday,2005-02,1.5,,,98.0,87.0,,,,
2005-02-11 06:00:00,6,Friday,2005-02,1.7,,,183.0,123.0,,,,
2005-02-11 07:00:00,7,Friday,2005-02,1.8,,,224.0,152.0,,,,
2005-02-11 08:00:00,8,Friday,2005-02,3.8,,,589.0,267.0,,,,
2005-02-11 09:00:00,9,Friday,2005-02,5.9,,,700.0,296.0,,,,
2005-02-11 10:00:00,10,Friday,2005-02,5.4,,,747.0,291.0,,,,
2005-02-11 11:00:00,11,Friday,2005-02,4.7,,,746.0,276.0,,,,
2005-02-11 12:00:00,12,Friday,2005-02,4.3,,,702.0,250.0,,,,
2005-02-11 13:00:00,13,Friday,2005-02,5.4,,,723.0,251.0,,,,
2005-02-11 14:00:00,14,Friday,2005-02,5.8,,,872.0,275.0,,,,
2005-02-11 15:00:00,15,Friday,2005-02,6.1,,,1054.0,312.0,,,,
2005-02-11 16:00:00,16,Friday,2005-02,7.1,,,1218.0,340.0,,,,
2005-02-11 17:00:00,17,Friday,2005-02,6.6,,,1227.0,326.0,,,,
2005-02-11 18:00:00,18,Friday,2005-02,6.5,,,1061.0,284.0,,,,
2005-02-11 19:00:00,19,Friday,2005-02,7.1,,,1075.0,289.0,,,,
2005-02-11 20:00:00,20,Friday,2005-02,4.9,,,641.0,215.0,,,,
2005-02-11 21:00:00,21,Friday,2005-02,4.0,1521.0,16.8,490.0,207.0,2141.0,8.5,50.9,0.5664
2005-02-11 22:00:00,22,Friday,2005-02,4.0,1428.0,13.0,550.0,213.0,2023.0,8.3,53.3,0.5843
2005-02-11 23:00:00,23,Friday,2005-02,3.6,1463.0,12.6,422.0,192.0,1967.0,7.1,58.1,0.5885
2005-02-12 00:00:00,0,Saturday,2005-02,4.2,1494.0,14.2,541.0,211.0,1931.0,5.8,64.3,0.5964
2005-02-12 01:00:00,1,Saturday,2005-02,4.3,1462.0,12.9,599.0,229.0,1889.0,5.3,66.8,0.5979
2005-02-12 02:00:00,2,Saturday,2005-02,3.6,1326.0,9.7,490.0,216.0,1699.0,5.0,66.6,0.5871
2005-02-12 03:00:00,3,Saturday,2005-02,2.5,1185.0,5.9,,,1467.0,5.0,66.3,0.5811
2005-02-12 04:00:00,4,Saturday,2005-02,,1154.0,5.5,223.0,146.0,1390.0,5.1,65.9,0.5827
2005-02-12 05:00:00,5,Saturday,2005-02,1.4,1175.0,6.6,214.0,136.0,1371.0,4.1,69.0,0.5735
2005-02-12 06:00:00,6,Saturday,2005-02,1.4,1203.0,7.3,274.0,156.0,1427.0,4.6,67.6,0.5778
2005-02-12 07:00:00,7,Saturday,2005-02,1.6,1250.0,8.8,338.0,176.0,1489.0,5.2,65.5,0.5836
2005-02-12 08:00:00,8,Saturday,2005-02,2.3,1321.0,11.9,496.0,224.0,1610.0,6.0,62.8,0.5929
2005-02-12 09:00:00,9,Saturday,2005-02,2.4,1323.0,12.0,433.0,207.0,1619.0,7.1,59.3,0.6005
2005-02-12 10:00:00,10,Saturday,2005-02,2.7,1381.0,11.9,496.0,221.0,1706.0,7.8,58.0,0.6136
2005-02-12 11:00:00,11,Saturday,2005-02,3.4,1480.0,16.2,615.0,229.0,1882.0,9.0,54.7,0.6271
2005-02-12 12:00:00,12,Saturday,2005-02,3.1,1485.0,17.6,551.0,208.0,1911.0,10.0,53.1,0.6495
2005-02-12 13:00:00,13,Saturday,2005-02,3.6,1522.0,17.6,575.0,207.0,1943.0,10.8,52.0,0.6738
2005-02-12 14:00:00,14,Saturday,2005-02,3.8,1570.0,17.5,575.0,216.0,2020.0,11.0,51.4,0.6746
2005-02-12 15:00:00,15,Saturday,2005-02,3.3,1507.0,15.7,574.0,224.0,1999.0,11.0,51.4,0.6725
2005-02-12 16:00:00,16,Saturday,2005-02,3.4,1540.0,16.7,582.0,225.0,2008.0,10.9,52.0,0.6796
2005-02-12 17:00:00,17,Saturday,2005-02,3.7,1556.0,17.1,658.0,227.0,2026.0,11.1,52.0,0.6869
2005-02-12 18:00:00,18,Saturday,2005-02,4.6,1707.0,23.0,851.0,248.0,2225.0,11.0,53.6,0.7033
2005-02-12 19:00:00,19,Saturday,2005-02,5.0,1766.0,24.6,903.0,251.0,2317.0,11.0,55.1,0.7221
2005-02-12 20:00:00,20,Saturday,2005-02,5.7,1846.0,26.8,952.0,265.0,2426.0,11.4,55.4,0.7471
2005-02-12 21:00:00,21,Saturday,2005-02,5.2,1795.0,23.2,894.0,262.0,2355.0,11.1,56.9,0.7506
2005-02-12 22:00:00,22,Saturday,2005-02,5.0,1755.0,22.0,839.0,241.0,2375.0,10.2,60.0,0.7461
2005-02-12 23:00:00,23,Saturday,2005-02,4.5,1738.0,20.4,743.0,231.0,2494.0,10.1,59.9,0.7379
2005-02-13 00:00:00,0,Sunday,2005-02,4.1,1712.0,18.0,671.0,229.0,2411.0,9.9,63.2,0.7706
2005-02-13 01:00:00,1,Sunday,2005-02,4.1,1751.0,18.5,689.0,221.0,2226.0,9.4,73.4,0.8662
2005-02-13 02:00:00,2,Sunday,2005-02,3.1,1574.0,13.3,478.0,180.0,1808.0,9.4,77.7,0.9203
2005-02-13 03:00:00,3,Sunday,2005-02,2.7,1458.0,11.3,,,1571.0,9.6,78.7,0.9429
2005-02-13 04:00:00,4,Sunday,2005-02,2.8,1515.0,12.5,345.0,140.0,1548.0,8.9,81.3,0.9277
2005-02-13 05:00:00,5,Sunday,2005-02,2.9,1491.0,11.5,373.0,153.0,1541.0,8.5,82.9,0.9243
2005-02-13 06:00:00,6,Sunday,2005-02,2.6,1453.0,10.9,324.0,150.0,1441.0,8.3,84.0,0.9234
2005-02-13 07:00:00,7,Sunday,2005-02,2.6,1443.0,10.7,341.0,145.0,1396.0,8.1,85.0,0.9221
2005-02-13 08:00:00,8,Sunday,2005-02,2.8,1473.0,11.9,424.0,149.0,1411.0,8.7,83.7,0.9423
2005-02-13 09:00:00,9,Sunday,2005-02,3.3,1548.0,13.4,522.0,155.0,1497.0,9.5,82.4,0.976
2005-02-13 10:00:00,10,Sunday,2005-02,3.2,1586.0,13.0,492.0,158.0,1619.0,11.0,78.2,1.022
2005-02-13 11:00:00,11,Sunday,2005-02,3.3,1488.0,11.2,492.0,188.0,1590.0,14.1,67.9,1.0859
2005-02-13 12:00:00,12,Sunday,2005-02,1.5,1220.0,5.5,204.0,154.0,1163.0,16.3,56.6,1.0422
2005-02-13 13:00:00,13,Sunday,2005-02,1.2,1198.0,4.9,142.0,107.0,1001.0,18.7,48.0,1.0259
2005-02-13 14:00:00,14,Sunday,2005-02,1.1,1168.0,6.5,118.0,92.0,822.0,19.5,39.3,0.882
2005-02-13 15:00:00,15,Sunday,2005-02,1.7,1149.0,8.4,126.0,106.0,773.0,19.9,34.1,0.782
2005-02-13 16:00:00,16,Sunday,2005-02,1.0,1052.0,4.4,115.0,90.0,588.0,19.4,32.4,0.7239
2005-02-13 17:00:00,17,Sunday,2005-02,1.0,1053.0,4.3,137.0,100.0,610.0,17.1,35.8,0.6944
2005-02-13 18:00:00,18,Sunday,2005-02,2.6,1238.0,11.6,212.0,132.0,1000.0,15.5,40.7,0.7103
2005-02-13 19:00:00,19,Sunday,2005-02,2.5,1188.0,9.0,354.0,211.0,1048.0,14.8,42.8,0.7182
2005-02-13 20:00:00,20,Sunday,2005-02,2.1,1150.0,7.8,331.0,179.0,1002.0,13.9,43.8,0.6937
2005-02-13 21:00:00,21,Sunday,2005-02,1.0,984.0,3.7,141.0,116.0,711.0,13.7,42.9,0.6687
2005-02-13 22:00:00,22,Sunday,2005-02,1.3,1111.0,5.3,228.0,143.0,1024.0,12.5,47.8,0.6877
2005-02-13 23:00:00,23,Sunday,2005-02,1.5,1131.0,5.6,228.0,142.0,1054.0,11.8,53.4,0.7366
2005-02-14 00:00:00,0,Monday,2005-02,1.4,1115.0,5.3,203.0,135.0,994.0,10.9,55.9,0.7312
2005-02-14 01:00:00,1,Monday,2005-02,1.6,1133.0,6.0,215.0,136.0,1031.0,10.1,58.9,0.7301
2005-02-14 02:00:00,2,Monday,2005-02,1.1,1024.0,4.0,142.0,109.0,884.0,9.8,61.2,0.7413
2005-02-14 03:00:00,3,Monday,2005-02,0.7,968.0,2.8,,,794.0,8.4,67.1,0.7411
2005-02-14 04:00:00,4,Monday,2005-02,0.5,923.0,1.8,66.0,62.0,688.0,8.3,67.2,0.7382
2005-02-14 05:00:00,5,Monday,2005-02,0.4,902.0,1.5,54.0,49.0,617.0,7.7,68.9,0.728
2005-02-14 06:00:00,6,Monday,2005-02,0.7,995.0,2.9,121.0,81.0,818.0,6.9,70.0,0.6997
2005-02-14 07:00:00,7,Monday,2005-02,0.7,858.0,2.2,141.0,104.0,690.0,9.0,37.3,0.4297
2005-02-14 08:00:00,8,Monday,2005-02,2.3,1233.0,11.4,388.0,176.0,1291.0,9.4,44.9,0.5296
2005-02-14 09:00:00,9,Monday,2005-02,2.5,1140.0,9.5,366.0,193.0,1200.0,10.3,45.4,0.5666
2005-02-14 10:00:00,10,Monday,2005-02,1.7,1096.0,11.6,254.0,168.0,1127.0,11.5,39.6,0.5372
2005-02-14 11:00:00,11,Monday,2005-02,2.5,1295.0,33.9,164.0,123.0,1582.0,11.7,36.9,0.506
2005-02-14 12:00:00,12,Monday,2005-02,2.1,926.0,7.6,142.0,111.0,700.0,11.8,36.2,0.4999
2005-02-14 13:00:00,13,Monday,2005-02,1.1,970.0,7.0,162.0,120.0,693.0,12.0,38.7,0.5402
2005-02-14 14:00:00,14,Monday,2005-02,1.3,960.0,6.9,177.0,123.0,709.0,13.7,30.3,0.4724
2005-02-14 15:00:00,15,Monday,2005-02,1.1,941.0,5.8,157.0,115.0,671.0,12.6,30.6,0.4443
2005-02-14 16:00:00,16,Monday,2005-02,1.1,921.0,5.2,162.0,120.0,632.0,13.0,27.4,0.4085
2005-02-14 17:00:00,17,Monday,2005-02,1.4,940.0,6.4,209.0,140.0,716.0,13.6,22.7,0.3529
2005-02-14 18:00:00,18,Monday,2005-02,2.3,1036.0,11.9,304.0,185.0,1059.0,11.8,23.0,0.3171
2005-02-14 19:00:00,19,Monday,2005-02,4.2,1102.0,17.4,484.0,212.0,1329.0,10.7,19.9,0.2547
2005-02-14 20:00:00,20,Monday,2005-02,3.5,1035.0,14.7,399.0,200.0,1196.0,10.4,18.0,0.2269
2005-02-14 21:00:00,21,Monday,2005-02,3.0,990.0,10.0,390.0,191.0,1131.0,9.7,20.6,0.2488
2005-02-14 22:00:00,22,Monday,2005-02,1.7,950.0,6.6,287.0,169.0,977.0,9.4,24.8,0.2923
2005-02-14 23:00:00,23,Monday,2005-02,1.6,988.0,6.6,202.0,139.0,963.0,8.8,31.2,0.3533
2005-02-15 00:00:00,0,Tuesday,2005-02,1.0,884.0,3.1,126.0,102.0,581.0,8.7,31.2,0.3521
2005-02-15 01:00:00,1,Tuesday,2005-02,0.8,840.0,2.2,87.0,76.0,432.0,8.5,30.4,0.3391
2005-02-15 02:00:00,2,Tuesday,2005-02,0.6,814.0,1.3,59.0,56.0,352.0,8.0,32.9,0.353
2005-02-15 03:00:00,3,Tuesday,2005-02,0.4,821.0,1.1,,,348.0,7.1,37.4,0.3799
2005-02-15 04:00:00,4,Tuesday,2005-02,,802.0,0.5,31.0,30.0,312.0,6.9,39.1,0.3901
2005-02-15 05:00:00,5,Tuesday,2005-02,0.3,805.0,0.5,28.0,28.0,296.0,6.9,39.8,0.3966
2005-02-15 06:00:00,6,Tuesday,2005-02,0.4,850.0,1.3,64.0,56.0,385.0,6.1,40.8,0.3868
2005-02-15 07:00:00,7,Tuesday,2005-02,0.5,913.0,2.5,123.0,94.0,586.0,6.0,41.5,0.3896
2005-02-15 08:00:00,8,Tuesday,2005-02,1.5,1047.0,6.7,363.0,196.0,987.0,6.1,39.9,0.3781
2005-02-15 09:00:00,9,Tuesday,2005-02,2.1,1055.0,8.0,416.0,220.0,1035.0,6.5,39.5,0.3865
2005-02-15 10:00:00,10,Tuesday,2005-02,1.6,974.0,5.3,286.0,168.0,782.0,9.4,32.7,0.3855
2005-02-15 11:00:00,11,Tuesday,2005-02,1.0,863.0,3.3,198.0,133.0,511.0,11.3,24.9,0.3318
2005-02-15 12:00:00,12,Tuesday,2005-02,1.2,889.0,4.4,216.0,134.0,566.0,12.8,19.8,0.2933
2005-02-15 13:00:00,13,Tuesday,2005-02,1.3,906.0,5.5,211.0,138.0,642.0,12.3,19.3,0.274
2005-02-15 14:00:00,14,Tuesday,2005-02,1.4,874.0,4.8,199.0,135.0,591.0,12.0,19.3,0.2716
2005-02-15 15:00:00,15,Tuesday,2005-02,1.0,849.0,3.5,161.0,111.0,461.0,11.9,19.2,0.2677
2005-02-15 16:00:00,16,Tuesday,2005-02,1.4,923.0,4.9,218.0,124.0,609.0,12.1,20.7,0.2906
2005-02-15 17:00:00,17,Tuesday,2005-02,1.5,962.0,6.6,252.0,158.0,821.0,11.5,22.1,0.2987
2005-02-15 18:00:00,18,Tuesday,2005-02,2.4,1067.0,12.3,337.0,181.0,1163.0,10.4,23.1,0.2905
2005-02-15 19:00:00,19,Tuesday,2005-02,2.8,1125.0,14.1,357.0,185.0,1405.0,9.5,25.2,0.2996
2005-02-15 20:00:00,20,Tuesday,2005-02,3.1,1149.0,14.2,410.0,187.0,1405.0,8.9,26.9,0.3069
2005-02-15 21:00:00,21,Tuesday,2005-02,3.1,1155.0,11.6,445.0,196.0,1429.0,8.2,30.1,0.327
2005-02-15 22:00:00,22,Tuesday,2005-02,2.0,1065.0,8.2,314.0,174.0,1284.0,7.4,31.8,0.3287
2005-02-15 23:00:00,23,Tuesday,2005-02,2.1,1145.0,9.2,366.0,182.0,1409.0,6.6,37.5,0.3664
2005-02-16 00:00:00,0,Wednesday,2005-02,1.9,1134.0,8.3,336.0,182.0,1376.0,6.3,40.1,0.3842
2005-02-16 01:00:00,1,Wednesday,2005-02,2.5,1195.0,10.7,387.0,193.0,1421.0,5.2,44.2,0.3943
2005-02-16 02:00:00,2,Wednesday,2005-02,2.0,1141.0,8.0,320.0,174.0,1356.0,4.4,47.5,0.4017
2005-02-16 03:00:00,3,Wednesday,2005-02,1.4,1077.0,5.9,,,1296.0,4.0,49.1,0.4019
2005-02-16 04:00:00,4,Wednesday,2005-02,1.1,1052.0,4.5,237.0,142.0,1202.0,3.3,52.2,0.4074
2005-02-16 05:00:00,5,Wednesday,2005-02,0.8,1033.0,3.8,224.0,137.0,1206.0,3.2,52.4,0.4071
2005-02-16 06:00:00,6,Wednesday,2005-02,0.9,1080.0,5.1,237.0,140.0,1305.0,3.6,51.7,0.4123
2005-02-16 07:00:00,7,Wednesday,2005-02,1.6,1208.0,8.8,454.0,201.0,1485.0,3.5,54.2,0.4297
2005-02-16 08:00:00,8,Wednesday,2005-02,3.6,1363.0,16.1,854.0,288.0,1643.0,5.2,48.3,0.4304
2005-02-16 09:00:00,9,Wednesday,2005-02,3.3,1239.0,13.4,758.0,260.0,1459.0,7.8,37.6,0.3994
2005-02-16 10:00:00,10,Wednesday,2005-02,2.1,1044.0,9.0,428.0,206.0,1152.0,8.9,33.8,0.385
2005-02-16 11:00:00,11,Wednesday,2005-02,1.3,956.0,5.0,205.0,98.0,885.0,9.1,33.0,0.3827
2005-02-16 12:00:00,12,Wednesday,2005-02,1.1,955.0,4.3,205.0,138.0,770.0,9.1,34.5,0.3994
2005-02-16 13:00:00,13,Wednesday,2005-02,1.5,997.0,6.3,226.0,139.0,852.0,9.6,31.3,0.3763
2005-02-16 14:00:00,14,Wednesday,2005-02,1.5,987.0,6.0,199.0,137.0,830.0,8.5,36.3,0.4026
2005-02-16 15:00:00,15,Wednesday,2005-02,1.6,1007.0,5.7,253.0,155.0,867.0,9.3,34.6,0.405
2005-02-16 16:00:00,16,Wednesday,2005-02,1.5,1025.0,5.6,259.0,155.0,881.0,8.9,37.9,0.4318
2005-02-16 17:00:00,17,Wednesday,2005-02,1.6,1083.0,7.0,252.0,148.0,975.0,8.2,41.8,0.4563
2005-02-16 18:00:00,18,Wednesday,2005-02,2.2,1143.0,9.5,313.0,153.0,1136.0,7.4,44.5,0.4582
2005-02-16 19:00:00,19,Wednesday,2005-02,3.4,1288.0,15.9,433.0,171.0,1434.0,7.0,43.4,0.4366
2005-02-16 20:00:00,20,Wednesday,2005-02,5.6,1464.0,24.7,611.0,227.0,1746.0,6.6,43.4,0.4241
2005-02-16 21:00:00,21,Wednesday,2005-02,5.2,1341.0,16.8,626.0,251.0,1592.0,5.9,44.3,0.4137
2005-02-16 22:00:00,22,Wednesday,2005-02,2.8,1177.0,10.7,408.0,216.0,1341.0,5.0,46.6,0.4099
2005-02-16 23:00:00,23,Wednesday,2005-02,2.4,1089.0,8.3,357.0,200.0,1208.0,5.8,40.3,0.374
2005-02-17 00:00:00,0,Thursday,2005-02,2.7,1196.0,11.0,375.0,192.0,1334.0,5.4,43.8,0.3945
2005-02-17 01:00:00,1,Thursday,2005-02,2.6,1107.0,7.4,326.0,187.0,1208.0,5.7,42.1,0.3883
2005-02-17 02:00:00,2,Thursday,2005-02,2.3,1102.0,7.9,326.0,173.0,1196.0,5.7,42.1,0.3885
2005-02-17 03:00:00,3,Thursday,2005-02,1.0,993.0,3.6,,,931.0,5.8,42.9,0.399
2005-02-17 04:00:00,4,Thursday,2005-02,0.6,912.0,1.7,72.0,64.0,656.0,5.7,46.6,0.4298
2005-02-17 05:00:00,5,Thursday,2005-02,0.5,883.0,1.0,49.0,46.0,478.0,6.9,45.0,0.4499
2005-02-17 06:00:00,6,Thursday,2005-02,0.5,893.0,1.1,59.0,51.0,489.0,6.9,42.2,0.4224
2005-02-17 07:00:00,7,Thursday,2005-02,1.0,1033.0,4.0,220.0,115.0,893.0,6.4,43.8,0.423
2005-02-17 08:00:00,8,Thursday,2005-02,2.6,1222.0,9.7,602.0,238.0,1322.0,6.6,44.6,0.4383
2005-02-17 09:00:00,9,Thursday,2005-02,2.7,1190.0,10.6,485.0,202.0,1280.0,7.7,42.1,0.444
2005-02-17 10:00:00,10,Thursday,2005-02,1.8,1035.0,5.4,295.0,167.0,943.0,10.1,36.7,0.4536
2005-02-17 11:00:00,11,Thursday,2005-02,1.2,990.0,3.9,217.0,139.0,772.0,9.0,41.4,0.4775
2005-02-17 12:00:00,12,Thursday,2005-02,1.3,1011.0,4.4,236.0,147.0,826.0,8.7,42.5,0.4787
2005-02-17 13:00:00,13,Thursday,2005-02,1.4,1041.0,5.0,196.0,130.0,808.0,8.3,47.8,0.5238
2005-02-17 14:00:00,14,Thursday,2005-02,1.8,1086.0,6.8,233.0,143.0,901.0,8.9,45.5,0.5208
2005-02-17 15:00:00,15,Thursday,2005-02,1.3,1021.0,4.8,207.0,143.0,763.0,8.9,46.1,0.5256
2005-02-17 16:00:00,16,Thursday,2005-02,1.4,1014.0,5.0,198.0,136.0,722.0,9.0,44.9,0.5173
2005-02-17 17:00:00,17,Thursday,2005-02,1.4,1023.0,5.2,212.0,143.0,735.0,9.3,42.3,0.4974
2005-02-17 18:00:00,18,Thursday,2005-02,2.4,1172.0,10.0,280.0,177.0,1047.0,8.4,45.2,0.4977
2005-02-17 19:00:00,19,Thursday,2005-02,2.8,1172.0,11.1,315.0,198.0,1163.0,7.6,47.8,0.5013
2005-02-17 20:00:00,20,Thursday,2005-02,3.3,1219.0,12.9,378.0,200.0,1244.0,7.4,47.2,0.4871
2005-02-17 21:00:00,21,Thursday,2005-02,2.5,1106.0,7.8,320.0,191.0,1025.0,7.4,46.9,0.4854
2005-02-17 22:00:00,22,Thursday,2005-02,2.1,1078.0,6.3,265.0,169.0,982.0,6.9,48.2,0.4832
2005-02-17 23:00:00,23,Thursday,2005-02,1.2,939.0,2.8,129.0,106.0,607.0,7.1,47.9,0.4867
2005-02-18 00:00:00,0,Friday,2005-02,1.2,975.0,3.3,129.0,105.0,616.0,6.9,48.7,0.4874
2005-02-18 01:00:00,1,Friday,2005-02,1.3,958.0,3.1,172.0,130.0,654.0,6.8,48.2,0.4792
2005-02-18 02:00:00,2,Friday,2005-02,1.0,921.0,2.1,100.0,82.0,479.0,6.3,49.6,0.4787
2005-02-18 03:00:00,3,Friday,2005-02,0.8,931.0,1.9,,,487.0,5.6,52.9,0.4855
2005-02-18 04:00:00,4,Friday,2005-02,,874.0,0.7,49.0,45.0,382.0,6.4,49.8,0.4814
2005-02-18 05:00:00,5,Friday,2005-02,0.4,872.0,0.8,36.0,35.0,350.0,6.9,48.1,0.4796
2005-02-18 06:00:00,6,Friday,2005-02,0.5,904.0,1.3,79.0,60.0,438.0,6.4,50.2,0.485
2005-02-18 07:00:00,7,Friday,2005-02,0.7,951.0,1.8,128.0,90.0,578.0,6.4,50.7,0.4886
2005-02-18 08:00:00,8,Friday,2005-02,2.1,1183.0,7.9,456.0,205.0,1140.0,6.9,48.8,0.4903
2005-02-18 09:00:00,9,Friday,2005-02,2.5,1187.0,9.8,477.0,199.0,1203.0,8.4,44.6,0.4922
2005-02-18 10:00:00,10,Friday,2005-02,2.0,1072.0,7.4,342.0,153.0,1000.0,10.8,37.1,0.4794
2005-02-18 11:00:00,11,Friday,2005-02,1.4,1011.0,5.3,254.0,163.0,806.0,11.2,36.2,0.4818
2005-02-18 12:00:00,12,Friday,2005-02,1.3,997.0,4.8,231.0,152.0,724.0,11.8,34.4,0.4758
2005-02-18 13:00:00,13,Friday,2005-02,1.4,989.0,5.6,213.0,146.0,690.0,11.5,33.1,0.4479
2005-02-18 14:00:00,14,Friday,2005-02,1.6,1006.0,6.6,208.0,146.0,757.0,10.9,32.6,0.426
2005-02-18 15:00:00,15,Friday,2005-02,1.7,1016.0,6.7,270.0,134.0,818.0,11.3,31.7,0.4249
2005-02-18 16:00:00,16,Friday,2005-02,1.8,1069.0,8.4,276.0,164.0,936.0,11.6,30.9,0.4223
2005-02-18 17:00:00,17,Friday,2005-02,2.4,1109.0,10.3,375.0,141.0,1133.0,11.1,32.2,0.4243
2005-02-18 18:00:00,18,Friday,2005-02,2.8,1182.0,12.6,395.0,204.0,1298.0,9.7,36.0,0.4333
2005-02-18 19:00:00,19,Friday,2005-02,3.3,1253.0,16.0,421.0,210.0,1387.0,8.5,39.0,0.4336
2005-02-18 20:00:00,20,Friday,2005-02,4.8,1288.0,17.6,632.0,250.0,1502.0,8.3,40.3,0.4411
2005-02-18 21:00:00,21,Friday,2005-02,2.8,1153.0,10.1,424.0,202.0,1273.0,8.0,41.3,0.4448
2005-02-18 22:00:00,22,Friday,2005-02,2.4,1161.0,9.8,369.0,190.0,1271.0,7.0,44.2,0.4446
2005-02-18 23:00:00,23,Friday,2005-02,2.9,1271.0,11.5,484.0,236.0,1464.0,5.4,51.8,0.4698
2005-02-19 00:00:00,0,Saturday,2005-02,2.7,1156.0,8.2,456.0,250.0,1384.0,4.1,55.0,0.4558
2005-02-19 01:00:00,1,Saturday,2005-02,2.1,1106.0,6.8,373.0,219.0,1281.0,3.1,57.8,0.4462
2005-02-19 02:00:00,2,Saturday,2005-02,1.5,1008.0,4.3,228.0,156.0,1083.0,3.1,56.7,0.4388
2005-02-19 03:00:00,3,Saturday,2005-02,1.2,966.0,3.9,,,989.0,2.2,59.6,0.4333
2005-02-19 04:00:00,4,Saturday,2005-02,0.9,931.0,2.6,117.0,98.0,911.0,2.3,58.9,0.4317
2005-02-19 05:00:00,5,Saturday,2005-02,0.8,922.0,2.4,108.0,89.0,893.0,1.9,60.0,0.4276
2005-02-19 06:00:00,6,Saturday,2005-02,0.8,911.0,2.3,126.0,104.0,894.0,1.9,60.3,0.4293
2005-02-19 07:00:00,7,Saturday,2005-02,1.1,993.0,4.5,235.0,148.0,1018.0,0.9,64.6,0.4294
2005-02-19 08:00:00,8,Saturday,2005-02,1.9,1100.0,8.5,339.0,194.0,1191.0,0.6,65.0,0.4231
2005-02-19 09:00:00,9,Saturday,2005-02,2.5,1141.0,9.0,399.0,231.0,1285.0,2.1,59.9,0.4338
2005-02-19 10:00:00,10,Saturday,2005-02,2.2,1085.0,5.7,346.0,200.0,1219.0,3.1,57.2,0.4402
2005-02-19 11:00:00,11,Saturday,2005-02,2.1,1153.0,6.9,407.0,217.0,1370.0,4.2,54.0,0.4483
2005-02-19 12:00:00,12,Saturday,2005-02,2.3,1122.0,6.4,393.0,210.0,1317.0,7.4,43.8,0.4538
2005-02-19 13:00:00,13,Saturday,2005-02,1.2,992.0,3.5,166.0,126.0,818.0,11.2,34.5,0.4586
2005-02-19 14:00:00,14,Saturday,2005-02,1.2,1018.0,3.7,157.0,118.0,683.0,13.8,32.4,0.5084
2005-02-19 15:00:00,15,Saturday,2005-02,1.1,981.0,2.9,141.0,114.0,573.0,12.4,34.9,0.5002
2005-02-19 16:00:00,16,Saturday,2005-02,1.1,988.0,3.4,144.0,117.0,595.0,12.8,31.9,0.4684
2005-02-19 17:00:00,17,Saturday,2005-02,1.4,1059.0,5.3,191.0,140.0,774.0,13.5,29.1,0.4486
2005-02-19 18:00:00,18,Saturday,2005-02,1.7,1110.0,7.3,255.0,168.0,1059.0,11.6,33.3,0.454
2005-02-19 19:00:00,19,Saturday,2005-02,2.5,1204.0,10.0,379.0,202.0,1326.0,10.9,34.9,0.4568
2005-02-19 20:00:00,20,Saturday,2005-02,2.7,1275.0,12.3,427.0,211.0,1494.0,10.4,37.3,0.4708
2005-02-19 21:00:00,21,Saturday,2005-02,3.1,1297.0,11.8,509.0,231.0,1559.0,9.7,39.7,0.4792
2005-02-19 22:00:00,22,Saturday,2005-02,2.8,1277.0,10.4,459.0,214.0,1575.0,9.1,41.9,0.4857
2005-02-19 23:00:00,23,Saturday,2005-02,1.9,1207.0,7.7,293.0,181.0,1447.0,9.3,41.9,0.4927
2005-02-20 00:00:00,0,Sunday,2005-02,1.9,1222.0,7.5,269.0,173.0,1367.0,9.4,44.7,0.5279
2005-02-20 01:00:00,1,Sunday,2005-02,1.7,1141.0,6.1,244.0,169.0,1230.0,8.5,45.8,0.5108
2005-02-20 02:00:00,2,Sunday,2005-02,2.2,1228.0,8.3,293.0,174.0,1396.0,7.8,50.0,0.53
2005-02-20 03:00:00,3,Sunday,2005-02,1.6,1120.0,5.1,,,1191.0,7.7,49.7,0.5242
2005-02-20 04:00:00,4,Sunday,2005-02,1.5,1067.0,4.9,177.0,130.0,1009.0,8.2,46.9,0.5099
2005-02-20 05:00:00,5,Sunday,2005-02,0.8,947.0,1.9,81.0,72.0,572.0,8.4,48.6,0.5375
2005-02-20 06:00:00,6,Sunday,2005-02,0.5,918.0,1.0,42.0,40.0,420.0,8.0,54.7,0.5883
2005-02-20 07:00:00,7,Sunday,2005-02,0.5,920.0,1.1,61.0,56.0,453.0,7.8,55.7,0.5914
2005-02-20 08:00:00,8,Sunday,2005-02,0.7,941.0,1.5,101.0,81.0,520.0,8.0,53.8,0.5796
2005-02-20 09:00:00,9,Sunday,2005-02,0.7,949.0,1.6,98.0,81.0,531.0,8.8,50.7,0.5752
2005-02-20 10:00:00,10,Sunday,2005-02,0.9,990.0,2.3,114.0,88.0,579.0,10.1,47.6,0.587
2005-02-20 11:00:00,11,Sunday,2005-02,1.0,996.0,2.5,118.0,94.0,570.0,10.6,45.8,0.5838
2005-02-20 12:00:00,12,Sunday,2005-02,1.1,1023.0,2.5,120.0,97.0,571.0,9.1,56.2,0.6515
2005-02-20 13:00:00,13,Sunday,2005-02,1.1,1037.0,2.8,151.0,112.0,582.0,7.9,66.5,0.7124
2005-02-20 14:00:00,14,Sunday,2005-02,1.0,1017.0,2.4,131.0,104.0,551.0,8.0,65.0,0.6991
2005-02-20 15:00:00,15,Sunday,2005-02,1.1,1042.0,3.3,145.0,107.0,634.0,8.4,61.0,0.6721
2005-02-20 16:00:00,16,Sunday,2005-02,1.3,1037.0,3.2,156.0,114.0,633.0,8.6,57.3,0.6429
2005-02-20 17:00:00,17,Sunday,2005-02,1.2,1009.0,2.8,151.0,115.0,613.0,8.4,56.3,0.6227
2005-02-20 18:00:00,18,Sunday,2005-02,1.3,1033.0,3.4,173.0,127.0,702.0,8.0,57.7,0.6222
2005-02-20 19:00:00,19,Sunday,2005-02,1.1,1016.0,2.9,154.0,119.0,649.0,7.1,62.6,0.6341
2005-02-20 20:00:00,20,Sunday,2005-02,1.5,1076.0,4.6,221.0,149.0,841.0,7.4,59.3,0.6123
2005-02-20 21:00:00,21,Sunday,2005-02,1.4,1029.0,3.8,193.0,140.0,795.0,7.7,56.9,0.5994
2005-02-20 22:00:00,22,Sunday,2005-02,1.1,984.0,3.1,130.0,105.0,638.0,7.7,54.4,0.5753
2005-02-20 23:00:00,23,Sunday,2005-02,1.3,1003.0,3.7,156.0,116.0,663.0,7.7,53.0,0.5572
2005-02-21 00:00:00,0,Monday,2005-02,1.4,1009.0,3.3,148.0,112.0,610.0,6.7,62.8,0.6188
2005-02-21 01:00:00,1,Monday,2005-02,1.1,946.0,2.1,93.0,80.0,480.0,6.6,61.9,0.6056
2005-02-21 02:00:00,2,Monday,2005-02,0.8,910.0,1.2,66.0,59.0,404.0,5.7,70.3,0.6498
2005-02-21 03:00:00,3,Monday,2005-02,0.6,886.0,0.7,,,357.0,4.5,79.2,0.6751
2005-02-21 04:00:00,4,Monday,2005-02,,879.0,0.5,38.0,36.0,348.0,4.0,81.5,0.6712
2005-02-21 05:00:00,5,Monday,2005-02,0.5,907.0,1.0,50.0,49.0,399.0,3.9,81.5,0.6653
2005-02-21 06:00:00,6,Monday,2005-02,0.6,949.0,2.1,77.0,63.0,464.0,3.3,84.3,0.6617
2005-02-21 07:00:00,7,Monday,2005-02,1.2,1054.0,5.5,183.0,123.0,699.0,4.2,80.9,0.6742
2005-02-21 08:00:00,8,Monday,2005-02,2.2,1214.0,10.9,256.0,164.0,1006.0,5.1,75.0,0.6646
2005-02-21 09:00:00,9,Monday,2005-02,2.9,1253.0,13.3,355.0,218.0,1206.0,4.6,77.6,0.6651
2005-02-21 10:00:00,10,Monday,2005-02,2.9,1197.0,9.6,491.0,254.0,1122.0,3.8,84.3,0.6811
2005-02-21 11:00:00,11,Monday,2005-02,2.0,1156.0,7.0,387.0,210.0,1069.0,6.2,77.4,0.7383
2005-02-21 12:00:00,12,Monday,2005-02,1.7,1132.0,6.6,384.0,208.0,1062.0,7.7,67.6,0.7133
2005-02-21 13:00:00,13,Monday,2005-02,2.2,1207.0,9.3,368.0,204.0,1162.0,8.1,64.8,0.7039
2005-02-21 14:00:00,14,Monday,2005-02,1.8,1127.0,7.9,258.0,172.0,1010.0,8.1,64.0,0.6942
2005-02-21 15:00:00,15,Monday,2005-02,1.6,1112.0,6.9,231.0,157.0,931.0,6.9,71.3,0.7118
2005-02-21 16:00:00,16,Monday,2005-02,1.9,1186.0,8.6,290.0,181.0,1025.0,7.0,73.7,0.7425
2005-02-21 17:00:00,17,Monday,2005-02,2.2,1192.0,10.0,335.0,194.0,1110.0,7.3,70.0,0.7195
2005-02-21 18:00:00,18,Monday,2005-02,2.2,1177.0,8.8,293.0,193.0,979.0,5.8,77.8,0.7223
2005-02-21 19:00:00,19,Monday,2005-02,4.9,1478.0,20.2,526.0,252.0,1409.0,5.4,80.9,0.7293
2005-02-21 20:00:00,20,Monday,2005-02,6.3,1486.0,19.7,607.0,283.0,1438.0,5.5,79.8,0.7261
2005-02-21 21:00:00,21,Monday,2005-02,2.7,1118.0,7.1,326.0,208.0,1083.0,5.6,74.0,0.6808
2005-02-21 22:00:00,22,Monday,2005-02,1.4,1019.0,4.4,188.0,143.0,916.0,5.6,71.9,0.6604
2005-02-21 23:00:00,23,Monday,2005-02,1.2,961.0,2.9,163.0,124.0,825.0,6.4,70.7,0.6848
2005-02-22 00:00:00,0,Tuesday,2005-02,0.8,931.0,2.1,102.0,89.0,704.0,6.3,70.1,0.6733
2005-02-22 01:00:00,1,Tuesday,2005-02,0.8,938.0,2.1,95.0,85.0,668.0,4.4,80.5,0.6825
2005-02-22 02:00:00,2,Tuesday,2005-02,0.7,888.0,1.1,71.0,66.0,512.0,3.9,83.1,0.6787
2005-02-22 03:00:00,3,Tuesday,2005-02,0.4,844.0,0.6,,,385.0,2.5,86.6,0.6407
2005-02-22 04:00:00,4,Tuesday,2005-02,0.4,851.0,0.5,46.0,46.0,377.0,3.4,85.4,0.6736
2005-02-22 05:00:00,5,Tuesday,2005-02,0.5,905.0,1.0,62.0,60.0,467.0,3.3,84.5,0.6608
2005-02-22 06:00:00,6,Tuesday,2005-02,0.9,987.0,2.6,170.0,117.0,691.0,3.4,84.5,0.664
2005-02-22 07:00:00,7,Tuesday,2005-02,1.5,1124.0,6.7,313.0,178.0,981.0,3.4,84.5,0.6677
2005-02-22 08:00:00,8,Tuesday,2005-02,3.8,1408.0,16.7,687.0,295.0,1369.0,4.1,82.7,0.682
2005-02-22 09:00:00,9,Tuesday,2005-02,5.4,1501.0,24.0,757.0,243.0,1589.0,4.6,80.3,0.6889
2005-02-22 10:00:00,10,Tuesday,2005-02,3.5,1266.0,15.0,559.0,255.0,1370.0,6.1,74.0,0.7025
2005-02-22 11:00:00,11,Tuesday,2005-02,1.7,1082.0,6.9,286.0,201.0,1005.0,9.1,58.4,0.6787
2005-02-22 12:00:00,12,Tuesday,2005-02,2.0,1123.0,9.1,324.0,208.0,1105.0,11.4,48.9,0.658
2005-02-22 13:00:00,13,Tuesday,2005-02,2.1,1174.0,10.0,316.0,212.0,1142.0,8.3,64.4,0.7072
2005-02-22 14:00:00,14,Tuesday,2005-02,3.0,1209.0,12.9,407.0,238.0,1105.0,6.5,71.0,0.6903
2005-02-22 15:00:00,15,Tuesday,2005-02,2.1,1120.0,9.0,305.0,201.0,917.0,6.6,71.1,0.6973
2005-02-22 16:00:00,16,Tuesday,2005-02,2.5,1174.0,10.9,360.0,218.0,1050.0,7.4,69.3,0.7165
2005-02-22 17:00:00,17,Tuesday,2005-02,2.2,1068.0,7.9,339.0,222.0,848.0,6.4,70.6,0.6834
2005-02-22 18:00:00,18,Tuesday,2005-02,2.4,1146.0,10.2,304.0,206.0,952.0,5.8,72.5,0.6718
2005-02-22 19:00:00,19,Tuesday,2005-02,3.6,1204.0,13.2,397.0,251.0,1059.0,5.6,71.6,0.6556
2005-02-22 20:00:00,20,Tuesday,2005-02,2.6,1062.0,8.1,270.0,190.0,720.0,4.2,77.8,0.6491
2005-02-22 21:00:00,21,Tuesday,2005-02,2.7,1122.0,8.5,339.0,218.0,981.0,4.3,79.5,0.6648
2005-02-22 22:00:00,22,Tuesday,2005-02,1.4,940.0,3.6,190.0,150.0,648.0,4.5,75.5,0.6429
2005-02-22 23:00:00,23,Tuesday,2005-02,0.9,935.0,2.6,126.0,111.0,611.0,4.4,77.1,0.6523
2005-02-23 00:00:00,0,Wednesday,2005-02,1.5,1011.0,4.3,189.0,142.0,773.0,4.2,78.2,0.6506
2005-02-23 01:00:00,1,Wednesday,2005-02,1.1,952.0,3.2,146.0,119.0,703.0,4.0,79.3,0.6517
2005-02-23 02:00:00,2,Wednesday,2005-02,0.8,899.0,1.8,98.0,87.0,560.0,3.9,78.7,0.643
2005-02-23 03:00:00,3,Wednesday,2005-02,0.6,880.0,1.4,,,499.0,3.5,80.6,0.6403
2005-02-23 04:00:00,4,Wednesday,2005-02,0.6,882.0,1.2,75.0,70.0,575.0,3.2,82.8,0.6426
2005-02-23 05:00:00,5,Wednesday,2005-02,0.6,844.0,0.7,77.0,68.0,478.0,4.1,76.0,0.6304
2005-02-23 06:00:00,6,Wednesday,2005-02,0.6,860.0,1.0,72.0,66.0,442.0,4.2,75.9,0.6311
2005-02-23 07:00:00,7,Wednesday,2005-02,0.7,917.0,2.2,152.0,117.0,602.0,4.5,76.3,0.648
2005-02-23 08:00:00,8,Wednesday,2005-02,1.7,1126.0,7.7,337.0,197.0,936.0,4.4,79.1,0.6687
2005-02-23 09:00:00,9,Wednesday,2005-02,1.9,1033.0,6.2,360.0,198.0,870.0,4.3,79.8,0.6706
2005-02-23 10:00:00,10,Wednesday,2005-02,1.4,944.0,3.8,243.0,167.0,688.0,3.1,83.0,0.6419
2005-02-23 11:00:00,11,Wednesday,2005-02,1.3,955.0,3.6,277.0,180.0,706.0,2.8,83.9,0.6326
2005-02-23 12:00:00,12,Wednesday,2005-02,1.2,992.0,3.7,266.0,169.0,756.0,3.9,79.5,0.6482
2005-02-23 13:00:00,13,Wednesday,2005-02,1.9,1090.0,8.3,317.0,210.0,974.0,5.1,74.5,0.6621
2005-02-23 14:00:00,14,Wednesday,2005-02,2.5,1151.0,10.1,375.0,232.0,1121.0,5.7,72.5,0.6686
2005-02-23 15:00:00,15,Wednesday,2005-02,2.3,1148.0,9.9,349.0,223.0,1064.0,5.6,74.6,0.6826
2005-02-23 16:00:00,16,Wednesday,2005-02,2.3,1140.0,9.2,377.0,224.0,1076.0,5.4,75.9,0.6875
2005-02-23 17:00:00,17,Wednesday,2005-02,2.5,1160.0,10.3,403.0,238.0,1090.0,4.9,78.2,0.6826
2005-02-23 18:00:00,18,Wednesday,2005-02,2.8,1167.0,11.4,422.0,249.0,1119.0,4.8,79.0,0.6845
2005-02-23 19:00:00,19,Wednesday,2005-02,2.7,1194.0,11.7,388.0,223.0,1181.0,4.8,78.6,0.6826
2005-02-23 20:00:00,20,Wednesday,2005-02,3.1,1224.0,12.6,431.0,244.0,1240.0,4.6,78.2,0.6686
2005-02-23 21:00:00,21,Wednesday,2005-02,2.9,1209.0,11.4,425.0,243.0,1254.0,4.2,79.7,0.6647
2005-02-23 22:00:00,22,Wednesday,2005-02,2.6,1145.0,9.6,391.0,226.0,1192.0,4.3,78.9,0.6621
2005-02-23 23:00:00,23,Wednesday,2005-02,1.5,1016.0,4.6,231.0,167.0,1020.0,4.2,77.9,0.6479
2005-02-24 00:00:00,0,Thursday,2005-02,1.6,1018.0,4.7,248.0,172.0,916.0,3.2,83.0,0.645
2005-02-24 01:00:00,1,Thursday,2005-02,1.1,937.0,2.6,142.0,120.0,798.0,5.1,74.5,0.6626
2005-02-24 02:00:00,2,Thursday,2005-02,0.9,949.0,2.9,117.0,100.0,762.0,4.0,80.8,0.6666
2005-02-24 03:00:00,3,Thursday,2005-02,0.7,895.0,1.5,,,685.0,4.3,81.0,0.677
2005-02-24 04:00:00,4,Thursday,2005-02,,884.0,1.3,96.0,86.0,619.0,2.9,85.3,0.6503
2005-02-24 05:00:00,5,Thursday,2005-02,0.6,883.0,1.2,87.0,81.0,606.0,3.3,84.5,0.6612
2005-02-24 06:00:00,6,Thursday,2005-02,0.8,968.0,3.0,197.0,131.0,788.0,3.6,84.4,0.6724
2005-02-24 07:00:00,7,Thursday,2005-02,1.5,1071.0,5.5,290.0,170.0,947.0,3.8,83.8,0.6771
2005-02-24 08:00:00,8,Thursday,2005-02,3.1,1310.0,12.9,621.0,267.0,1254.0,4.1,82.5,0.6819
2005-02-24 09:00:00,9,Thursday,2005-02,3.8,1332.0,14.5,645.0,269.0,1352.0,3.9,83.9,0.6847
2005-02-24 10:00:00,10,Thursday,2005-02,2.7,1178.0,9.0,573.0,244.0,1165.0,4.1,83.9,0.6967
2005-02-24 11:00:00,11,Thursday,2005-02,1.8,1093.0,6.5,414.0,232.0,1025.0,4.6,82.0,0.6997
2005-02-24 12:00:00,12,Thursday,2005-02,1.4,1060.0,5.4,314.0,196.0,941.0,5.5,79.5,0.7238
2005-02-24 13:00:00,13,Thursday,2005-02,1.7,1121.0,7.4,317.0,195.0,1000.0,6.7,76.2,0.7519
2005-02-24 14:00:00,14,Thursday,2005-02,1.9,1118.0,7.7,290.0,189.0,962.0,7.9,69.0,0.7394
2005-02-24 15:00:00,15,Thursday,2005-02,2.2,1205.0,10.7,385.0,212.0,1214.0,8.5,66.3,0.7387
2005-02-24 16:00:00,16,Thursday,2005-02,3.0,1274.0,13.3,507.0,267.0,1428.0,7.6,70.8,0.7399
2005-02-24 17:00:00,17,Thursday,2005-02,3.0,1301.0,13.2,534.0,262.0,1484.0,7.2,72.4,0.7372
2005-02-24 18:00:00,18,Thursday,2005-02,3.9,1405.0,17.5,601.0,270.0,1658.0,6.7,74.2,0.7326
2005-02-24 19:00:00,19,Thursday,2005-02,4.0,1375.0,17.7,583.0,260.0,1632.0,6.1,75.8,0.7184
2005-02-24 20:00:00,20,Thursday,2005-02,3.9,1367.0,17.5,551.0,265.0,1628.0,6.3,74.9,0.7187
2005-02-24 21:00:00,21,Thursday,2005-02,3.5,1324.0,14.1,547.0,262.0,1481.0,6.0,78.0,0.7345
2005-02-24 22:00:00,22,Thursday,2005-02,2.4,1170.0,8.4,385.0,227.0,1205.0,5.6,81.2,0.7443
2005-02-24 23:00:00,23,Thursday,2005-02,2.1,1169.0,7.9,318.0,192.0,1106.0,5.5,81.5,0.7393
2005-02-25 00:00:00,0,Friday,2005-02,2.5,1181.0,8.1,356.0,202.0,1106.0,5.3,84.1,0.753
2005-02-25 01:00:00,1,Friday,2005-02,2.1,1146.0,7.1,326.0,189.0,1092.0,5.2,83.9,0.7487
2005-02-25 02:00:00,2,Friday,2005-02,1.5,1059.0,5.2,233.0,157.0,984.0,5.1,83.5,0.7416
2005-02-25 03:00:00,3,Friday,2005-02,1.1,1010.0,3.4,,,889.0,5.0,82.9,0.73
2005-02-25 04:00:00,4,Friday,2005-02,1.0,1007.0,3.4,116.0,97.0,848.0,5.0,82.5,0.7265
2005-02-25 05:00:00,5,Friday,2005-02,0.8,932.0,2.1,120.0,100.0,771.0,5.0,82.8,0.7273
2005-02-25 06:00:00,6,Friday,2005-02,1.0,998.0,4.1,228.0,146.0,895.0,5.2,80.7,0.7219
2005-02-25 07:00:00,7,Friday,2005-02,1.4,1072.0,6.1,303.0,175.0,1003.0,5.3,80.2,0.7179
2005-02-25 08:00:00,8,Friday,2005-02,3.6,1424.0,18.7,,,1442.0,5.7,79.7,0.734
2005-02-25 09:00:00,9,Friday,2005-02,5.8,1527.0,27.9,,,1727.0,6.2,76.8,0.7355
2005-02-25 10:00:00,10,Friday,2005-02,4.2,1364.0,17.8,529.0,190.0,1606.0,8.3,67.4,0.7384
2005-02-25 11:00:00,11,Friday,2005-02,3.3,1190.0,11.8,615.0,166.0,1354.0,10.8,52.1,0.6746
2005-02-25 12:00:00,12,Friday,2005-02,1.7,1021.0,6.6,298.0,153.0,914.0,13.0,40.3,0.6028
2005-02-25 13:00:00,13,Friday,2005-02,2.1,1051.0,8.4,317.0,167.0,913.0,10.9,44.8,0.5849
2005-02-25 14:00:00,14,Friday,2005-02,2.2,1021.0,7.6,305.0,137.0,847.0,11.5,42.1,0.5706
2005-02-25 15:00:00,15,Friday,2005-02,1.8,1016.0,6.7,253.0,140.0,778.0,12.5,38.5,0.5568
2005-02-25 16:00:00,16,Friday,2005-02,2.0,1040.0,7.9,296.0,150.0,835.0,12.6,38.5,0.5586
2005-02-25 17:00:00,17,Friday,2005-02,2.3,1089.0,8.4,293.0,152.0,903.0,12.3,38.4,0.5488
2005-02-25 18:00:00,18,Friday,2005-02,2.8,1148.0,12.1,353.0,177.0,1157.0,10.2,43.1,0.5366
2005-02-25 19:00:00,19,Friday,2005-02,3.4,1162.0,12.6,399.0,189.0,1237.0,8.6,48.2,0.5385
2005-02-25 20:00:00,20,Friday,2005-02,4.0,1197.0,13.6,454.0,195.0,1253.0,7.8,50.8,0.5384
2005-02-25 21:00:00,21,Friday,2005-02,2.3,1059.0,8.1,356.0,179.0,1130.0,7.3,52.8,0.5404
2005-02-25 22:00:00,22,Friday,2005-02,2.7,1207.0,11.2,473.0,188.0,1373.0,6.2,62.4,0.5958
2005-02-25 23:00:00,23,Friday,2005-02,2.7,1188.0,10.1,482.0,170.0,1338.0,5.1,68.2,0.6033
2005-02-26 00:00:00,0,Saturday,2005-02,2.8,1153.0,8.8,443.0,161.0,1268.0,4.7,69.0,0.5936
2005-02-26 01:00:00,1,Saturday,2005-02,2.1,1061.0,6.8,373.0,145.0,1125.0,4.0,69.8,0.5756
2005-02-26 02:00:00,2,Saturday,2005-02,1.9,1028.0,6.4,320.0,136.0,1054.0,3.4,71.3,0.5626
2005-02-26 03:00:00,3,Saturday,2005-02,2.1,1082.0,6.7,,,1090.0,2.8,74.0,0.5591
2005-02-26 04:00:00,4,Saturday,2005-02,1.7,1037.0,5.2,233.0,122.0,1029.0,2.3,75.1,0.5514
2005-02-26 05:00:00,5,Saturday,2005-02,1.3,942.0,3.6,161.0,115.0,882.0,3.8,66.2,0.5359
2005-02-26 06:00:00,6,Saturday,2005-02,0.9,904.0,2.7,137.0,103.0,717.0,4.6,60.5,0.5173
2005-02-26 07:00:00,7,Saturday,2005-02,1.0,855.0,1.9,144.0,108.0,599.0,5.7,54.3,0.5022
2005-02-26 08:00:00,8,Saturday,2005-02,1.0,914.0,3.9,182.0,124.0,687.0,6.2,51.3,0.488
2005-02-26 09:00:00,9,Saturday,2005-02,1.5,933.0,4.1,227.0,133.0,706.0,6.7,49.5,0.4892
2005-02-26 10:00:00,10,Saturday,2005-02,1.5,942.0,3.7,203.0,124.0,682.0,8.8,45.0,0.5114
2005-02-26 11:00:00,11,Saturday,2005-02,1.4,943.0,3.6,179.0,116.0,629.0,9.6,43.5,0.5202
2005-02-26 12:00:00,12,Saturday,2005-02,2.4,959.0,4.1,171.0,113.0,664.0,9.8,43.3,0.5238
2005-02-26 13:00:00,13,Saturday,2005-02,2.8,971.0,4.5,181.0,117.0,664.0,9.9,43.5,0.53
2005-02-26 14:00:00,14,Saturday,2005-02,2.9,954.0,4.5,175.0,118.0,630.0,9.8,44.1,0.5332
2005-02-26 15:00:00,15,Saturday,2005-02,2.6,929.0,2.9,148.0,108.0,524.0,9.7,45.1,0.5417
2005-02-26 16:00:00,16,Saturday,2005-02,2.5,933.0,3.1,132.0,98.0,488.0,9.0,47.3,0.542
2005-02-26 17:00:00,17,Saturday,2005-02,2.7,967.0,3.9,162.0,117.0,609.0,7.4,56.0,0.5797
2005-02-26 18:00:00,18,Saturday,2005-02,2.8,987.0,4.2,185.0,126.0,684.0,6.4,61.7,0.5956
2005-02-26 19:00:00,19,Saturday,2005-02,3.0,1003.0,5.2,234.0,142.0,788.0,6.8,58.0,0.5758
2005-02-26 20:00:00,20,Saturday,2005-02,3.7,1138.0,10.2,275.0,157.0,1030.0,7.3,56.7,0.5806
2005-02-26 21:00:00,21,Saturday,2005-02,3.5,1087.0,8.1,272.0,161.0,1026.0,7.2,56.7,0.579
2005-02-26 22:00:00,22,Saturday,2005-02,3.8,1129.0,8.5,331.0,169.0,1182.0,6.7,59.1,0.5848
2005-02-26 23:00:00,23,Saturday,2005-02,4.3,1191.0,10.7,347.0,166.0,1284.0,5.9,62.1,0.5808
2005-02-27 00:00:00,0,Sunday,2005-02,4.8,1256.0,11.5,488.0,189.0,1371.0,6.3,60.4,0.5811
2005-02-27 01:00:00,1,Sunday,2005-02,4.2,1171.0,9.5,404.0,184.0,1234.0,5.5,60.2,0.5458
2005-02-27 02:00:00,2,Sunday,2005-02,3.3,1016.0,5.3,255.0,145.0,1060.0,4.6,64.4,0.5525
2005-02-27 03:00:00,3,Sunday,2005-02,3.0,1035.0,5.8,,,1038.0,3.5,68.8,0.5458
2005-02-27 04:00:00,4,Sunday,2005-02,,980.0,4.6,174.0,119.0,970.0,2.8,70.9,0.5383
2005-02-27 05:00:00,5,Sunday,2005-02,1.0,901.0,2.7,108.0,87.0,751.0,3.7,65.9,0.5295
2005-02-27 06:00:00,6,Sunday,2005-02,0.9,914.0,3.1,107.0,77.0,742.0,1.6,74.3,0.5168
2005-02-27 07:00:00,7,Sunday,2005-02,1.1,940.0,3.2,188.0,112.0,879.0,1.4,76.3,0.5261
2005-02-27 08:00:00,8,Sunday,2005-02,1.1,935.0,3.6,225.0,118.0,871.0,2.5,69.5,0.5172
2005-02-27 09:00:00,9,Sunday,2005-02,1.2,970.0,3.7,208.0,124.0,890.0,3.7,64.8,0.5208
2005-02-27 10:00:00,10,Sunday,2005-02,1.7,1064.0,6.4,270.0,144.0,1059.0,7.8,49.9,0.5307
2005-02-27 11:00:00,11,Sunday,2005-02,1.6,1023.0,5.2,202.0,128.0,808.0,11.2,37.1,0.4936
2005-02-27 12:00:00,12,Sunday,2005-02,1.4,955.0,3.9,168.0,120.0,616.0,12.6,30.6,0.446
2005-02-27 13:00:00,13,Sunday,2005-02,1.8,943.0,4.1,191.0,131.0,609.0,10.3,32.9,0.4131
2005-02-27 14:00:00,14,Sunday,2005-02,1.1,895.0,2.5,149.0,115.0,471.0,10.0,35.5,0.4346
2005-02-27 15:00:00,15,Sunday,2005-02,0.9,890.0,2.2,101.0,82.0,391.0,8.8,40.0,0.4538
2005-02-27 16:00:00,16,Sunday,2005-02,1.1,904.0,2.3,134.0,100.0,398.0,8.3,40.3,0.4431
2005-02-27 17:00:00,17,Sunday,2005-02,1.1,888.0,2.4,150.0,111.0,419.0,7.9,38.9,0.4141
2005-02-27 18:00:00,18,Sunday,2005-02,1.2,905.0,2.9,188.0,132.0,509.0,6.8,41.0,0.4072
2005-02-27 19:00:00,19,Sunday,2005-02,1.6,974.0,4.9,254.0,155.0,723.0,6.0,42.0,0.3962
2005-02-27 20:00:00,20,Sunday,2005-02,2.6,1048.0,6.8,324.0,181.0,888.0,5.5,43.5,0.3963
2005-02-27 21:00:00,21,Sunday,2005-02,1.5,895.0,3.1,238.0,155.0,596.0,4.6,46.8,0.4001
2005-02-27 22:00:00,22,Sunday,2005-02,1.0,875.0,2.1,128.0,105.0,451.0,4.5,48.0,0.4085
2005-02-27 23:00:00,23,Sunday,2005-02,1.3,943.0,3.9,169.0,119.0,581.0,4.3,48.6,0.4069
2005-02-28 00:00:00,0,Monday,2005-02,1.6,947.0,3.8,215.0,150.0,698.0,4.0,50.0,0.4115
2005-02-28 01:00:00,1,Monday,2005-02,1.0,865.0,1.8,111.0,94.0,423.0,4.0,52.9,0.4338
2005-02-28 02:00:00,2,Monday,2005-02,0.6,823.0,1.0,60.0,56.0,332.0,4.0,51.0,0.42
2005-02-28 03:00:00,3,Monday,2005-02,0.4,798.0,0.6,,,280.0,3.9,48.1,0.393
2005-02-28 04:00:00,4,Monday,2005-02,0.3,781.0,0.4,29.0,28.0,261.0,3.8,48.0,0.3879
2005-02-28 05:00:00,5,Monday,2005-02,0.3,781.0,0.3,25.0,25.0,252.0,3.6,50.3,0.4022
2005-02-28 06:00:00,6,Monday,2005-02,0.3,779.0,0.2,34.0,31.0,257.0,2.8,52.6,0.3972
2005-02-28 07:00:00,7,Monday,2005-02,0.4,817.0,0.7,89.0,66.0,308.0,2.5,52.7,0.3908
2005-02-28 08:00:00,8,Monday,2005-02,1.0,893.0,2.6,212.0,111.0,456.0,2.7,50.5,0.3804
2005-02-28 09:00:00,9,Monday,2005-02,1.2,883.0,3.1,216.0,122.0,527.0,2.7,49.4,0.3714
2005-02-28 10:00:00,10,Monday,2005-02,1.0,839.0,2.3,191.0,115.0,475.0,3.3,45.2,0.354
2005-02-28 11:00:00,11,Monday,2005-02,0.9,809.0,2.0,200.0,123.0,434.0,3.1,43.3,0.3354
2005-02-28 12:00:00,12,Monday,2005-02,0.8,805.0,2.0,164.0,119.0,385.0,3.7,38.8,0.3123
2005-02-28 13:00:00,13,Monday,2005-02,1.1,840.0,3.1,185.0,125.0,435.0,4.0,36.8,0.3016
2005-02-28 14:00:00,14,Monday,2005-02,1.0,812.0,2.9,156.0,110.0,421.0,3.7,35.0,0.2823
2005-02-28 15:00:00,15,Monday,2005-02,0.8,782.0,2.1,155.0,111.0,371.0,3.4,32.4,0.2563
2005-02-28 16:00:00,16,Monday,2005-02,0.9,799.0,2.5,158.0,114.0,382.0,3.3,33.1,0.2592
2005-02-28 17:00:00,17,Monday,2005-02,0.9,812.0,2.8,166.0,114.0,408.0,2.6,35.1,0.2618
2005-02-28 18:00:00,18,Monday,2005-02,2.0,922.0,6.7,268.0,140.0,676.0,2.1,36.6,0.2634
2005-02-28 19:00:00,19,Monday,2005-02,2.4,938.0,8.1,309.0,141.0,798.0,1.6,37.9,0.2645
2005-02-28 20:00:00,20,Monday,2005-02,2.5,939.0,7.4,297.0,142.0,793.0,1.4,38.0,0.2615
2005-02-28 21:00:00,21,Monday,2005-02,1.6,827.0,3.6,225.0,123.0,573.0,1.0,36.6,0.2456
2005-02-28 22:00:00,22,Monday,2005-02,0.9,776.0,1.9,122.0,90.0,402.0,1.1,35.4,0.2382
2005-02-28 23:00:00,23,Monday,2005-02,0.7,755.0,1.4,100.0,79.0,343.0,1.0,34.3,0.2292
2005-03-01 00:00:00,0,Tuesday,2005-03,0.6,766.0,1.2,86.0,69.0,322.0,1.0,37.4,0.2487
2005-03-01 01:00:00,1,Tuesday,2005-03,0.6,762.0,0.9,71.0,60.0,307.0,0.7,41.2,0.2693
2005-03-01 02:00:00,2,Tuesday,2005-03,0.4,736.0,0.6,39.0,37.0,268.0,0.2,40.6,0.2566
2005-03-01 03:00:00,3,Tuesday,2005-03,0.2,715.0,0.2,,,227.0,0.1,40.0,0.2499
2005-03-01 04:00:00,4,Tuesday,2005-03,0.2,716.0,0.2,29.0,27.0,221.0,-0.1,37.5,0.2326
2005-03-01 05:00:00,5,Tuesday,2005-03,0.2,731.0,0.3,32.0,30.0,225.0,-0.3,38.4,0.2347
2005-03-01 06:00:00,6,Tuesday,2005-03,0.2,735.0,0.3,37.0,33.0,232.0,-0.6,40.1,0.2404
2005-03-01 07:00:00,7,Tuesday,2005-03,0.5,779.0,1.0,134.0,84.0,313.0,-0.6,41.4,0.2478
2005-03-01 08:00:00,8,Tuesday,2005-03,1.5,915.0,5.2,358.0,147.0,629.0,-0.2,40.2,0.2478
2005-03-01 09:00:00,9,Tuesday,2005-03,1.9,905.0,6.1,354.0,143.0,790.0,0.6,36.8,0.2388
2005-03-01 10:00:00,10,Tuesday,2005-03,1.4,835.0,3.6,284.0,122.0,630.0,2.8,30.3,0.2294
2005-03-01 11:00:00,11,Tuesday,2005-03,0.9,798.0,2.3,213.0,109.0,472.0,3.1,29.1,0.224
2005-03-01 12:00:00,12,Tuesday,2005-03,0.7,783.0,1.9,174.0,95.0,378.0,3.3,29.2,0.2288
2005-03-01 13:00:00,13,Tuesday,2005-03,0.8,807.0,2.6,157.0,94.0,384.0,3.1,31.0,0.2386
2005-03-01 14:00:00,14,Tuesday,2005-03,1.0,827.0,3.1,178.0,102.0,426.0,3.2,30.8,0.2399
2005-03-01 15:00:00,15,Tuesday,2005-03,0.9,822.0,2.7,187.0,107.0,442.0,3.3,31.5,0.2464
2005-03-01 16:00:00,16,Tuesday,2005-03,1.0,830.0,3.0,198.0,113.0,467.0,4.1,28.6,0.2363
2005-03-01 17:00:00,17,Tuesday,2005-03,0.9,833.0,3.0,186.0,110.0,448.0,3.9,29.2,0.2378
2005-03-01 18:00:00,18,Tuesday,2005-03,1.4,882.0,5.0,203.0,116.0,582.0,1.9,35.0,0.2494
2005-03-01 19:00:00,19,Tuesday,2005-03,2.1,967.0,7.5,313.0,148.0,892.0,1.8,35.4,0.2497
2005-03-01 20:00:00,20,Tuesday,2005-03,2.8,1009.0,9.5,342.0,156.0,1006.0,1.4,36.5,0.2503
2005-03-01 21:00:00,21,Tuesday,2005-03,2.2,911.0,5.3,310.0,159.0,852.0,0.8,36.3,0.2388
2005-03-01 22:00:00,22,Tuesday,2005-03,1.0,808.0,2.4,165.0,116.0,543.0,0.6,34.1,0.221
2005-03-01 23:00:00,23,Tuesday,2005-03,1.1,812.0,2.5,152.0,110.0,529.0,0.3,31.9,0.2031
2005-03-02 00:00:00,0,Wednesday,2005-03,0.9,790.0,2.2,141.0,102.0,465.0,0.2,30.2,0.191
2005-03-02 01:00:00,1,Wednesday,2005-03,0.8,765.0,1.5,122.0,93.0,405.0,0.0,29.7,0.1847
2005-03-02 02:00:00,2,Wednesday,2005-03,0.6,761.0,1.3,79.0,67.0,332.0,-0.1,31.9,0.1975
2005-03-02 03:00:00,3,Wednesday,2005-03,0.5,788.0,0.9,,,420.0,-1.1,41.4,0.2379
2005-03-02 04:00:00,4,Wednesday,2005-03,,790.0,0.7,81.0,75.0,532.0,-1.4,44.9,0.2536
2005-03-02 05:00:00,5,Wednesday,2005-03,0.4,804.0,0.9,77.0,73.0,630.0,-1.3,46.3,0.2635
2005-03-02 06:00:00,6,Wednesday,2005-03,0.5,831.0,1.4,124.0,96.0,768.0,-1.2,47.2,0.27
2005-03-02 07:00:00,7,Wednesday,2005-03,0.7,881.0,3.5,159.0,110.0,866.0,-1.3,47.5,0.2702
2005-03-02 08:00:00,8,Wednesday,2005-03,2.4,1099.0,11.0,396.0,150.0,1254.0,-1.9,51.4,0.2801
2005-03-02 09:00:00,9,Wednesday,2005-03,2.8,1100.0,12.4,479.0,169.0,1347.0,-0.5,45.9,0.2763
2005-03-02 10:00:00,10,Wednesday,2005-03,2.0,1042.0,8.3,438.0,181.0,1216.0,4.6,32.5,0.2783
2005-03-02 11:00:00,11,Wednesday,2005-03,2.2,1026.0,8.9,466.0,187.0,1151.0,7.5,24.3,0.2528
2005-03-02 12:00:00,12,Wednesday,2005-03,1.4,905.0,5.7,288.0,146.0,699.0,9.6,18.8,0.2246
2005-03-02 13:00:00,13,Wednesday,2005-03,1.2,891.0,5.5,205.0,131.0,584.0,9.3,18.4,0.2157
2005-03-02 14:00:00,14,Wednesday,2005-03,1.9,968.0,9.0,311.0,161.0,836.0,9.7,18.6,0.2244
2005-03-02 15:00:00,15,Wednesday,2005-03,1.3,909.0,6.3,246.0,143.0,626.0,10.1,16.7,0.2062
2005-03-02 16:00:00,16,Wednesday,2005-03,2.0,938.0,9.1,356.0,176.0,878.0,11.8,13.5,0.1862
2005-03-02 17:00:00,17,Wednesday,2005-03,2.0,971.0,8.4,397.0,178.0,952.0,11.6,15.3,0.2086
2005-03-02 18:00:00,18,Wednesday,2005-03,3.4,1148.0,17.5,579.0,207.0,1460.0,9.1,19.2,0.2225
2005-03-02 19:00:00,19,Wednesday,2005-03,5.1,1299.0,23.3,819.0,240.0,1855.0,7.2,25.6,0.2611
2005-03-02 20:00:00,20,Wednesday,2005-03,5.3,1315.0,19.0,754.0,236.0,1860.0,6.1,34.0,0.3237
2005-03-02 21:00:00,21,Wednesday,2005-03,2.8,1180.0,11.1,473.0,199.0,1629.0,5.1,36.4,0.323
2005-03-02 22:00:00,22,Wednesday,2005-03,1.6,1070.0,6.2,300.0,170.0,1454.0,4.8,39.6,0.344
2005-03-02 23:00:00,23,Wednesday,2005-03,1.4,1031.0,5.0,235.0,153.0,1348.0,5.0,39.6,0.3479
2005-03-03 00:00:00,0,Thursday,2005-03,1.4,1047.0,5.3,207.0,140.0,1326.0,4.1,41.7,0.3456
2005-03-03 01:00:00,1,Thursday,2005-03,1.4,1030.0,4.2,204.0,138.0,1285.0,4.4,43.3,0.3656
2005-03-03 02:00:00,2,Thursday,2005-03,1.1,986.0,3.5,155.0,117.0,1205.0,3.8,45.9,0.3728
2005-03-03 03:00:00,3,Thursday,2005-03,0.9,992.0,3.0,,,1220.0,3.6,49.7,0.396
2005-03-03 04:00:00,4,Thursday,2005-03,1.0,1076.0,4.1,179.0,119.0,1448.0,3.4,56.3,0.4455
2005-03-03 05:00:00,5,Thursday,2005-03,1.0,1104.0,4.0,143.0,108.0,1433.0,2.9,67.9,0.5183
2005-03-03 06:00:00,6,Thursday,2005-03,1.2,1160.0,5.1,212.0,121.0,1447.0,2.8,74.1,0.5618
2005-03-03 07:00:00,7,Thursday,2005-03,1.4,1217.0,6.7,263.0,136.0,1481.0,2.9,75.6,0.5742
2005-03-03 08:00:00,8,Thursday,2005-03,3.0,1457.0,15.6,648.0,175.0,1785.0,3.8,72.4,0.5867
2005-03-03 09:00:00,9,Thursday,2005-03,4.2,1337.0,17.1,717.0,211.0,1756.0,5.9,50.2,0.4706
2005-03-03 10:00:00,10,Thursday,2005-03,2.1,1111.0,8.8,389.0,186.0,1368.0,7.3,39.4,0.4035
2005-03-03 11:00:00,11,Thursday,2005-03,2.0,1165.0,6.9,438.0,177.0,1197.0,3.6,75.9,0.6055
2005-03-03 12:00:00,12,Thursday,2005-03,1.6,1129.0,5.4,282.0,147.0,1084.0,3.6,78.6,0.6283
2005-03-03 13:00:00,13,Thursday,2005-03,1.4,1092.0,4.9,268.0,150.0,1039.0,5.3,69.2,0.6213
2005-03-03 14:00:00,14,Thursday,2005-03,1.6,1096.0,5.3,248.0,148.0,961.0,6.1,66.0,0.6255
2005-03-03 15:00:00,15,Thursday,2005-03,1.5,1108.0,5.4,272.0,151.0,964.0,6.0,70.1,0.6577
2005-03-03 16:00:00,16,Thursday,2005-03,1.7,1124.0,5.5,291.0,151.0,941.0,6.3,72.1,0.6907
2005-03-03 17:00:00,17,Thursday,2005-03,1.9,1216.0,7.5,363.0,165.0,1111.0,6.3,75.7,0.7252
2005-03-03 18:00:00,18,Thursday,2005-03,3.8,1437.0,16.7,660.0,197.0,1459.0,5.6,80.4,0.7382
2005-03-03 19:00:00,19,Thursday,2005-03,5.4,1473.0,18.2,907.0,228.0,1519.0,4.9,82.4,0.7201
2005-03-03 20:00:00,20,Thursday,2005-03,4.2,1396.0,15.5,639.0,196.0,1412.0,4.3,84.0,0.7051
2005-03-03 21:00:00,21,Thursday,2005-03,3.8,1285.0,10.9,574.0,192.0,1336.0,4.3,83.6,0.7025
2005-03-03 22:00:00,22,Thursday,2005-03,2.3,1206.0,8.7,373.0,161.0,1285.0,4.6,82.5,0.7066
2005-03-03 23:00:00,23,Thursday,2005-03,2.1,1179.0,7.3,330.0,156.0,1240.0,4.4,82.0,0.6938
2005-03-04 00:00:00,0,Friday,2005-03,2.3,1213.0,7.5,336.0,158.0,1282.0,4.3,80.9,0.6791
2005-03-04 01:00:00,1,Friday,2005-03,2.3,1142.0,6.8,347.0,154.0,1189.0,4.1,81.2,0.6721
2005-03-04 02:00:00,2,Friday,2005-03,1.7,1089.0,4.7,241.0,138.0,1117.0,3.9,80.9,0.6613
2005-03-04 03:00:00,3,Friday,2005-03,1.2,982.0,2.5,,,1024.0,4.5,70.6,0.6004
2005-03-04 04:00:00,4,Friday,2005-03,0.6,888.0,1.3,96.0,92.0,744.0,4.5,65.1,0.5547
2005-03-04 05:00:00,5,Friday,2005-03,0.9,979.0,2.2,147.0,103.0,928.0,4.0,75.2,0.6161
2005-03-04 06:00:00,6,Friday,2005-03,1.1,1023.0,3.6,210.0,117.0,1006.0,3.7,76.4,0.6164
2005-03-04 07:00:00,7,Friday,2005-03,1.9,1153.0,7.5,409.0,139.0,1173.0,3.1,77.3,0.5985
2005-03-04 08:00:00,8,Friday,2005-03,3.7,1393.0,16.8,719.0,167.0,1568.0,3.7,74.4,0.5992
2005-03-04 09:00:00,9,Friday,2005-03,6.1,1567.0,28.0,959.0,205.0,1913.0,5.0,69.4,0.6118
2005-03-04 10:00:00,10,Friday,2005-03,4.6,1334.0,15.8,744.0,216.0,1643.0,6.5,60.9,0.5919
2005-03-04 11:00:00,11,Friday,2005-03,3.3,1280.0,15.5,583.0,192.0,1605.0,7.6,59.8,0.6245
2005-03-04 12:00:00,12,Friday,2005-03,3.3,1330.0,14.9,597.0,188.0,1668.0,8.6,57.6,0.6471
2005-03-04 13:00:00,13,Friday,2005-03,3.4,1349.0,16.4,550.0,189.0,1710.0,10.9,52.4,0.6826
2005-03-04 14:00:00,14,Friday,2005-03,3.6,1349.0,15.6,499.0,192.0,1632.0,12.3,48.3,0.6871
2005-03-04 15:00:00,15,Friday,2005-03,3.9,1344.0,16.1,470.0,194.0,1545.0,12.5,43.4,0.6298
2005-03-04 16:00:00,16,Friday,2005-03,4.8,1337.0,16.6,568.0,217.0,1557.0,11.9,42.3,0.5902
2005-03-04 17:00:00,17,Friday,2005-03,3.9,1316.0,15.9,525.0,178.0,1529.0,12.3,41.2,0.5867
2005-03-04 18:00:00,18,Friday,2005-03,3.6,1253.0,13.3,481.0,183.0,1430.0,10.8,48.1,0.6235
2005-03-04 19:00:00,19,Friday,2005-03,3.6,1258.0,14.9,414.0,189.0,1509.0,8.9,52.5,0.5996
2005-03-04 20:00:00,20,Friday,2005-03,4.6,1326.0,18.5,565.0,225.0,1615.0,8.4,54.7,0.6057
2005-03-04 21:00:00,21,Friday,2005-03,2.3,1109.0,7.9,303.0,175.0,1242.0,7.5,58.7,0.6112
2005-03-04 22:00:00,22,Friday,2005-03,1.6,1029.0,5.0,221.0,153.0,1065.0,6.9,60.0,0.5977
2005-03-04 23:00:00,23,Friday,2005-03,1.8,1112.0,6.5,260.0,156.0,1180.0,6.6,61.3,0.5995
2005-03-05 00:00:00,0,Saturday,2005-03,2.2,1100.0,6.0,327.0,172.0,1158.0,6.3,59.8,0.5761
2005-03-05 01:00:00,1,Saturday,2005-03,2.1,1136.0,6.8,344.0,164.0,1216.0,5.4,65.8,0.5935
2005-03-05 02:00:00,2,Saturday,2005-03,1.7,1000.0,4.0,270.0,157.0,971.0,5.8,59.6,0.5523
2005-03-05 03:00:00,3,Saturday,2005-03,1.5,1041.0,4.4,,,1076.0,4.9,62.6,0.5477
2005-03-05 04:00:00,4,Saturday,2005-03,,1009.0,4.0,191.0,136.0,1011.0,4.4,63.9,0.5385
2005-03-05 05:00:00,5,Saturday,2005-03,1.1,975.0,3.5,136.0,110.0,813.0,4.2,62.5,0.5191
2005-03-05 06:00:00,6,Saturday,2005-03,1.1,993.0,4.3,194.0,128.0,1001.0,3.1,68.6,0.5302
2005-03-05 07:00:00,7,Saturday,2005-03,0.8,872.0,2.0,168.0,132.0,655.0,4.6,54.6,0.4682
2005-03-05 08:00:00,8,Saturday,2005-03,1.3,1017.0,6.1,254.0,156.0,933.0,5.0,54.5,0.4788
2005-03-05 09:00:00,9,Saturday,2005-03,2.3,1070.0,8.7,410.0,185.0,1088.0,7.0,48.1,0.4847
2005-03-05 10:00:00,10,Saturday,2005-03,1.1,915.0,3.1,166.0,121.0,562.0,10.0,37.7,0.4643
2005-03-05 11:00:00,11,Saturday,2005-03,1.1,978.0,5.2,162.0,117.0,586.0,13.0,30.3,0.452
2005-03-05 12:00:00,12,Saturday,2005-03,1.5,968.0,5.3,188.0,133.0,617.0,14.0,28.1,0.4476
2005-03-05 13:00:00,13,Saturday,2005-03,1.6,1008.0,6.7,199.0,136.0,705.0,13.3,28.9,0.4399
2005-03-05 14:00:00,14,Saturday,2005-03,2.2,1025.0,8.3,272.0,162.0,814.0,13.4,29.0,0.4436
2005-03-05 15:00:00,15,Saturday,2005-03,1.5,983.0,5.9,180.0,132.0,615.0,13.5,28.3,0.4374
2005-03-05 16:00:00,16,Saturday,2005-03,1.8,1018.0,7.3,255.0,162.0,804.0,13.0,29.7,0.442
2005-03-05 17:00:00,17,Saturday,2005-03,2.0,1101.0,8.4,251.0,159.0,861.0,11.6,38.7,0.5271
2005-03-05 18:00:00,18,Saturday,2005-03,1.9,1116.0,7.7,258.0,156.0,980.0,8.6,56.3,0.6312
2005-03-05 19:00:00,19,Saturday,2005-03,2.5,1161.0,9.1,344.0,177.0,1077.0,8.5,57.9,0.6435
2005-03-05 20:00:00,20,Saturday,2005-03,2.6,1212.0,10.9,380.0,185.0,1214.0,7.8,63.4,0.6735
2005-03-05 21:00:00,21,Saturday,2005-03,3.2,1225.0,10.2,464.0,199.0,1169.0,7.2,69.5,0.7084
2005-03-05 22:00:00,22,Saturday,2005-03,2.2,1154.0,7.8,304.0,166.0,1079.0,6.5,74.7,0.7248
2005-03-05 23:00:00,23,Saturday,2005-03,1.9,1140.0,7.0,258.0,152.0,1147.0,6.5,73.9,0.7224
2005-03-06 00:00:00,0,Sunday,2005-03,2.4,1201.0,9.2,358.0,170.0,1260.0,6.8,72.1,0.7143
2005-03-06 01:00:00,1,Sunday,2005-03,1.8,1011.0,4.6,278.0,160.0,929.0,7.0,60.0,0.6055
2005-03-06 02:00:00,2,Sunday,2005-03,0.9,867.0,2.1,116.0,100.0,465.0,7.2,47.8,0.487
2005-03-06 03:00:00,3,Sunday,2005-03,0.8,856.0,1.5,,,398.0,7.2,47.3,0.483
2005-03-06 04:00:00,4,Sunday,2005-03,0.7,859.0,1.3,60.0,57.0,342.0,6.8,52.9,0.5245
2005-03-06 05:00:00,5,Sunday,2005-03,0.6,859.0,0.8,51.0,48.0,313.0,5.8,65.0,0.6029
2005-03-06 06:00:00,6,Sunday,2005-03,0.5,842.0,0.6,33.0,32.0,292.0,5.8,59.4,0.5502
2005-03-06 07:00:00,7,Sunday,2005-03,0.6,856.0,1.1,80.0,72.0,367.0,5.5,58.3,0.529
2005-03-06 08:00:00,8,Sunday,2005-03,0.6,867.0,1.0,103.0,86.0,387.0,5.9,54.8,0.5119
2005-03-06 09:00:00,9,Sunday,2005-03,0.7,877.0,1.5,93.0,79.0,399.0,7.3,48.7,0.5007
2005-03-06 10:00:00,10,Sunday,2005-03,0.7,869.0,1.4,108.0,87.0,376.0,9.4,39.9,0.4707
2005-03-06 11:00:00,11,Sunday,2005-03,0.9,900.0,2.0,107.0,85.0,377.0,11.2,33.8,0.449
2005-03-06 12:00:00,12,Sunday,2005-03,1.0,899.0,2.3,122.0,97.0,379.0,12.3,29.9,0.4255
2005-03-06 13:00:00,13,Sunday,2005-03,1.0,895.0,2.6,122.0,96.0,387.0,14.8,23.7,0.3945
2005-03-06 14:00:00,14,Sunday,2005-03,1.4,992.0,6.7,156.0,113.0,552.0,13.1,26.6,0.399
2005-03-06 15:00:00,15,Sunday,2005-03,3.0,1104.0,13.3,246.0,163.0,930.0,13.3,25.7,0.3914
2005-03-06 16:00:00,16,Sunday,2005-03,1.5,933.0,4.0,205.0,146.0,554.0,12.0,27.7,0.3885
2005-03-06 17:00:00,17,Sunday,2005-03,1.7,973.0,5.3,257.0,167.0,723.0,11.5,30.1,0.4067
2005-03-06 18:00:00,18,Sunday,2005-03,2.3,1069.0,8.6,228.0,162.0,875.0,10.1,33.2,0.4115
2005-03-06 19:00:00,19,Sunday,2005-03,2.5,1055.0,6.2,321.0,194.0,949.0,8.6,38.1,0.4282
2005-03-06 20:00:00,20,Sunday,2005-03,2.1,1032.0,5.3,270.0,185.0,869.0,8.0,41.2,0.4433
2005-03-06 21:00:00,21,Sunday,2005-03,1.5,982.0,4.1,203.0,158.0,747.0,7.5,43.8,0.4551
2005-03-06 22:00:00,22,Sunday,2005-03,1.4,968.0,3.5,201.0,156.0,740.0,6.8,46.9,0.465
2005-03-06 23:00:00,23,Sunday,2005-03,1.4,979.0,4.1,207.0,157.0,807.0,6.1,46.3,0.4394
2005-03-07 00:00:00,0,Monday,2005-03,1.4,935.0,3.2,180.0,141.0,653.0,5.6,45.5,0.4187
2005-03-07 01:00:00,1,Monday,2005-03,1.2,942.0,3.2,140.0,116.0,553.0,5.4,48.8,0.4393
2005-03-07 02:00:00,2,Monday,2005-03,0.9,883.0,1.7,93.0,84.0,412.0,5.1,51.2,0.4534
2005-03-07 03:00:00,3,Monday,2005-03,0.6,841.0,0.7,,,289.0,5.3,51.0,0.4563
2005-03-07 04:00:00,4,Monday,2005-03,0.4,843.0,0.5,35.0,34.0,262.0,5.2,57.2,0.5094
2005-03-07 05:00:00,5,Monday,2005-03,0.4,872.0,0.6,47.0,45.0,288.0,4.5,63.1,0.5381
2005-03-07 06:00:00,6,Monday,2005-03,0.5,862.0,0.8,68.0,59.0,310.0,5.2,54.5,0.486
2005-03-07 07:00:00,7,Monday,2005-03,0.7,917.0,1.7,131.0,99.0,418.0,5.6,51.3,0.4712
2005-03-07 08:00:00,8,Monday,2005-03,1.5,1022.0,5.2,289.0,165.0,769.0,5.9,45.4,0.4244
2005-03-07 09:00:00,9,Monday,2005-03,1.9,1022.0,6.6,322.0,168.0,881.0,6.9,41.3,0.4145
2005-03-07 10:00:00,10,Monday,2005-03,1.6,961.0,5.5,330.0,169.0,816.0,8.6,34.2,0.3834
2005-03-07 11:00:00,11,Monday,2005-03,1.4,912.0,4.4,339.0,162.0,684.0,9.6,27.7,0.3308
2005-03-07 12:00:00,12,Monday,2005-03,1.3,896.0,4.4,316.0,155.0,627.0,10.6,25.3,0.3224
2005-03-07 13:00:00,13,Monday,2005-03,1.3,890.0,4.3,218.0,136.0,523.0,10.2,25.6,0.3181
2005-03-07 14:00:00,14,Monday,2005-03,1.2,891.0,4.5,177.0,124.0,502.0,10.0,25.2,0.3079
2005-03-07 15:00:00,15,Monday,2005-03,1.3,894.0,4.5,278.0,158.0,604.0,9.7,25.7,0.3088
2005-03-07 16:00:00,16,Monday,2005-03,1.4,907.0,4.8,313.0,167.0,682.0,9.7,26.8,0.3226
2005-03-07 17:00:00,17,Monday,2005-03,1.7,973.0,6.3,351.0,176.0,846.0,9.4,27.3,0.3216
2005-03-07 18:00:00,18,Monday,2005-03,2.5,1035.0,9.6,374.0,204.0,1027.0,7.9,28.0,0.2999
2005-03-07 19:00:00,19,Monday,2005-03,3.8,1146.0,15.0,431.0,209.0,1315.0,6.9,30.7,0.3066
2005-03-07 20:00:00,20,Monday,2005-03,4.2,1176.0,15.4,468.0,224.0,1363.0,6.1,33.3,0.3152
2005-03-07 21:00:00,21,Monday,2005-03,2.8,1057.0,8.9,368.0,211.0,1236.0,5.0,37.4,0.329
2005-03-07 22:00:00,22,Monday,2005-03,1.5,974.0,5.0,239.0,174.0,1076.0,4.2,40.9,0.3417
2005-03-07 23:00:00,23,Monday,2005-03,1.8,1044.0,6.5,292.0,181.0,1200.0,3.9,43.5,0.3538
2005-03-08 00:00:00,0,Tuesday,2005-03,1.5,988.0,4.4,205.0,157.0,1081.0,3.0,47.7,0.3658
2005-03-08 01:00:00,1,Tuesday,2005-03,1.5,1016.0,5.3,255.0,154.0,1174.0,2.5,52.1,0.3855
2005-03-08 02:00:00,2,Tuesday,2005-03,1.2,929.0,3.1,220.0,147.0,1033.0,2.0,53.5,0.3831
2005-03-08 03:00:00,3,Tuesday,2005-03,0.8,876.0,1.9,,,900.0,1.0,56.7,0.3803
2005-03-08 04:00:00,4,Tuesday,2005-03,,872.0,1.7,114.0,101.0,853.0,0.5,59.4,0.3841
2005-03-08 05:00:00,5,Tuesday,2005-03,0.7,888.0,1.9,153.0,114.0,886.0,1.4,56.8,0.3903
2005-03-08 06:00:00,6,Tuesday,2005-03,0.7,927.0,2.8,224.0,134.0,949.0,0.9,58.4,0.388
2005-03-08 07:00:00,7,Tuesday,2005-03,1.3,991.0,5.5,295.0,144.0,1037.0,0.3,61.0,0.3881
2005-03-08 08:00:00,8,Tuesday,2005-03,3.4,1317.0,18.3,667.0,182.0,1571.0,0.9,59.1,0.3913
2005-03-08 09:00:00,9,Tuesday,2005-03,5.5,1402.0,26.3,867.0,223.0,1885.0,4.1,47.9,0.3959
2005-03-08 10:00:00,10,Tuesday,2005-03,4.1,1222.0,16.3,666.0,219.0,1683.0,7.7,34.6,0.3652
2005-03-08 11:00:00,11,Tuesday,2005-03,3.0,1109.0,12.3,595.0,215.0,1412.0,10.9,25.7,0.3341
2005-03-08 12:00:00,12,Tuesday,2005-03,1.9,959.0,7.4,421.0,191.0,1006.0,13.7,17.4,0.2715
2005-03-08 13:00:00,13,Tuesday,2005-03,1.8,964.0,8.1,292.0,162.0,855.0,14.0,16.8,0.2672
2005-03-08 14:00:00,14,Tuesday,2005-03,2.1,1006.0,10.8,308.0,165.0,964.0,14.1,17.0,0.2729
2005-03-08 15:00:00,15,Tuesday,2005-03,2.3,1002.0,9.7,347.0,171.0,886.0,15.0,15.8,0.2678
2005-03-08 16:00:00,16,Tuesday,2005-03,2.3,997.0,9.9,377.0,164.0,947.0,16.5,14.9,0.2775
2005-03-08 17:00:00,17,Tuesday,2005-03,2.0,1019.0,9.6,325.0,168.0,984.0,15.8,16.7,0.2972
2005-03-08 18:00:00,18,Tuesday,2005-03,3.1,1192.0,16.5,508.0,204.0,1450.0,13.2,23.9,0.3597
2005-03-08 19:00:00,19,Tuesday,2005-03,5.1,1399.0,23.4,768.0,242.0,1837.0,11.0,33.8,0.4436
2005-03-08 20:00:00,20,Tuesday,2005-03,5.9,1419.0,24.2,764.0,246.0,1899.0,9.5,39.0,0.4644
2005-03-08 21:00:00,21,Tuesday,2005-03,3.2,1250.0,13.3,500.0,215.0,1629.0,8.5,42.4,0.4716
2005-03-08 22:00:00,22,Tuesday,2005-03,2.4,1156.0,8.4,463.0,206.0,1490.0,7.5,44.0,0.4564
2005-03-08 23:00:00,23,Tuesday,2005-03,1.4,1064.0,5.4,258.0,167.0,1319.0,6.6,46.0,0.4505
2005-03-09 00:00:00,0,Wednesday,2005-03,1.4,1066.0,5.2,214.0,145.0,1247.0,5.5,49.6,0.4526
2005-03-09 01:00:00,1,Wednesday,2005-03,1.3,1031.0,4.6,191.0,133.0,1144.0,4.9,52.2,0.4567
2005-03-09 02:00:00,2,Wednesday,2005-03,1.0,973.0,3.2,154.0,117.0,1014.0,4.6,53.5,0.4584
2005-03-09 03:00:00,3,Wednesday,2005-03,0.8,937.0,2.2,,,885.0,4.7,53.1,0.4589
2005-03-09 04:00:00,4,Wednesday,2005-03,0.8,930.0,2.5,113.0,90.0,875.0,3.8,56.8,0.4614
2005-03-09 05:00:00,5,Wednesday,2005-03,0.9,949.0,2.8,167.0,112.0,971.0,2.3,63.5,0.463
2005-03-09 06:00:00,6,Wednesday,2005-03,0.9,979.0,3.9,235.0,120.0,1048.0,2.0,64.9,0.4657
2005-03-09 07:00:00,7,Wednesday,2005-03,1.7,1094.0,7.2,372.0,141.0,1223.0,2.0,65.3,0.4688
2005-03-09 08:00:00,8,Wednesday,2005-03,4.3,1450.0,20.9,877.0,190.0,1756.0,3.3,61.6,0.4829
2005-03-09 09:00:00,9,Wednesday,2005-03,6.0,1508.0,27.0,900.0,215.0,2014.0,5.7,52.5,0.4851
2005-03-09 10:00:00,10,Wednesday,2005-03,3.8,1374.0,18.5,733.0,215.0,1855.0,8.3,43.5,0.4774
2005-03-09 11:00:00,11,Wednesday,2005-03,3.3,1308.0,14.0,691.0,235.0,1795.0,10.5,38.9,0.4926
2005-03-09 12:00:00,12,Wednesday,2005-03,2.3,1249.0,10.5,457.0,194.0,1575.0,14.5,33.4,0.5488
2005-03-09 13:00:00,13,Wednesday,2005-03,2.4,1282.0,11.2,369.0,159.0,1461.0,15.7,34.6,0.6147
2005-03-09 14:00:00,14,Wednesday,2005-03,2.2,1253.0,10.3,285.0,123.0,1314.0,16.1,36.3,0.6593
2005-03-09 15:00:00,15,Wednesday,2005-03,1.9,1222.0,8.6,279.0,121.0,1147.0,17.3,34.5,0.6728
2005-03-09 16:00:00,16,Wednesday,2005-03,1.7,1201.0,7.6,198.0,102.0,948.0,17.6,34.1,0.6781
2005-03-09 17:00:00,17,Wednesday,2005-03,1.9,1238.0,10.2,229.0,114.0,1252.0,18.0,33.1,0.6779
2005-03-09 18:00:00,18,Wednesday,2005-03,3.8,1434.0,17.8,477.0,168.0,1676.0,14.6,41.0,0.6792
2005-03-09 19:00:00,19,Wednesday,2005-03,5.3,1573.0,25.3,679.0,207.0,2056.0,12.8,46.2,0.6794
2005-03-09 20:00:00,20,Wednesday,2005-03,5.9,1552.0,24.4,682.0,199.0,2088.0,11.5,53.9,0.7312
2005-03-09 21:00:00,21,Wednesday,2005-03,5.5,1510.0,20.0,679.0,192.0,1945.0,10.6,58.8,0.7512
2005-03-09 22:00:00,22,Wednesday,2005-03,2.0,1165.0,7.3,298.0,148.0,1482.0,9.7,60.0,0.7238
2005-03-09 23:00:00,23,Wednesday,2005-03,1.8,1177.0,6.6,265.0,137.0,1448.0,8.3,64.2,0.7071
2005-03-10 00:00:00,0,Thursday,2005-03,1.6,1135.0,5.7,196.0,123.0,1304.0,7.8,65.5,0.6961
2005-03-10 01:00:00,1,Thursday,2005-03,1.3,1070.0,4.5,155.0,109.0,1186.0,7.5,65.9,0.6868
2005-03-10 02:00:00,2,Thursday,2005-03,1.1,1034.0,4.1,131.0,98.0,1051.0,6.1,72.1,0.6847
2005-03-10 03:00:00,3,Thursday,2005-03,1.1,1014.0,4.4,,,1038.0,4.6,78.2,0.6684
2005-03-10 04:00:00,4,Thursday,2005-03,1.0,988.0,3.3,165.0,94.0,969.0,4.0,80.9,0.667
2005-03-10 05:00:00,5,Thursday,2005-03,0.8,975.0,3.3,169.0,95.0,951.0,4.2,79.1,0.6611
2005-03-10 06:00:00,6,Thursday,2005-03,0.9,984.0,3.5,224.0,101.0,970.0,5.3,73.2,0.6577
2005-03-10 07:00:00,7,Thursday,2005-03,1.3,1092.0,6.4,249.0,100.0,1090.0,4.3,76.1,0.6395
2005-03-10 08:00:00,8,Thursday,2005-03,4.1,1454.0,20.1,863.0,150.0,1673.0,4.8,74.6,0.647
2005-03-10 09:00:00,9,Thursday,2005-03,3.9,1446.0,21.2,665.0,168.0,1833.0,7.5,64.5,0.6702
2005-03-10 10:00:00,10,Thursday,2005-03,3.5,1316.0,13.7,670.0,199.0,1828.0,11.7,49.3,0.6772
2005-03-10 11:00:00,11,Thursday,2005-03,2.7,1283.0,11.7,500.0,168.0,1724.0,14.7,41.2,0.6857
2005-03-10 12:00:00,12,Thursday,2005-03,2.3,1223.0,10.6,428.0,161.0,1547.0,17.4,33.2,0.6535
2005-03-10 13:00:00,13,Thursday,2005-03,2.3,1176.0,9.8,,,1300.0,18.8,26.2,0.5637
2005-03-10 14:00:00,14,Thursday,2005-03,2.1,1041.0,9.1,306.0,145.0,1000.0,19.1,18.1,0.3955
2005-03-10 15:00:00,15,Thursday,2005-03,2.2,1008.0,9.2,334.0,148.0,942.0,19.5,15.3,0.3431
2005-03-10 16:00:00,16,Thursday,2005-03,1.8,962.0,5.9,268.0,131.0,745.0,20.2,14.4,0.337
2005-03-10 17:00:00,17,Thursday,2005-03,1.9,1048.0,8.6,284.0,137.0,941.0,19.8,16.0,0.3632
2005-03-10 18:00:00,18,Thursday,2005-03,2.7,1145.0,12.7,393.0,163.0,1232.0,16.5,21.6,0.4012
2005-03-10 19:00:00,19,Thursday,2005-03,4.7,1198.0,19.8,603.0,219.0,1527.0,14.5,18.3,0.2996
2005-03-10 20:00:00,20,Thursday,2005-03,5.4,1319.0,23.8,757.0,245.0,1746.0,12.8,22.8,0.3364
2005-03-10 21:00:00,21,Thursday,2005-03,4.2,1274.0,14.6,684.0,229.0,1741.0,11.5,35.9,0.4862
2005-03-10 22:00:00,22,Thursday,2005-03,2.1,1085.0,7.6,426.0,184.0,1433.0,9.5,34.6,0.411
2005-03-10 23:00:00,23,Thursday,2005-03,1.4,1017.0,4.9,254.0,151.0,1235.0,8.3,38.2,0.4203
2005-03-11 00:00:00,0,Friday,2005-03,1.4,1039.0,5.2,227.0,133.0,1173.0,7.7,41.7,0.4387
2005-03-11 01:00:00,1,Friday,2005-03,1.4,1027.0,4.8,221.0,135.0,1171.0,6.8,44.9,0.4472
2005-03-11 02:00:00,2,Friday,2005-03,1.0,952.0,3.2,155.0,111.0,1024.0,5.7,49.4,0.4551
2005-03-11 03:00:00,3,Friday,2005-03,0.8,930.0,2.4,120.0,90.0,928.0,5.7,50.1,0.4629
2005-03-11 04:00:00,4,Friday,2005-03,,942.0,3.2,134.0,91.0,956.0,4.4,56.4,0.4761
2005-03-11 05:00:00,5,Friday,2005-03,0.7,897.0,2.1,128.0,89.0,871.0,4.9,55.2,0.4807
2005-03-11 06:00:00,6,Friday,2005-03,0.6,928.0,2.7,148.0,89.0,884.0,4.5,56.3,0.48
2005-03-11 07:00:00,7,Friday,2005-03,0.2,987.0,4.5,233.0,117.0,1010.0,3.8,59.7,0.4839
2005-03-11 08:00:00,8,Friday,2005-03,1.5,1272.0,13.8,470.0,141.0,1416.0,4.3,58.6,0.4915
2005-03-11 09:00:00,9,Friday,2005-03,3.5,1452.0,22.7,679.0,189.0,1817.0,7.1,50.0,0.5067
2005-03-11 10:00:00,10,Friday,2005-03,3.0,1415.0,19.3,796.0,211.0,1870.0,11.1,38.4,0.5066
2005-03-11 11:00:00,11,Friday,2005-03,3.0,,,812.0,235.0,,,,
2005-03-11 12:00:00,12,Friday,2005-03,1.0,1203.0,9.3,339.0,162.0,1305.0,17.2,30.6,0.5949
2005-03-11 13:00:00,13,Friday,2005-03,1.5,1258.0,12.1,354.0,172.0,1205.0,17.8,33.3,0.6741
2005-03-11 14:00:00,14,Friday,2005-03,2.2,1328.0,14.2,466.0,182.0,1339.0,18.8,31.8,0.6853
2005-03-11 15:00:00,15,Friday,2005-03,1.7,1260.0,12.3,417.0,180.0,1161.0,19.3,29.9,0.6604
2005-03-11 16:00:00,16,Friday,2005-03,1.1,1201.0,10.2,289.0,156.0,996.0,18.8,31.5,0.6752
2005-03-11 17:00:00,17,Friday,2005-03,1.3,1161.0,10.4,324.0,168.0,906.0,18.2,28.1,0.5817
2005-03-11 18:00:00,18,Friday,2005-03,1.5,1254.0,13.9,376.0,181.0,1161.0,16.0,35.3,0.6356
2005-03-11 19:00:00,19,Friday,2005-03,3.4,1452.0,23.1,619.0,226.0,1695.0,13.8,43.6,0.6825
2005-03-11 20:00:00,20,Friday,2005-03,3.8,1438.0,22.8,689.0,231.0,1705.0,12.9,48.8,0.725
2005-03-11 21:00:00,21,Friday,2005-03,2.8,1273.0,13.4,582.0,222.0,1379.0,12.8,49.3,0.7277
2005-03-11 22:00:00,22,Friday,2005-03,0.8,1096.0,6.8,287.0,165.0,943.0,12.2,50.9,0.7202
2005-03-11 23:00:00,23,Friday,2005-03,0.5,1151.0,6.0,238.0,151.0,1073.0,10.6,55.9,0.7138
2005-03-12 00:00:00,0,Saturday,2005-03,1.0,1189.0,5.7,312.0,174.0,1213.0,10.3,55.9,0.7014
2005-03-12 01:00:00,1,Saturday,2005-03,0.4,1078.0,3.9,231.0,145.0,898.0,10.2,55.8,0.6927
2005-03-12 02:00:00,2,Saturday,2005-03,0.4,1152.0,4.9,234.0,147.0,1094.0,10.0,57.3,0.7015
2005-03-12 03:00:00,3,Saturday,2005-03,0.3,1128.0,4.5,195.0,134.0,1064.0,10.2,57.9,0.7191
2005-03-12 04:00:00,4,Saturday,2005-03,,1015.0,2.3,113.0,85.0,655.0,10.3,59.4,0.7459
2005-03-12 05:00:00,5,Saturday,2005-03,,979.0,1.5,73.0,55.0,470.0,9.8,68.9,0.8329
2005-03-12 06:00:00,6,Saturday,2005-03,,972.0,1.5,103.0,65.0,443.0,9.2,75.3,0.8764
2005-03-12 07:00:00,7,Saturday,2005-03,,992.0,1.8,121.0,84.0,547.0,9.4,73.1,0.8621
2005-03-12 08:00:00,8,Saturday,2005-03,0.1,1053.0,3.3,132.0,88.0,570.0,10.6,66.1,0.8444
2005-03-12 09:00:00,9,Saturday,2005-03,0.2,1140.0,5.8,178.0,109.0,782.0,12.6,58.5,0.8517
2005-03-12 10:00:00,10,Saturday,2005-03,0.6,1136.0,6.2,218.0,130.0,744.0,15.0,48.6,0.8253
2005-03-12 11:00:00,11,Saturday,2005-03,0.7,1180.0,6.7,246.0,137.0,791.0,14.2,51.5,0.8313
2005-03-12 12:00:00,12,Saturday,2005-03,0.6,1131.0,5.6,252.0,145.0,749.0,15.1,48.6,0.8266
2005-03-12 13:00:00,13,Saturday,2005-03,0.3,1083.0,5.8,208.0,128.0,615.0,18.0,35.4,0.7233
2005-03-12 14:00:00,14,Saturday,2005-03,0.5,1120.0,7.0,219.0,129.0,681.0,17.9,35.3,0.7184
2005-03-12 15:00:00,15,Saturday,2005-03,0.2,1038.0,3.8,160.0,105.0,515.0,17.7,35.0,0.7014
2005-03-12 16:00:00,16,Saturday,2005-03,0.4,1096.0,5.5,191.0,114.0,583.0,17.6,35.5,0.7065
2005-03-12 17:00:00,17,Saturday,2005-03,0.7,1126.0,7.6,270.0,146.0,728.0,17.5,34.1,0.6775
2005-03-12 18:00:00,18,Saturday,2005-03,0.9,1153.0,8.3,285.0,156.0,827.0,15.6,40.0,0.7018
2005-03-12 19:00:00,19,Saturday,2005-03,0.8,1177.0,7.5,289.0,152.0,844.0,14.0,47.8,0.7582
2005-03-12 20:00:00,20,Saturday,2005-03,2.4,1383.0,14.1,550.0,201.0,1310.0,13.2,51.4,0.776
2005-03-12 21:00:00,21,Saturday,2005-03,3.3,1363.0,12.4,679.0,221.0,1353.0,12.0,56.1,0.7832
2005-03-12 22:00:00,22,Saturday,2005-03,0.9,1087.0,5.8,314.0,157.0,907.0,11.6,54.7,0.7454
2005-03-12 23:00:00,23,Saturday,2005-03,0.1,1028.0,3.9,166.0,114.0,646.0,12.0,53.3,0.7472
2005-03-13 00:00:00,0,Sunday,2005-03,0.1,1017.0,2.8,157.0,107.0,482.0,12.5,55.4,0.7999
2005-03-13 01:00:00,1,Sunday,2005-03,0.1,1050.0,3.1,173.0,113.0,526.0,12.3,56.0,0.7958
2005-03-13 02:00:00,2,Sunday,2005-03,0.2,1023.0,3.3,184.0,118.0,595.0,12.4,53.4,0.7669
2005-03-13 03:00:00,3,Sunday,2005-03,,940.0,2.0,93.0,69.0,416.0,12.7,51.8,0.7574
2005-03-13 04:00:00,4,Sunday,2005-03,,963.0,2.5,85.0,63.0,398.0,13.2,49.7,0.7503
2005-03-13 05:00:00,5,Sunday,2005-03,,971.0,2.0,79.0,61.0,394.0,12.3,55.9,0.7966
2005-03-13 06:00:00,6,Sunday,2005-03,,887.0,0.9,55.0,42.0,312.0,13.3,50.1,0.7624
2005-03-13 07:00:00,7,Sunday,2005-03,,944.0,1.6,98.0,68.0,381.0,12.3,51.8,0.7384
2005-03-13 08:00:00,8,Sunday,2005-03,,970.0,2.1,190.0,120.0,509.0,12.9,50.4,0.7448
2005-03-13 09:00:00,9,Sunday,2005-03,0.1,1034.0,3.0,166.0,112.0,601.0,12.9,49.9,0.7406
2005-03-13 10:00:00,10,Sunday,2005-03,0.3,1160.0,5.0,260.0,148.0,962.0,13.9,47.3,0.7479
2005-03-13 11:00:00,11,Sunday,2005-03,1.0,1283.0,7.7,362.0,160.0,1231.0,13.5,51.6,0.7931
2005-03-13 12:00:00,12,Sunday,2005-03,1.6,1387.0,10.1,415.0,164.0,1396.0,13.2,56.2,0.8499
2005-03-13 13:00:00,13,Sunday,2005-03,1.4,1325.0,8.5,358.0,159.0,1297.0,14.2,57.8,0.9292
2005-03-13 14:00:00,14,Sunday,2005-03,0.3,1057.0,2.8,170.0,110.0,616.0,17.2,46.2,0.8989
2005-03-13 15:00:00,15,Sunday,2005-03,0.1,1078.0,3.3,130.0,82.0,509.0,19.9,36.6,0.8406
2005-03-13 16:00:00,16,Sunday,2005-03,0.3,1159.0,5.0,177.0,102.0,590.0,19.7,37.1,0.8399
2005-03-13 17:00:00,17,Sunday,2005-03,0.5,1195.0,5.6,233.0,119.0,718.0,19.0,37.4,0.8122
2005-03-13 18:00:00,18,Sunday,2005-03,0.8,1217.0,7.1,282.0,135.0,898.0,16.4,43.5,0.8055
2005-03-13 19:00:00,19,Sunday,2005-03,3.2,1542.0,16.7,583.0,215.0,1577.0,15.1,49.8,0.8458
2005-03-13 20:00:00,20,Sunday,2005-03,2.8,1407.0,12.5,566.0,211.0,1560.0,14.8,51.0,0.8507
2005-03-13 21:00:00,21,Sunday,2005-03,1.0,1189.0,6.6,323.0,172.0,1208.0,14.6,51.6,0.8508
2005-03-13 22:00:00,22,Sunday,2005-03,0.9,1208.0,8.3,318.0,166.0,1244.0,13.7,52.1,0.8121
2005-03-13 23:00:00,23,Sunday,2005-03,0.9,1207.0,7.1,336.0,168.0,1181.0,13.2,55.6,0.8412
2005-03-14 00:00:00,0,Monday,2005-03,0.4,1056.0,3.8,196.0,134.0,828.0,13.2,55.9,0.8465
2005-03-14 01:00:00,1,Monday,2005-03,0.4,1128.0,5.2,193.0,122.0,923.0,11.7,62.1,0.8535
2005-03-14 02:00:00,2,Monday,2005-03,0.3,1119.0,5.3,192.0,123.0,1096.0,9.9,68.9,0.8388
2005-03-14 03:00:00,3,Monday,2005-03,0.1,1077.0,3.8,147.0,104.0,1106.0,9.8,68.0,0.8227
2005-03-14 04:00:00,4,Monday,2005-03,,1036.0,2.8,122.0,90.0,976.0,8.9,71.9,0.8202
2005-03-14 05:00:00,5,Monday,2005-03,0.8,1016.0,2.9,117.0,85.0,937.0,8.4,74.5,0.8241
2005-03-14 06:00:00,6,Monday,2005-03,1.0,1103.0,4.4,201.0,103.0,1049.0,9.2,71.0,0.8299
2005-03-14 07:00:00,7,Monday,2005-03,1.6,1176.0,7.5,318.0,127.0,1180.0,9.9,67.6,0.8239
2005-03-14 08:00:00,8,Monday,2005-03,3.5,1430.0,15.7,658.0,163.0,1514.0,10.8,64.4,0.8328
2005-03-14 09:00:00,9,Monday,2005-03,4.0,1572.0,22.9,680.0,155.0,1771.0,11.7,61.7,0.8483
2005-03-14 10:00:00,10,Monday,2005-03,3.5,1243.0,10.8,497.0,170.0,1395.0,13.7,51.9,0.8106
2005-03-14 11:00:00,11,Monday,2005-03,1.6,1101.0,6.1,290.0,141.0,1024.0,16.3,43.5,0.7988
2005-03-14 12:00:00,12,Monday,2005-03,1.5,1103.0,7.0,230.0,123.0,946.0,17.9,38.8,0.7883
2005-03-14 13:00:00,13,Monday,2005-03,1.5,1116.0,7.1,215.0,124.0,864.0,19.3,35.5,0.7876
2005-03-14 14:00:00,14,Monday,2005-03,1.7,1141.0,8.1,226.0,126.0,889.0,20.1,32.9,0.7672
2005-03-14 15:00:00,15,Monday,2005-03,1.6,1151.0,7.7,240.0,128.0,903.0,20.0,33.0,0.7625
2005-03-14 16:00:00,16,Monday,2005-03,2.4,1263.0,10.8,391.0,158.0,1121.0,20.2,32.2,0.7526
2005-03-14 17:00:00,17,Monday,2005-03,3.4,1324.0,14.4,492.0,177.0,1319.0,18.9,34.4,0.7436
2005-03-14 18:00:00,18,Monday,2005-03,5.4,1533.0,25.4,700.0,225.0,1829.0,17.9,37.6,0.7624
2005-03-14 19:00:00,19,Monday,2005-03,6.5,1626.0,29.1,782.0,234.0,2000.0,16.7,43.4,0.8168
2005-03-14 20:00:00,20,Monday,2005-03,6.5,1639.0,28.3,728.0,227.0,2001.0,15.9,47.9,0.8573
2005-03-14 21:00:00,21,Monday,2005-03,4.0,1346.0,14.2,510.0,192.0,1598.0,15.3,52.6,0.906
2005-03-14 22:00:00,22,Monday,2005-03,2.1,1218.0,8.4,308.0,158.0,1383.0,13.7,58.5,0.9146
2005-03-14 23:00:00,23,Monday,2005-03,1.6,1166.0,7.5,248.0,149.0,1238.0,12.7,62.8,0.9198
2005-03-15 00:00:00,0,Tuesday,2005-03,1.5,1095.0,5.2,233.0,140.0,1023.0,12.2,65.0,0.9193
2005-03-15 01:00:00,1,Tuesday,2005-03,0.7,958.0,2.2,96.0,79.0,659.0,13.0,61.2,0.9105
2005-03-15 02:00:00,2,Tuesday,2005-03,0.7,960.0,2.0,90.0,69.0,657.0,11.1,66.1,0.8738
2005-03-15 03:00:00,3,Tuesday,2005-03,0.6,972.0,1.8,95.0,72.0,764.0,10.1,69.8,0.8619
2005-03-15 04:00:00,4,Tuesday,2005-03,0.5,911.0,1.1,68.0,58.0,667.0,11.6,61.0,0.8299
2005-03-15 05:00:00,5,Tuesday,2005-03,0.4,923.0,1.2,75.0,59.0,667.0,10.1,64.5,0.7968
2005-03-15 06:00:00,6,Tuesday,2005-03,0.6,981.0,2.4,145.0,88.0,856.0,9.3,67.9,0.7969
2005-03-15 07:00:00,7,Tuesday,2005-03,0.9,1038.0,3.8,185.0,110.0,940.0,10.1,64.3,0.7934
2005-03-15 08:00:00,8,Tuesday,2005-03,2.6,1370.0,14.0,506.0,151.0,1406.0,10.4,62.7,0.7909
2005-03-15 09:00:00,9,Tuesday,2005-03,3.3,1471.0,18.9,485.0,158.0,1617.0,13.0,53.9,0.8036
2005-03-15 10:00:00,10,Tuesday,2005-03,4.0,1447.0,15.6,684.0,194.0,1694.0,16.4,44.6,0.8242
2005-03-15 11:00:00,11,Tuesday,2005-03,3.1,1329.0,13.2,562.0,181.0,1473.0,19.1,36.7,0.8044
2005-03-15 12:00:00,12,Tuesday,2005-03,2.2,1197.0,10.3,357.0,161.0,1087.0,21.0,30.6,0.7508
2005-03-15 13:00:00,13,Tuesday,2005-03,2.1,1198.0,9.7,306.0,143.0,945.0,22.1,27.6,0.7254
2005-03-15 14:00:00,14,Tuesday,2005-03,2.2,1171.0,10.0,292.0,142.0,905.0,22.2,25.5,0.6752
2005-03-15 15:00:00,15,Tuesday,2005-03,1.9,1191.0,10.9,305.0,146.0,903.0,23.6,23.2,0.6665
2005-03-15 16:00:00,16,Tuesday,2005-03,2.5,1213.0,12.3,386.0,166.0,1041.0,23.6,22.9,0.6571
2005-03-15 17:00:00,17,Tuesday,2005-03,2.9,1258.0,14.2,408.0,172.0,1194.0,22.8,24.6,0.6736
2005-03-15 18:00:00,18,Tuesday,2005-03,3.9,1413.0,21.6,521.0,196.0,1533.0,20.3,29.7,0.6973
2005-03-15 19:00:00,19,Tuesday,2005-03,6.3,1610.0,30.9,766.0,243.0,1932.0,18.0,36.0,0.7345
2005-03-15 20:00:00,20,Tuesday,2005-03,7.4,1710.0,33.5,841.0,248.0,2140.0,16.4,41.9,0.7759
2005-03-15 21:00:00,21,Tuesday,2005-03,5.7,1515.0,19.9,754.0,233.0,1871.0,14.9,47.6,0.8003
2005-03-15 22:00:00,22,Tuesday,2005-03,2.3,1199.0,8.4,350.0,174.0,1435.0,13.8,49.6,0.7793
2005-03-15 23:00:00,23,Tuesday,2005-03,1.5,1128.0,6.1,244.0,149.0,1303.0,13.2,51.6,0.7765
2005-03-16 00:00:00,0,Wednesday,2005-03,1.4,1108.0,5.7,221.0,134.0,1199.0,11.8,56.9,0.7836
2005-03-16 01:00:00,1,Wednesday,2005-03,1.1,1038.0,4.0,183.0,123.0,1069.0,11.4,58.0,0.7818
2005-03-16 02:00:00,2,Wednesday,2005-03,0.9,1004.0,2.9,166.0,111.0,989.0,11.3,58.0,0.7742
2005-03-16 03:00:00,3,Wednesday,2005-03,0.7,969.0,2.0,133.0,93.0,899.0,10.7,59.6,0.7673
2005-03-16 04:00:00,4,Wednesday,2005-03,0.6,938.0,1.7,147.0,97.0,850.0,9.0,65.4,0.7532
2005-03-16 05:00:00,5,Wednesday,2005-03,0.6,927.0,1.6,119.0,86.0,828.0,8.0,68.9,0.7402
2005-03-16 06:00:00,6,Wednesday,2005-03,0.8,977.0,3.3,179.0,99.0,902.0,7.5,70.9,0.7358
2005-03-16 07:00:00,7,Wednesday,2005-03,1.0,1011.0,3.6,178.0,99.0,902.0,7.6,69.2,0.7238
2005-03-16 08:00:00,8,Wednesday,2005-03,2.1,1228.0,10.2,390.0,129.0,1222.0,8.7,64.3,0.7257
2005-03-16 09:00:00,9,Wednesday,2005-03,4.2,1521.0,25.2,579.0,161.0,1784.0,11.7,54.3,0.7459
2005-03-16 10:00:00,10,Wednesday,2005-03,4.3,1425.0,16.0,735.0,202.0,1761.0,15.9,42.2,0.7553
2005-03-16 11:00:00,11,Wednesday,2005-03,3.2,1339.0,13.3,568.0,200.0,1634.0,19.3,34.7,0.7681
2005-03-16 12:00:00,12,Wednesday,2005-03,2.8,1310.0,11.9,487.0,194.0,1527.0,23.1,27.3,0.7615
2005-03-16 13:00:00,13,Wednesday,2005-03,2.4,1250.0,10.9,343.0,173.0,1192.0,26.1,20.8,0.6959
2005-03-16 14:00:00,14,Wednesday,2005-03,2.5,1181.0,11.0,351.0,169.0,1023.0,26.8,17.9,0.6249
2005-03-16 15:00:00,15,Wednesday,2005-03,2.9,1272.0,17.3,417.0,188.0,1251.0,28.4,16.0,0.6095
2005-03-16 16:00:00,16,Wednesday,2005-03,3.0,1231.0,12.4,509.0,211.0,1082.0,28.8,15.1,0.5877
2005-03-16 17:00:00,17,Wednesday,2005-03,3.6,1286.0,17.4,573.0,210.0,1348.0,27.9,15.6,0.5782
2005-03-16 18:00:00,18,Wednesday,2005-03,3.5,1315.0,17.5,518.0,193.0,1365.0,24.1,20.6,0.6075
2005-03-16 19:00:00,19,Wednesday,2005-03,4.8,1494.0,26.2,641.0,227.0,1827.0,21.0,28.0,0.6904
2005-03-16 20:00:00,20,Wednesday,2005-03,4.4,1494.0,23.1,544.0,223.0,1879.0,18.4,38.8,0.8152
2005-03-16 21:00:00,21,Wednesday,2005-03,4.9,1545.0,23.5,582.0,229.0,1915.0,16.9,42.9,0.8222
2005-03-16 22:00:00,22,Wednesday,2005-03,2.9,1354.0,13.3,407.0,194.0,1705.0,15.5,45.0,0.7895
2005-03-16 23:00:00,23,Wednesday,2005-03,2.1,1301.0,10.5,327.0,171.0,1610.0,14.3,49.6,0.8049
2005-03-17 00:00:00,0,Thursday,2005-03,1.6,1144.0,6.3,221.0,147.0,1300.0,14.7,48.0,0.7977
2005-03-17 01:00:00,1,Thursday,2005-03,1.2,1080.0,4.4,142.0,111.0,1093.0,13.3,51.4,0.7821
2005-03-17 02:00:00,2,Thursday,2005-03,0.9,1013.0,3.3,123.0,104.0,986.0,12.6,53.7,0.7793
2005-03-17 03:00:00,3,Thursday,2005-03,0.7,966.0,2.0,106.0,90.0,846.0,11.5,56.8,0.7706
2005-03-17 04:00:00,4,Thursday,2005-03,,959.0,1.9,100.0,81.0,822.0,10.1,61.9,0.7631
2005-03-17 05:00:00,5,Thursday,2005-03,0.5,919.0,1.4,85.0,69.0,714.0,9.8,61.8,0.7523
2005-03-17 06:00:00,6,Thursday,2005-03,0.6,953.0,2.3,114.0,84.0,838.0,9.0,64.3,0.7417
2005-03-17 07:00:00,7,Thursday,2005-03,1.3,1117.0,5.9,299.0,123.0,1109.0,7.9,68.4,0.7324
2005-03-17 08:00:00,8,Thursday,2005-03,3.8,1485.0,18.9,723.0,166.0,1676.0,9.5,62.6,0.7444
2005-03-17 09:00:00,9,Thursday,2005-03,5.6,1583.0,26.1,745.0,189.0,1976.0,13.2,51.0,0.7704
2005-03-17 10:00:00,10,Thursday,2005-03,4.4,1448.0,16.2,668.0,217.0,1814.0,16.9,40.3,0.7717
2005-03-17 11:00:00,11,Thursday,2005-03,3.0,1294.0,10.8,571.0,196.0,1538.0,20.8,31.3,0.7617
2005-03-17 12:00:00,12,Thursday,2005-03,2.2,1269.0,11.1,388.0,189.0,1383.0,24.3,24.7,0.7407
2005-03-17 13:00:00,13,Thursday,2005-03,2.0,1247.0,10.2,323.0,174.0,1184.0,26.7,22.6,0.7785
2005-03-17 14:00:00,14,Thursday,2005-03,2.2,1239.0,11.9,312.0,161.0,1094.0,27.1,21.7,0.7636
2005-03-17 15:00:00,15,Thursday,2005-03,2.1,1199.0,11.8,320.0,158.0,986.0,28.3,17.9,0.6769
2005-03-17 16:00:00,16,Thursday,2005-03,2.2,1216.0,10.9,322.0,161.0,967.0,27.8,20.0,0.7378
2005-03-17 17:00:00,17,Thursday,2005-03,1.9,1131.0,8.6,276.0,147.0,831.0,26.2,19.4,0.6491
2005-03-17 18:00:00,18,Thursday,2005-03,2.7,1300.0,15.0,341.0,165.0,1182.0,22.7,24.4,0.6661
2005-03-17 19:00:00,19,Thursday,2005-03,3.9,1358.0,21.3,531.0,214.0,1523.0,20.2,29.3,0.686
2005-03-17 20:00:00,20,Thursday,2005-03,5.6,1492.0,24.8,653.0,228.0,1780.0,17.3,35.2,0.6907
2005-03-17 21:00:00,21,Thursday,2005-03,4.9,1413.0,18.4,646.0,240.0,1682.0,16.1,38.7,0.7023
2005-03-17 22:00:00,22,Thursday,2005-03,2.2,1210.0,9.1,333.0,188.0,1390.0,14.6,44.5,0.7337
2005-03-17 23:00:00,23,Thursday,2005-03,1.9,1196.0,8.1,299.0,173.0,1390.0,13.7,48.6,0.7555
2005-03-18 00:00:00,0,Friday,2005-03,1.4,1101.0,5.9,224.0,150.0,1201.0,12.4,52.2,0.7513
2005-03-18 01:00:00,1,Friday,2005-03,1.3,1076.0,5.1,195.0,134.0,1107.0,11.9,53.4,0.7414
2005-03-18 02:00:00,2,Friday,2005-03,1.1,1040.0,4.5,209.0,132.0,1050.0,10.4,58.4,0.7367
2005-03-18 03:00:00,3,Friday,2005-03,0.9,989.0,3.2,168.0,117.0,943.0,8.9,63.5,0.7268
2005-03-18 04:00:00,4,Friday,2005-03,0.9,966.0,2.8,153.0,103.0,903.0,8.2,65.9,0.7168
2005-03-18 05:00:00,5,Friday,2005-03,0.7,912.0,2.0,140.0,99.0,826.0,7.7,67.1,0.7074
2005-03-18 06:00:00,6,Friday,2005-03,0.8,960.0,3.3,184.0,106.0,878.0,7.2,68.6,0.6978
2005-03-18 07:00:00,7,Friday,2005-03,1.2,1028.0,5.4,266.0,113.0,996.0,7.5,66.7,0.6943
2005-03-18 08:00:00,8,Friday,2005-03,2.9,1375.0,14.5,518.0,141.0,1470.0,8.7,61.6,0.696
2005-03-18 09:00:00,9,Friday,2005-03,5.4,1522.0,26.5,681.0,180.0,1883.0,12.0,51.0,0.7131
2005-03-18 10:00:00,10,Friday,2005-03,4.3,1400.0,17.6,558.0,192.0,1661.0,15.4,42.5,0.7379
2005-03-18 11:00:00,11,Friday,2005-03,3.1,1323.0,14.9,457.0,187.0,1568.0,18.8,33.5,0.7186
2005-03-18 12:00:00,12,Friday,2005-03,2.4,1250.0,10.3,353.0,169.0,1291.0,22.2,28.1,0.7426
2005-03-18 13:00:00,13,Friday,2005-03,2.3,1283.0,12.0,313.0,161.0,1226.0,24.7,25.5,0.7785
2005-03-18 14:00:00,14,Friday,2005-03,2.3,1171.0,10.4,290.0,160.0,841.0,25.0,23.4,0.7301
2005-03-18 15:00:00,15,Friday,2005-03,2.3,1264.0,12.9,318.0,177.0,951.0,25.9,21.9,0.7209
2005-03-18 16:00:00,16,Friday,2005-03,3.4,1301.0,15.1,479.0,219.0,1151.0,25.6,21.7,0.7039
2005-03-18 17:00:00,17,Friday,2005-03,3.7,1321.0,15.8,494.0,212.0,1279.0,25.1,21.8,0.6854
2005-03-18 18:00:00,18,Friday,2005-03,4.1,1343.0,20.1,551.0,225.0,1416.0,22.1,25.6,0.6728
2005-03-18 19:00:00,19,Friday,2005-03,5.6,1493.0,25.6,701.0,240.0,1738.0,19.1,32.5,0.7112
2005-03-18 20:00:00,20,Friday,2005-03,5.3,1545.0,24.0,571.0,223.0,1821.0,16.7,42.5,0.8002
2005-03-18 21:00:00,21,Friday,2005-03,4.9,1477.0,18.3,643.0,241.0,1733.0,15.5,48.3,0.8439
2005-03-18 22:00:00,22,Friday,2005-03,2.0,1202.0,7.2,282.0,159.0,1115.0,13.3,60.5,0.9168
2005-03-18 23:00:00,23,Friday,2005-03,1.9,1236.0,6.8,251.0,150.0,1131.0,12.1,67.6,0.9539
2005-03-19 00:00:00,0,Saturday,2005-03,2.2,1206.0,6.8,307.0,163.0,1127.0,11.8,68.3,0.9432
2005-03-19 01:00:00,1,Saturday,2005-03,1.9,1192.0,6.4,282.0,155.0,1167.0,11.6,68.3,0.9314
2005-03-19 02:00:00,2,Saturday,2005-03,1.1,1044.0,2.7,160.0,119.0,809.0,11.8,67.9,0.9362
2005-03-19 03:00:00,3,Saturday,2005-03,1.0,1053.0,2.9,125.0,94.0,709.0,12.3,65.8,0.9374
2005-03-19 04:00:00,4,Saturday,2005-03,0.9,1023.0,2.2,106.0,80.0,575.0,12.2,66.9,0.9496
2005-03-19 05:00:00,5,Saturday,2005-03,0.9,1005.0,2.5,111.0,83.0,572.0,12.1,67.3,0.948
2005-03-19 06:00:00,6,Saturday,2005-03,0.7,959.0,1.9,115.0,79.0,546.0,11.8,67.1,0.9274
2005-03-19 07:00:00,7,Saturday,2005-03,1.0,1049.0,3.6,156.0,96.0,795.0,11.9,65.6,0.9129
2005-03-19 08:00:00,8,Saturday,2005-03,2.0,1255.0,10.1,320.0,141.0,1268.0,12.2,65.6,0.93
2005-03-19 09:00:00,9,Saturday,2005-03,2.7,1285.0,10.9,380.0,153.0,1366.0,12.8,64.4,0.9448
2005-03-19 10:00:00,10,Saturday,2005-03,2.5,1254.0,9.9,371.0,156.0,1328.0,13.4,62.0,0.9498
2005-03-19 11:00:00,11,Saturday,2005-03,2.4,1253.0,9.7,343.0,162.0,1251.0,14.5,57.0,0.9333
2005-03-19 12:00:00,12,Saturday,2005-03,2.2,1242.0,8.9,297.0,164.0,1127.0,15.8,51.3,0.9144
2005-03-19 13:00:00,13,Saturday,2005-03,2.1,1212.0,8.5,281.0,160.0,1066.0,17.5,46.0,0.9104
2005-03-19 14:00:00,14,Saturday,2005-03,1.8,1165.0,6.6,220.0,140.0,867.0,19.5,40.2,0.901
2005-03-19 15:00:00,15,Saturday,2005-03,1.4,1136.0,5.4,174.0,119.0,691.0,21.2,35.9,0.8943
2005-03-19 16:00:00,16,Saturday,2005-03,2.1,1233.0,8.7,260.0,153.0,917.0,21.7,35.1,0.8993
2005-03-19 17:00:00,17,Saturday,2005-03,1.7,1177.0,5.8,222.0,139.0,748.0,20.5,38.4,0.9161
2005-03-19 18:00:00,18,Saturday,2005-03,1.9,1223.0,7.6,266.0,156.0,968.0,18.2,45.9,0.9488
2005-03-19 19:00:00,19,Saturday,2005-03,2.7,1360.0,12.4,387.0,183.0,1420.0,16.2,53.0,0.9722
2005-03-19 20:00:00,20,Saturday,2005-03,3.2,1435.0,14.7,425.0,185.0,1530.0,15.0,57.6,0.9777
2005-03-19 21:00:00,21,Saturday,2005-03,3.3,1305.0,10.5,484.0,200.0,1341.0,14.1,60.8,0.9716
2005-03-19 22:00:00,22,Saturday,2005-03,2.3,1199.0,7.3,325.0,163.0,1160.0,13.2,65.6,0.9882
2005-03-19 23:00:00,23,Saturday,2005-03,1.9,1217.0,8.5,257.0,154.0,1261.0,13.5,63.8,0.9797
2005-03-20 00:00:00,0,Sunday,2005-03,1.9,1200.0,6.8,273.0,151.0,1132.0,13.6,63.4,0.9794
2005-03-20 01:00:00,1,Sunday,2005-03,1.9,1150.0,5.9,276.0,149.0,1042.0,13.6,63.5,0.9857
2005-03-20 02:00:00,2,Sunday,2005-03,1.5,1086.0,4.3,202.0,131.0,848.0,13.4,64.8,0.988
2005-03-20 03:00:00,3,Sunday,2005-03,1.1,1027.0,3.5,132.0,94.0,666.0,13.2,64.8,0.9801
2005-03-20 04:00:00,4,Sunday,2005-03,,993.0,2.8,85.0,66.0,548.0,13.0,65.3,0.9704
2005-03-20 05:00:00,5,Sunday,2005-03,0.8,985.0,2.4,87.0,69.0,604.0,12.6,65.9,0.9583
2005-03-20 06:00:00,6,Sunday,2005-03,0.6,934.0,1.6,70.0,57.0,520.0,13.1,64.0,0.9591
2005-03-20 07:00:00,7,Sunday,2005-03,0.7,977.0,2.7,113.0,78.0,659.0,12.4,66.2,0.95
2005-03-20 08:00:00,8,Sunday,2005-03,0.7,970.0,2.5,112.0,84.0,611.0,13.3,62.4,0.946
2005-03-20 09:00:00,9,Sunday,2005-03,1.0,1041.0,3.9,140.0,97.0,756.0,14.0,59.7,0.9491
2005-03-20 10:00:00,10,Sunday,2005-03,1.5,1144.0,6.2,214.0,123.0,988.0,15.4,54.0,0.9385
2005-03-20 11:00:00,11,Sunday,2005-03,2.4,1209.0,8.8,334.0,166.0,1058.0,17.0,47.5,0.9146
2005-03-20 12:00:00,12,Sunday,2005-03,1.6,1083.0,4.3,203.0,130.0,636.0,18.6,42.6,0.904
2005-03-20 13:00:00,13,Sunday,2005-03,1.2,1063.0,3.4,163.0,109.0,522.0,21.5,35.0,0.8886
2005-03-20 14:00:00,14,Sunday,2005-03,0.9,988.0,2.2,110.0,82.0,415.0,21.3,35.6,0.8924
2005-03-20 15:00:00,15,Sunday,2005-03,0.9,1060.0,3.6,107.0,73.0,445.0,23.1,32.1,0.8973
2005-03-20 16:00:00,16,Sunday,2005-03,1.1,1087.0,4.1,135.0,91.0,515.0,22.1,34.5,0.9035
2005-03-20 17:00:00,17,Sunday,2005-03,1.4,1153.0,5.7,187.0,109.0,678.0,21.5,35.7,0.905
2005-03-20 18:00:00,18,Sunday,2005-03,1.7,1167.0,6.6,240.0,128.0,825.0,19.3,41.6,0.923
2005-03-20 19:00:00,19,Sunday,2005-03,2.9,1370.0,12.7,398.0,155.0,1233.0,17.3,47.8,0.9363
2005-03-20 20:00:00,20,Sunday,2005-03,4.0,1403.0,14.8,585.0,176.0,1419.0,16.0,54.9,0.9934
2005-03-20 21:00:00,21,Sunday,2005-03,4.0,1364.0,12.3,590.0,179.0,1397.0,15.6,58.0,1.0197
2005-03-20 22:00:00,22,Sunday,2005-03,1.9,1111.0,6.3,295.0,124.0,975.0,14.8,61.3,1.025
2005-03-20 23:00:00,23,Sunday,2005-03,1.5,1091.0,5.3,209.0,105.0,891.0,13.8,63.4,0.9916
2005-03-21 00:00:00,0,Monday,2005-03,1.5,1107.0,5.3,183.0,99.0,945.0,13.1,66.1,0.9913
2005-03-21 01:00:00,1,Monday,2005-03,1.6,1095.0,4.7,177.0,104.0,916.0,13.3,66.4,1.0128
2005-03-21 02:00:00,2,Monday,2005-03,1.1,1027.0,3.3,126.0,95.0,770.0,13.3,67.0,1.0207
2005-03-21 03:00:00,3,Monday,2005-03,0.8,996.0,2.7,100.0,81.0,697.0,13.1,68.6,1.0288
2005-03-21 04:00:00,4,Monday,2005-03,0.7,955.0,2.0,83.0,68.0,611.0,12.2,72.4,1.0224
2005-03-21 05:00:00,5,Monday,2005-03,0.6,947.0,1.6,84.0,69.0,693.0,11.6,73.8,1.0054
2005-03-21 06:00:00,6,Monday,2005-03,0.7,1003.0,3.0,113.0,73.0,750.0,12.9,67.5,0.999
2005-03-21 07:00:00,7,Monday,2005-03,1.3,1120.0,6.1,270.0,113.0,1053.0,12.8,68.0,1.0023
2005-03-21 08:00:00,8,Monday,2005-03,3.2,1476.0,17.3,487.0,141.0,1561.0,13.5,63.9,0.9875
2005-03-21 09:00:00,9,Monday,2005-03,6.1,1653.0,31.0,723.0,174.0,1920.0,14.7,59.8,0.9928
2005-03-21 10:00:00,10,Monday,2005-03,4.3,1403.0,15.4,614.0,178.0,1583.0,15.9,56.6,1.0147
2005-03-21 11:00:00,11,Monday,2005-03,2.6,1241.0,10.9,395.0,163.0,1274.0,18.3,49.4,1.0264
2005-03-21 12:00:00,12,Monday,2005-03,2.0,1176.0,8.4,310.0,143.0,1083.0,19.8,44.2,1.0091
2005-03-21 13:00:00,13,Monday,2005-03,1.8,1160.0,7.1,259.0,127.0,924.0,21.6,39.6,1.009
2005-03-21 14:00:00,14,Monday,2005-03,2.1,1224.0,10.0,251.0,131.0,1002.0,23.3,35.8,1.0086
2005-03-21 15:00:00,15,Monday,2005-03,2.1,1175.0,8.2,261.0,135.0,905.0,23.8,33.4,0.9699
2005-03-21 16:00:00,16,Monday,2005-03,2.0,1235.0,9.2,241.0,131.0,923.0,22.8,35.3,0.9693
2005-03-21 17:00:00,17,Monday,2005-03,2.6,1288.0,12.4,317.0,153.0,1123.0,22.8,34.9,0.9576
2005-03-21 18:00:00,18,Monday,2005-03,4.5,1512.0,23.3,505.0,198.0,1602.0,20.9,39.3,0.9615
2005-03-21 19:00:00,19,Monday,2005-03,6.4,1609.0,29.7,669.0,232.0,1878.0,18.6,46.4,0.9867
2005-03-21 20:00:00,20,Monday,2005-03,6.0,1537.0,25.7,638.0,224.0,1840.0,17.2,52.7,1.0285
2005-03-21 21:00:00,21,Monday,2005-03,3.8,1315.0,14.3,433.0,183.0,1474.0,15.3,61.0,1.054
2005-03-21 22:00:00,22,Monday,2005-03,2.1,1155.0,8.2,252.0,144.0,1244.0,14.2,65.4,1.0497
2005-03-21 23:00:00,23,Monday,2005-03,1.2,1033.0,4.9,154.0,117.0,937.0,13.8,65.2,1.0275
2005-03-22 00:00:00,0,Tuesday,2005-03,1.3,1078.0,5.9,152.0,106.0,891.0,13.3,65.6,0.9969
2005-03-22 01:00:00,1,Tuesday,2005-03,1.5,1069.0,5.7,181.0,121.0,1044.0,12.6,67.9,0.9886
2005-03-22 02:00:00,2,Tuesday,2005-03,0.9,952.0,2.9,109.0,87.0,792.0,12.8,64.5,0.9493
2005-03-22 03:00:00,3,Tuesday,2005-03,0.7,910.0,1.8,73.0,62.0,670.0,12.8,63.6,0.936
2005-03-22 04:00:00,4,Tuesday,2005-03,0.5,878.0,1.2,83.0,70.0,689.0,12.0,65.2,0.9103
2005-03-22 05:00:00,5,Tuesday,2005-03,0.6,899.0,1.6,90.0,66.0,717.0,10.6,70.8,0.9033
2005-03-22 06:00:00,6,Tuesday,2005-03,0.7,939.0,2.5,151.0,88.0,813.0,10.9,69.2,0.9033
2005-03-22 07:00:00,7,Tuesday,2005-03,0.9,1001.0,3.8,191.0,93.0,891.0,10.3,70.9,0.8907
2005-03-22 08:00:00,8,Tuesday,2005-03,2.2,1303.0,13.5,403.0,116.0,1323.0,11.8,66.3,0.9174
2005-03-22 09:00:00,9,Tuesday,2005-03,4.7,1557.0,27.8,555.0,151.0,1817.0,14.1,58.9,0.9447
2005-03-22 10:00:00,10,Tuesday,2005-03,4.5,1402.0,18.8,551.0,169.0,1723.0,16.5,51.6,0.9601
2005-03-22 11:00:00,11,Tuesday,2005-03,3.1,1380.0,15.7,473.0,166.0,1656.0,20.2,42.1,0.984
2005-03-22 12:00:00,12,Tuesday,2005-03,2.8,1350.0,15.6,388.0,160.0,1539.0,21.7,39.0,0.9979
2005-03-22 13:00:00,13,Tuesday,2005-03,2.4,1283.0,12.3,296.0,145.0,1294.0,23.5,35.0,0.9977
2005-03-22 14:00:00,14,Tuesday,2005-03,2.5,1293.0,12.4,283.0,131.0,1229.0,23.5,34.2,0.9748
2005-03-22 15:00:00,15,Tuesday,2005-03,2.0,1197.0,9.1,256.0,130.0,951.0,25.5,28.3,0.9124
2005-03-22 16:00:00,16,Tuesday,2005-03,1.7,1142.0,8.6,234.0,122.0,819.0,25.5,24.7,0.7928
2005-03-22 17:00:00,17,Tuesday,2005-03,1.7,1147.0,8.4,215.0,113.0,801.0,22.9,29.2,0.8055
2005-03-22 18:00:00,18,Tuesday,2005-03,3.3,1448.0,20.9,454.0,156.0,1492.0,21.3,32.9,0.8209
2005-03-22 19:00:00,19,Tuesday,2005-03,4.5,1487.0,21.9,605.0,198.0,1692.0,20.1,42.4,0.988
2005-03-22 20:00:00,20,Tuesday,2005-03,5.8,1476.0,20.4,529.0,175.0,1654.0,18.6,46.6,0.9858
2005-03-22 21:00:00,21,Tuesday,2005-03,4.3,1282.0,11.0,354.0,141.0,1287.0,17.4,50.6,0.9989
2005-03-22 22:00:00,22,Tuesday,2005-03,3.0,1147.0,6.8,195.0,101.0,938.0,16.4,57.2,1.0574
2005-03-22 23:00:00,23,Tuesday,2005-03,2.8,1130.0,6.3,161.0,102.0,973.0,16.3,59.4,1.0895
2005-03-23 00:00:00,0,Wednesday,2005-03,2.7,1154.0,6.2,187.0,119.0,1087.0,16.0,60.2,1.0844
2005-03-23 01:00:00,1,Wednesday,2005-03,2.4,1049.0,3.5,156.0,110.0,796.0,15.6,61.6,1.0859
2005-03-23 02:00:00,2,Wednesday,2005-03,2.2,1056.0,3.3,116.0,87.0,830.0,15.4,62.0,1.0793
2005-03-23 03:00:00,3,Wednesday,2005-03,2.0,1011.0,2.5,83.0,66.0,703.0,15.2,63.5,1.0881
2005-03-23 04:00:00,4,Wednesday,2005-03,,993.0,2.3,85.0,65.0,762.0,14.5,66.4,1.0919
2005-03-23 05:00:00,5,Wednesday,2005-03,0.5,976.0,1.8,78.0,63.0,705.0,15.0,64.8,1.1007
2005-03-23 06:00:00,6,Wednesday,2005-03,0.7,1050.0,3.6,127.0,71.0,867.0,14.2,68.3,1.0988
2005-03-23 07:00:00,7,Wednesday,2005-03,1.2,1143.0,6.1,279.0,103.0,1122.0,14.0,68.6,1.0918
2005-03-23 08:00:00,8,Wednesday,2005-03,3.9,1606.0,22.3,649.0,144.0,1771.0,15.4,63.4,1.1045
2005-03-23 09:00:00,9,Wednesday,2005-03,4.9,1592.0,27.0,593.0,158.0,1874.0,17.8,53.3,1.0736
2005-03-23 10:00:00,10,Wednesday,2005-03,4.6,1510.0,19.5,584.0,169.0,1812.0,19.4,47.5,1.061
2005-03-23 11:00:00,11,Wednesday,2005-03,3.4,1421.0,15.8,563.0,184.0,1726.0,21.4,38.7,0.9724
2005-03-23 12:00:00,12,Wednesday,2005-03,2.0,1169.0,10.3,337.0,143.0,1184.0,22.9,29.3,0.8077
2005-03-23 13:00:00,13,Wednesday,2005-03,1.9,1187.0,11.0,272.0,133.0,1131.0,24.2,26.5,0.7869
2005-03-23 14:00:00,14,Wednesday,2005-03,2.4,1171.0,11.9,322.0,141.0,1149.0,24.5,23.1,0.6968
2005-03-23 15:00:00,15,Wednesday,2005-03,2.4,1175.0,11.7,362.0,153.0,1185.0,23.1,22.8,0.6346
2005-03-23 16:00:00,16,Wednesday,2005-03,2.2,1216.0,12.0,361.0,149.0,1244.0,23.3,23.8,0.6738
2005-03-23 17:00:00,17,Wednesday,2005-03,2.5,1239.0,12.3,431.0,159.0,1380.0,23.2,23.3,0.6562
2005-03-23 18:00:00,18,Wednesday,2005-03,3.9,1463.0,23.2,545.0,181.0,1727.0,22.7,25.5,0.6944
2005-03-23 19:00:00,19,Wednesday,2005-03,6.2,1616.0,32.6,796.0,227.0,2021.0,21.0,29.2,0.7192
2005-03-23 20:00:00,20,Wednesday,2005-03,7.2,1663.0,32.0,874.0,230.0,2159.0,19.5,35.6,0.7978
2005-03-23 21:00:00,21,Wednesday,2005-03,3.9,1445.0,18.8,551.0,194.0,1844.0,18.8,37.3,0.8031
2005-03-23 22:00:00,22,Wednesday,2005-03,2.4,1293.0,12.1,393.0,172.0,1593.0,17.7,39.7,0.799
2005-03-23 23:00:00,23,Wednesday,2005-03,2.3,1354.0,13.0,369.0,158.0,1651.0,16.7,45.2,0.8506
2005-03-24 00:00:00,0,Thursday,2005-03,1.9,1251.0,9.9,314.0,144.0,1482.0,15.9,47.0,0.8434
2005-03-24 01:00:00,1,Thursday,2005-03,1.7,1222.0,8.1,294.0,133.0,1384.0,15.1,50.2,0.8543
2005-03-24 02:00:00,2,Thursday,2005-03,0.9,1044.0,3.8,165.0,109.0,1101.0,15.3,49.2,0.8493
2005-03-24 03:00:00,3,Thursday,2005-03,0.7,1006.0,3.1,143.0,94.0,999.0,13.1,56.1,0.8416
2005-03-24 04:00:00,4,Thursday,2005-03,0.5,953.0,2.0,93.0,73.0,895.0,13.3,54.4,0.8287
2005-03-24 05:00:00,5,Thursday,2005-03,0.4,959.0,2.2,111.0,76.0,904.0,12.4,58.3,0.8364
2005-03-24 06:00:00,6,Thursday,2005-03,0.4,949.0,2.3,105.0,74.0,851.0,12.9,56.0,0.8292
2005-03-24 07:00:00,7,Thursday,2005-03,0.7,1073.0,4.9,173.0,73.0,1052.0,11.9,59.6,0.8294
2005-03-24 08:00:00,8,Thursday,2005-03,3.1,1499.0,19.8,541.0,107.0,1609.0,13.4,55.1,0.8444
2005-03-24 09:00:00,9,Thursday,2005-03,3.4,1404.0,15.0,581.0,115.0,1614.0,16.1,46.4,0.8436
2005-03-24 10:00:00,10,Thursday,2005-03,3.5,1465.0,18.1,591.0,132.0,1774.0,17.9,42.2,0.8557
2005-03-24 11:00:00,11,Thursday,2005-03,3.2,1474.0,15.3,653.0,155.0,1802.0,18.2,43.2,0.8926
2005-03-24 12:00:00,12,Thursday,2005-03,3.2,1611.0,17.8,690.0,140.0,1741.0,16.0,67.9,1.2217
2005-03-24 13:00:00,13,Thursday,2005-03,3.3,1590.0,17.3,602.0,147.0,1830.0,17.6,59.7,1.188
2005-03-24 14:00:00,14,Thursday,2005-03,3.0,1422.0,14.1,489.0,161.0,1696.0,20.9,43.4,1.0618
2005-03-24 15:00:00,15,Thursday,2005-03,2.0,1273.0,10.3,288.0,123.0,1257.0,24.1,33.3,0.9881
2005-03-24 16:00:00,16,Thursday,2005-03,2.3,1296.0,11.0,323.0,142.0,1305.0,22.9,35.2,0.9694
2005-03-24 17:00:00,17,Thursday,2005-03,2.2,1247.0,10.3,301.0,143.0,1183.0,22.2,36.2,0.956
2005-03-24 18:00:00,18,Thursday,2005-03,2.7,1359.0,14.6,335.0,153.0,1347.0,21.3,37.8,0.9462
2005-03-24 19:00:00,19,Thursday,2005-03,5.9,1726.0,30.8,659.0,200.0,1947.0,20.1,43.2,1.0051
2005-03-24 20:00:00,20,Thursday,2005-03,7.5,1818.0,35.5,847.0,232.0,2129.0,18.8,49.1,1.0538
2005-03-24 21:00:00,21,Thursday,2005-03,5.0,1667.0,24.2,691.0,201.0,1948.0,18.2,52.2,1.0795
2005-03-24 22:00:00,22,Thursday,2005-03,4.0,1549.0,17.8,590.0,175.0,1804.0,17.4,57.3,1.1288
2005-03-24 23:00:00,23,Thursday,2005-03,2.7,1385.0,11.9,449.0,159.0,1572.0,17.0,56.6,1.0902
2005-03-25 00:00:00,0,Friday,2005-03,2.0,1320.0,9.3,316.0,135.0,1426.0,16.2,66.3,1.208
2005-03-25 01:00:00,1,Friday,2005-03,1.5,1205.0,6.3,239.0,128.0,1170.0,15.3,73.3,1.2655
2005-03-25 02:00:00,2,Friday,2005-03,1.0,1099.0,4.0,165.0,109.0,1000.0,15.2,73.3,1.2556
2005-03-25 03:00:00,3,Friday,2005-03,1.0,1106.0,4.1,152.0,101.0,949.0,13.9,80.4,1.2694
2005-03-25 04:00:00,4,Friday,2005-03,0.9,1099.0,4.1,144.0,96.0,905.0,13.6,82.8,1.2817
2005-03-25 05:00:00,5,Friday,2005-03,0.8,1042.0,3.3,126.0,87.0,845.0,13.7,82.0,1.277
2005-03-25 06:00:00,6,Friday,2005-03,0.6,980.0,2.5,132.0,81.0,692.0,13.7,78.0,1.2174
2005-03-25 07:00:00,7,Friday,2005-03,1.0,1138.0,5.4,228.0,100.0,926.0,14.1,75.5,1.2065
2005-03-25 08:00:00,8,Friday,2005-03,3.2,1517.0,17.4,580.0,146.0,1470.0,14.8,73.6,1.2331
2005-03-25 09:00:00,9,Friday,2005-03,4.3,1537.0,22.9,564.0,158.0,1660.0,16.0,67.8,1.2276
2005-03-25 10:00:00,10,Friday,2005-03,2.7,1296.0,11.1,369.0,136.0,1360.0,18.4,59.2,1.2398
2005-03-25 11:00:00,11,Friday,2005-03,1.6,1255.0,9.5,260.0,117.0,1215.0,20.4,50.5,1.1954
2005-03-25 12:00:00,12,Friday,2005-03,1.4,1367.0,13.6,371.0,140.0,1391.0,21.3,46.6,1.1628
2005-03-25 13:00:00,13,Friday,2005-03,2.3,1473.0,17.0,513.0,169.0,1521.0,20.4,49.8,1.1765
2005-03-25 14:00:00,14,Friday,2005-03,2.1,1422.0,15.8,471.0,163.0,1483.0,21.1,47.8,1.1813
2005-03-25 15:00:00,15,Friday,2005-03,1.4,1378.0,14.3,378.0,144.0,1380.0,21.5,47.8,1.206
2005-03-25 16:00:00,16,Friday,2005-03,3.4,1446.0,17.5,445.0,153.0,1450.0,21.7,47.4,1.2184
2005-03-25 17:00:00,17,Friday,2005-03,3.8,1473.0,17.8,483.0,164.0,1519.0,21.0,49.8,1.2208
2005-03-25 18:00:00,18,Friday,2005-03,4.9,1619.0,24.3,530.0,174.0,1684.0,20.4,51.9,1.2261
2005-03-25 19:00:00,19,Friday,2005-03,5.7,1673.0,27.2,649.0,196.0,1812.0,19.4,56.3,1.25
2005-03-25 20:00:00,20,Friday,2005-03,5.5,1605.0,23.7,604.0,189.0,1710.0,18.8,58.3,1.2514
2005-03-25 21:00:00,21,Friday,2005-03,3.9,1460.0,16.7,486.0,155.0,1591.0,18.2,61.0,1.2634
2005-03-25 22:00:00,22,Friday,2005-03,3.1,1407.0,14.0,402.0,137.0,1521.0,17.7,63.3,1.2729
2005-03-25 23:00:00,23,Friday,2005-03,2.0,1286.0,10.1,268.0,117.0,1353.0,17.7,63.5,1.27
2005-03-26 00:00:00,0,Saturday,2005-03,2.5,1372.0,12.1,350.0,128.0,1463.0,17.1,66.9,1.2926
2005-03-26 01:00:00,1,Saturday,2005-03,2.2,1312.0,10.5,312.0,124.0,1447.0,16.8,69.0,1.3135
2005-03-26 02:00:00,2,Saturday,2005-03,1.5,1205.0,7.2,243.0,108.0,1294.0,16.6,70.0,1.3078
2005-03-26 03:00:00,3,Saturday,2005-03,1.2,1167.0,6.4,202.0,89.0,1172.0,16.1,71.3,1.2955
2005-03-26 04:00:00,4,Saturday,2005-03,,1122.0,6.0,181.0,92.0,1122.0,16.2,71.2,1.3013
2005-03-26 05:00:00,5,Saturday,2005-03,0.8,1126.0,5.3,139.0,84.0,1103.0,16.3,69.8,1.2853
2005-03-26 06:00:00,6,Saturday,2005-03,0.1,1121.0,4.9,156.0,83.0,1113.0,16.1,70.0,1.2739
2005-03-26 07:00:00,7,Saturday,2005-03,1.1,1135.0,5.7,175.0,80.0,1109.0,16.1,69.5,1.2623
2005-03-26 08:00:00,8,Saturday,2005-03,1.7,1248.0,9.0,281.0,93.0,1229.0,16.5,68.1,1.2653
2005-03-26 09:00:00,9,Saturday,2005-03,2.1,1325.0,10.9,322.0,106.0,1404.0,17.4,65.0,1.2775
2005-03-26 10:00:00,10,Saturday,2005-03,2.3,1347.0,10.6,369.0,115.0,1450.0,18.4,60.2,1.2623
2005-03-26 11:00:00,11,Saturday,2005-03,2.1,1317.0,9.3,366.0,124.0,1393.0,19.1,57.5,1.2569
2005-03-26 12:00:00,12,Saturday,2005-03,1.9,1243.0,8.3,301.0,113.0,1227.0,21.2,48.4,1.2028
2005-03-26 13:00:00,13,Saturday,2005-03,1.7,1169.0,6.6,232.0,104.0,1040.0,22.3,43.9,1.1695
2005-03-26 14:00:00,14,Saturday,2005-03,1.3,1085.0,5.1,156.0,85.0,820.0,23.7,39.4,1.1366
2005-03-26 15:00:00,15,Saturday,2005-03,1.3,1177.0,7.9,169.0,94.0,1011.0,23.1,41.2,1.1523
2005-03-26 16:00:00,16,Saturday,2005-03,1.6,1207.0,7.7,203.0,99.0,1042.0,25.7,35.7,1.1626
2005-03-26 17:00:00,17,Saturday,2005-03,2.2,1269.0,10.7,260.0,112.0,1136.0,24.3,38.4,1.1503
2005-03-26 18:00:00,18,Saturday,2005-03,2.3,1205.0,10.5,289.0,122.0,1101.0,21.9,45.1,1.1687
2005-03-26 19:00:00,19,Saturday,2005-03,2.2,1218.0,10.9,273.0,119.0,1108.0,19.7,51.8,1.1779
2005-03-26 20:00:00,20,Saturday,2005-03,2.0,1183.0,8.4,263.0,119.0,1078.0,18.7,54.5,1.1644
2005-03-26 21:00:00,21,Saturday,2005-03,2.3,1242.0,10.0,295.0,127.0,1210.0,17.8,58.1,1.1742
2005-03-26 22:00:00,22,Saturday,2005-03,2.2,1263.0,10.3,303.0,126.0,1270.0,17.3,60.8,1.1885
2005-03-26 23:00:00,23,Saturday,2005-03,1.6,1139.0,7.2,209.0,111.0,1119.0,16.5,63.8,1.1873
2005-03-27 00:00:00,0,Sunday,2005-03,1.6,1166.0,6.4,200.0,102.0,1133.0,16.3,65.2,1.1982
2005-03-27 01:00:00,1,Sunday,2005-03,1.3,1079.0,4.3,174.0,93.0,1010.0,16.5,63.8,1.1896
2005-03-27 02:00:00,2,Sunday,2005-03,1.0,1008.0,3.3,115.0,78.0,894.0,16.6,63.0,1.1784
2005-03-27 03:00:00,3,Sunday,2005-03,1.0,1034.0,3.9,122.0,74.0,930.0,16.2,64.3,1.1729
2005-03-27 04:00:00,4,Sunday,2005-03,1.0,1001.0,3.4,105.0,68.0,861.0,15.9,65.1,1.1654
2005-03-27 05:00:00,5,Sunday,2005-03,0.8,977.0,2.3,102.0,68.0,841.0,15.8,65.4,1.1629
2005-03-27 06:00:00,6,Sunday,2005-03,0.7,986.0,2.3,96.0,61.0,851.0,15.8,65.9,1.1792
2005-03-27 07:00:00,7,Sunday,2005-03,1.1,1082.0,4.2,144.0,76.0,960.0,15.6,67.7,1.1911
2005-03-27 08:00:00,8,Sunday,2005-03,1.1,1068.0,3.6,152.0,78.0,926.0,15.2,71.5,1.2228
2005-03-27 09:00:00,9,Sunday,2005-03,1.1,1136.0,4.4,156.0,79.0,901.0,14.5,80.8,1.3224
2005-03-27 10:00:00,10,Sunday,2005-03,1.4,1184.0,4.6,208.0,90.0,915.0,15.2,81.4,1.393
2005-03-27 11:00:00,11,Sunday,2005-03,1.3,1179.0,4.5,174.0,89.0,956.0,15.9,77.3,1.3838
2005-03-27 12:00:00,12,Sunday,2005-03,1.5,1182.0,5.0,206.0,97.0,1019.0,17.5,67.1,1.3342
2005-03-27 13:00:00,13,Sunday,2005-03,1.3,1082.0,3.8,160.0,91.0,842.0,18.1,62.8,1.2916
2005-03-27 14:00:00,14,Sunday,2005-03,0.8,996.0,2.5,91.0,62.0,612.0,18.6,62.1,1.3224
2005-03-27 15:00:00,15,Sunday,2005-03,0.9,1024.0,2.7,106.0,66.0,544.0,16.2,71.9,1.3171
2005-03-27 16:00:00,16,Sunday,2005-03,1.4,1093.0,3.5,199.0,104.0,638.0,15.4,75.2,1.3024
2005-03-27 17:00:00,17,Sunday,2005-03,1.8,1170.0,4.9,299.0,126.0,793.0,14.4,80.8,1.3182
2005-03-27 18:00:00,18,Sunday,2005-03,1.6,1153.0,4.4,272.0,122.0,811.0,13.8,83.5,1.3154
2005-03-27 19:00:00,19,Sunday,2005-03,1.8,1220.0,5.7,285.0,121.0,896.0,13.9,83.6,1.3208
2005-03-27 20:00:00,20,Sunday,2005-03,2.1,1218.0,6.3,307.0,126.0,978.0,14.2,82.3,1.3219
2005-03-27 21:00:00,21,Sunday,2005-03,1.9,1172.0,6.0,237.0,115.0,964.0,14.1,81.4,1.3046
2005-03-27 22:00:00,22,Sunday,2005-03,1.7,1182.0,6.0,244.0,116.0,993.0,14.4,79.0,1.2917
2005-03-27 23:00:00,23,Sunday,2005-03,1.9,1160.0,5.6,284.0,120.0,966.0,14.6,77.7,1.2834
2005-03-28 00:00:00,0,Monday,2005-03,1.6,1106.0,4.3,221.0,111.0,885.0,14.4,78.6,1.2839
2005-03-28 01:00:00,1,Monday,2005-03,1.2,1031.0,3.0,173.0,101.0,775.0,14.4,78.0,1.2741
2005-03-28 02:00:00,2,Monday,2005-03,1.0,1015.0,2.8,144.0,92.0,738.0,14.1,79.1,1.2665
2005-03-28 03:00:00,3,Monday,2005-03,1.0,1003.0,2.7,117.0,78.0,711.0,13.7,80.6,1.2528
2005-03-28 04:00:00,4,Monday,2005-03,0.8,951.0,2.0,89.0,63.0,624.0,13.9,79.6,1.2616
2005-03-28 05:00:00,5,Monday,2005-03,0.6,938.0,1.9,97.0,63.0,585.0,13.8,79.0,1.2425
2005-03-28 06:00:00,6,Monday,2005-03,0.6,933.0,1.9,95.0,63.0,646.0,13.9,78.0,1.2346
2005-03-28 07:00:00,7,Monday,2005-03,1.0,1010.0,3.1,166.0,84.0,809.0,14.1,77.8,1.2445
2005-03-28 08:00:00,8,Monday,2005-03,1.0,1025.0,3.4,160.0,89.0,828.0,15.0,73.2,1.2413
2005-03-28 09:00:00,9,Monday,2005-03,1.3,1086.0,4.9,176.0,101.0,894.0,16.4,67.3,1.2451
2005-03-28 10:00:00,10,Monday,2005-03,1.5,1111.0,5.2,216.0,115.0,915.0,17.8,61.7,1.2436
2005-03-28 11:00:00,11,Monday,2005-03,1.6,1129.0,5.5,220.0,111.0,920.0,20.8,50.4,1.2213
2005-03-28 12:00:00,12,Monday,2005-03,1.4,1097.0,4.2,183.0,96.0,807.0,21.6,46.8,1.1959
2005-03-28 13:00:00,13,Monday,2005-03,1.4,1029.0,3.3,154.0,87.0,678.0,23.1,41.3,1.1506
2005-03-28 14:00:00,14,Monday,2005-03,1.2,1071.0,4.8,132.0,81.0,668.0,23.6,39.4,1.132
2005-03-28 15:00:00,15,Monday,2005-03,1.3,1053.0,4.2,140.0,85.0,617.0,25.1,34.0,1.068
2005-03-28 16:00:00,16,Monday,2005-03,1.4,1055.0,3.7,186.0,98.0,598.0,24.7,35.6,1.0882
2005-03-28 17:00:00,17,Monday,2005-03,1.6,1176.0,6.2,213.0,109.0,778.0,24.2,38.1,1.1357
2005-03-28 18:00:00,18,Monday,2005-03,2.8,1293.0,9.7,376.0,150.0,1062.0,22.7,42.4,1.154
2005-03-28 19:00:00,19,Monday,2005-03,3.7,1307.0,12.4,508.0,175.0,1224.0,19.6,47.8,1.0781
2005-03-28 20:00:00,20,Monday,2005-03,2.9,1163.0,9.4,388.0,157.0,1118.0,17.6,54.4,1.0839
2005-03-28 21:00:00,21,Monday,2005-03,1.8,1103.0,7.1,250.0,130.0,964.0,16.2,60.6,1.1089
2005-03-28 22:00:00,22,Monday,2005-03,1.6,1120.0,6.1,232.0,120.0,1050.0,15.2,65.8,1.1288
2005-03-28 23:00:00,23,Monday,2005-03,1.7,1107.0,6.0,229.0,114.0,1016.0,14.5,68.9,1.1298
2005-03-29 00:00:00,0,Tuesday,2005-03,1.5,1078.0,5.0,184.0,100.0,998.0,14.3,68.5,1.1122
2005-03-29 01:00:00,1,Tuesday,2005-03,1.0,963.0,2.9,117.0,83.0,846.0,14.7,66.4,1.1006
2005-03-29 02:00:00,2,Tuesday,2005-03,0.8,923.0,2.2,103.0,72.0,762.0,13.4,70.4,1.0793
2005-03-29 03:00:00,3,Tuesday,2005-03,0.5,853.0,1.0,66.0,51.0,592.0,14.2,65.1,1.0495
2005-03-29 04:00:00,4,Tuesday,2005-03,,883.0,1.3,63.0,46.0,617.0,13.7,68.2,1.0611
2005-03-29 05:00:00,5,Tuesday,2005-03,0.5,921.0,1.9,95.0,58.0,672.0,13.7,67.8,1.0575
2005-03-29 06:00:00,6,Tuesday,2005-03,1.0,1031.0,4.7,188.0,86.0,890.0,12.9,71.8,1.0657
2005-03-29 07:00:00,7,Tuesday,2005-03,3.0,1371.0,16.0,527.0,122.0,1354.0,13.2,69.9,1.0543
2005-03-29 08:00:00,8,Tuesday,2005-03,5.1,1519.0,26.3,623.0,140.0,1648.0,14.4,65.8,1.0727
2005-03-29 09:00:00,9,Tuesday,2005-03,4.3,1409.0,18.8,606.0,146.0,1566.0,15.3,63.3,1.092
2005-03-29 10:00:00,10,Tuesday,2005-03,3.3,1303.0,14.4,460.0,152.0,1541.0,17.7,55.6,1.112
2005-03-29 11:00:00,11,Tuesday,2005-03,2.4,1184.0,10.0,346.0,147.0,1226.0,19.6,49.4,1.1176
2005-03-29 12:00:00,12,Tuesday,2005-03,2.4,1202.0,12.1,296.0,134.0,1126.0,18.1,58.3,1.2013
2005-03-29 13:00:00,13,Tuesday,2005-03,2.5,1197.0,11.7,321.0,136.0,1147.0,18.0,57.9,1.1826
2005-03-29 14:00:00,14,Tuesday,2005-03,2.3,1234.0,12.0,312.0,142.0,1190.0,18.6,55.0,1.1696
2005-03-29 15:00:00,15,Tuesday,2005-03,2.7,1247.0,12.3,355.0,153.0,1212.0,18.3,57.9,1.2047
2005-03-29 16:00:00,16,Tuesday,2005-03,2.7,1234.0,12.3,349.0,153.0,1251.0,18.3,54.8,1.1403
2005-03-29 17:00:00,17,Tuesday,2005-03,3.3,1339.0,16.7,385.0,155.0,1404.0,18.3,53.9,1.1252
2005-03-29 18:00:00,18,Tuesday,2005-03,3.9,1331.0,15.3,456.0,181.0,1419.0,18.5,54.6,1.1515
2005-03-29 19:00:00,19,Tuesday,2005-03,2.6,1251.0,13.4,306.0,151.0,1328.0,17.1,61.5,1.191
2005-03-29 20:00:00,20,Tuesday,2005-03,3.2,1267.0,13.5,402.0,159.0,1378.0,16.4,62.5,1.1531
2005-03-29 21:00:00,21,Tuesday,2005-03,2.3,1145.0,9.0,340.0,151.0,1159.0,15.2,64.2,1.0983
2005-03-29 22:00:00,22,Tuesday,2005-03,1.4,1010.0,4.8,206.0,127.0,932.0,14.6,67.3,1.1102
2005-03-29 23:00:00,23,Tuesday,2005-03,1.1,1025.0,5.0,158.0,107.0,942.0,13.5,70.8,1.0928
2005-03-30 00:00:00,0,Wednesday,2005-03,1.2,1024.0,4.9,178.0,101.0,944.0,13.0,71.9,1.0697
2005-03-30 01:00:00,1,Wednesday,2005-03,0.9,938.0,3.4,118.0,80.0,798.0,13.0,70.2,1.0457
2005-03-30 02:00:00,2,Wednesday,2005-03,0.7,905.0,2.4,95.0,68.0,776.0,11.6,74.9,1.0224
2005-03-30 03:00:00,3,Wednesday,2005-03,0.5,826.0,1.1,84.0,61.0,636.0,12.5,67.4,0.9722
2005-03-30 04:00:00,4,Wednesday,2005-03,0.4,879.0,1.4,82.0,56.0,678.0,11.5,71.5,0.9684
2005-03-30 05:00:00,5,Wednesday,2005-03,0.5,901.0,2.1,122.0,70.0,754.0,10.2,77.9,0.9692
2005-03-30 06:00:00,6,Wednesday,2005-03,0.8,948.0,3.8,146.0,78.0,818.0,11.0,73.1,0.9554
2005-03-30 07:00:00,7,Wednesday,2005-03,2.3,1250.0,12.6,397.0,106.0,1202.0,10.7,73.6,0.9439
2005-03-30 08:00:00,8,Wednesday,2005-03,2.9,1263.0,14.7,371.0,117.0,1296.0,12.1,67.3,0.9499
2005-03-30 09:00:00,9,Wednesday,2005-03,3.1,1319.0,15.5,454.0,144.0,1418.0,15.1,58.6,0.9982
2005-03-30 10:00:00,10,Wednesday,2005-03,2.7,1202.0,12.1,433.0,158.0,1293.0,18.6,49.5,1.052
2005-03-30 11:00:00,11,Wednesday,2005-03,1.8,1109.0,7.9,287.0,137.0,1027.0,20.9,42.5,1.037
2005-03-30 12:00:00,12,Wednesday,2005-03,1.9,1136.0,9.6,265.0,130.0,1052.0,23.6,34.8,0.9986
2005-03-30 13:00:00,13,Wednesday,2005-03,1.8,1082.0,8.3,225.0,125.0,875.0,25.6,28.5,0.9199
2005-03-30 14:00:00,14,Wednesday,2005-03,1.8,1070.0,9.2,210.0,124.0,815.0,26.1,26.3,0.875
2005-03-30 15:00:00,15,Wednesday,2005-03,1.8,1070.0,8.4,215.0,125.0,760.0,26.6,24.9,0.8525
2005-03-30 16:00:00,16,Wednesday,2005-03,1.7,1123.0,9.2,227.0,135.0,856.0,25.1,28.5,0.8932
2005-03-30 17:00:00,17,Wednesday,2005-03,3.2,1271.0,16.1,403.0,179.0,1258.0,24.1,32.1,0.9504
2005-03-30 18:00:00,18,Wednesday,2005-03,3.4,1304.0,17.1,444.0,183.0,1383.0,21.5,39.1,0.9914
2005-03-30 19:00:00,19,Wednesday,2005-03,4.2,1360.0,19.9,475.0,193.0,1518.0,19.3,46.2,1.023
2005-03-30 20:00:00,20,Wednesday,2005-03,3.5,1278.0,14.9,438.0,185.0,1890.0,18.2,52.6,1.0911
2005-03-30 21:00:00,21,Wednesday,2005-03,2.0,1130.0,8.8,254.0,147.0,1389.0,16.8,58.2,1.1022
2005-03-30 22:00:00,22,Wednesday,2005-03,1.4,1066.0,5.8,172.0,117.0,1090.0,16.0,61.9,1.115
2005-03-30 23:00:00,23,Wednesday,2005-03,1.5,1090.0,6.6,174.0,112.0,1092.0,15.3,65.4,1.126
2005-03-31 00:00:00,0,Thursday,2005-03,1.2,1013.0,4.8,146.0,101.0,954.0,14.5,67.8,1.1171
2005-03-31 01:00:00,1,Thursday,2005-03,1.1,998.0,4.1,134.0,93.0,951.0,14.2,68.6,1.1068
2005-03-31 02:00:00,2,Thursday,2005-03,0.7,923.0,2.5,83.0,64.0,790.0,13.9,68.7,1.0892
2005-03-31 03:00:00,3,Thursday,2005-03,0.6,904.0,1.7,81.0,61.0,752.0,13.1,72.5,1.0911
2005-03-31 04:00:00,4,Thursday,2005-03,0.5,884.0,1.6,73.0,54.0,708.0,12.9,72.7,1.076
2005-03-31 05:00:00,5,Thursday,2005-03,0.6,936.0,2.6,104.0,64.0,782.0,12.3,74.2,1.0583
2005-03-31 06:00:00,6,Thursday,2005-03,0.9,1068.0,6.1,191.0,80.0,1011.0,12.6,71.5,1.038
2005-03-31 07:00:00,7,Thursday,2005-03,4.0,1531.0,23.6,673.0,133.0,1683.0,12.7,69.6,1.0206
2005-03-31 08:00:00,8,Thursday,2005-03,4.1,1184.0,10.9,547.0,170.0,1341.0,16.8,51.6,0.9818
2005-03-31 09:00:00,9,Thursday,2005-03,1.9,1064.0,6.8,275.0,139.0,1014.0,20.3,40.1,0.9439
2005-03-31 10:00:00,10,Thursday,2005-03,1.3,996.0,4.9,200.0,124.0,751.0,21.0,37.3,0.9139
2005-03-31 11:00:00,11,Thursday,2005-03,1.2,984.0,4.2,185.0,118.0,630.0,21.0,36.9,0.9089
2005-03-31 12:00:00,12,Thursday,2005-03,1.2,980.0,4.3,164.0,108.0,565.0,22.8,33.0,0.904
2005-03-31 13:00:00,13,Thursday,2005-03,1.2,970.0,4.0,150.0,100.0,535.0,24.0,30.3,0.8925
2005-03-31 14:00:00,14,Thursday,2005-03,0.9,940.0,3.1,134.0,91.0,471.0,22.6,33.2,0.9007
2005-03-31 15:00:00,15,Thursday,2005-03,1.0,963.0,3.7,128.0,89.0,512.0,22.5,32.9,0.8846
2005-03-31 16:00:00,16,Thursday,2005-03,1.1,961.0,3.8,150.0,102.0,527.0,21.5,33.8,0.8575
2005-03-31 17:00:00,17,Thursday,2005-03,1.5,1067.0,6.5,171.0,114.0,690.0,21.4,36.4,0.9172
2005-03-31 18:00:00,18,Thursday,2005-03,2.1,1084.0,7.2,204.0,124.0,778.0,20.0,38.9,0.8974
2005-03-31 19:00:00,19,Thursday,2005-03,2.1,1102.0,8.3,215.0,136.0,872.0,17.8,45.2,0.9123
2005-03-31 20:00:00,20,Thursday,2005-03,1.5,976.0,4.4,156.0,118.0,622.0,16.3,47.3,0.8686
2005-03-31 21:00:00,21,Thursday,2005-03,1.0,895.0,2.3,114.0,93.0,512.0,16.3,44.8,0.8244
2005-03-31 22:00:00,22,Thursday,2005-03,0.8,886.0,1.8,81.0,72.0,438.0,15.6,47.1,0.8273
2005-03-31 23:00:00,23,Thursday,2005-03,0.8,886.0,2.1,83.0,69.0,443.0,15.1,47.6,0.8139
2005-04-01 00:00:00,0,Friday,2005-04,0.7,848.0,1.5,69.0,61.0,392.0,15.1,44.5,0.7569
2005-04-01 01:00:00,1,Friday,2005-04,0.6,818.0,1.0,53.0,50.0,347.0,14.6,43.0,0.7108
2005-04-01 02:00:00,2,Friday,2005-04,0.5,848.0,1.1,36.0,35.0,341.0,14.5,43.7,0.7163
2005-04-01 03:00:00,3,Friday,2005-04,0.5,826.0,0.9,30.0,29.0,322.0,13.6,46.7,0.7245
2005-04-01 04:00:00,4,Friday,2005-04,,818.0,0.8,47.0,41.0,323.0,13.7,48.8,0.7606
2005-04-01 05:00:00,5,Friday,2005-04,0.5,868.0,1.4,88.0,66.0,395.0,13.5,50.6,0.7783
2005-04-01 06:00:00,6,Friday,2005-04,0.6,901.0,2.0,135.0,89.0,510.0,13.7,47.4,0.7412
2005-04-01 07:00:00,7,Friday,2005-04,1.5,1044.0,6.7,280.0,150.0,909.0,13.7,45.9,0.7154
2005-04-01 08:00:00,8,Friday,2005-04,1.9,1030.0,6.3,313.0,150.0,869.0,16.1,41.0,0.7435
2005-04-01 09:00:00,9,Friday,2005-04,1.3,965.0,4.3,205.0,127.0,652.0,16.1,41.5,0.7559
2005-04-01 10:00:00,10,Friday,2005-04,1.0,948.0,3.5,180.0,120.0,599.0,16.5,40.8,0.757
2005-04-01 11:00:00,11,Friday,2005-04,1.0,939.0,3.6,197.0,123.0,550.0,18.9,33.8,0.7312
2005-04-01 12:00:00,12,Friday,2005-04,1.1,925.0,4.0,172.0,115.0,518.0,19.2,29.5,0.648
2005-04-01 13:00:00,13,Friday,2005-04,1.3,924.0,4.5,184.0,122.0,541.0,19.9,26.3,0.6054
2005-04-01 14:00:00,14,Friday,2005-04,1.0,891.0,3.3,160.0,111.0,456.0,19.2,27.0,0.5934
2005-04-01 15:00:00,15,Friday,2005-04,1.1,897.0,3.6,176.0,119.0,467.0,19.4,25.3,0.5625
2005-04-01 16:00:00,16,Friday,2005-04,1.4,939.0,4.3,219.0,137.0,508.0,18.9,26.2,0.5667
2005-04-01 17:00:00,17,Friday,2005-04,1.5,943.0,5.1,222.0,147.0,583.0,19.3,24.7,0.5483
2005-04-01 18:00:00,18,Friday,2005-04,1.6,928.0,5.5,231.0,154.0,609.0,17.1,25.3,0.4881
2005-04-01 19:00:00,19,Friday,2005-04,2.2,961.0,7.4,248.0,160.0,757.0,15.6,26.2,0.4604
2005-04-01 20:00:00,20,Friday,2005-04,1.4,867.0,3.7,183.0,134.0,539.0,13.8,30.6,0.479
2005-04-01 21:00:00,21,Friday,2005-04,0.9,823.0,1.9,144.0,110.0,420.0,13.1,31.7,0.4756
2005-04-01 22:00:00,22,Friday,2005-04,0.8,835.0,2.1,132.0,99.0,408.0,13.2,31.8,0.4798
2005-04-01 23:00:00,23,Friday,2005-04,1.1,893.0,3.4,180.0,127.0,560.0,13.6,30.8,0.4779
2005-04-02 00:00:00,0,Saturday,2005-04,1.5,965.0,5.8,280.0,174.0,889.0,13.1,32.0,0.4817
2005-04-02 01:00:00,1,Saturday,2005-04,1.1,838.0,1.9,167.0,127.0,516.0,12.7,33.6,0.4902
2005-04-02 02:00:00,2,Saturday,2005-04,0.6,835.0,1.5,102.0,81.0,391.0,12.2,35.6,0.5038
2005-04-02 03:00:00,3,Saturday,2005-04,0.5,820.0,1.4,92.0,70.0,374.0,11.9,35.6,0.4945
2005-04-02 04:00:00,4,Saturday,2005-04,0.4,815.0,0.9,63.0,49.0,326.0,11.2,38.3,0.5099
2005-04-02 05:00:00,5,Saturday,2005-04,0.4,842.0,1.4,59.0,44.0,352.0,11.0,40.5,0.5316
2005-04-02 06:00:00,6,Saturday,2005-04,0.6,884.0,2.0,163.0,107.0,566.0,10.7,42.8,0.5489
2005-04-02 07:00:00,7,Saturday,2005-04,0.9,922.0,3.1,227.0,141.0,706.0,11.1,43.3,0.572
2005-04-02 08:00:00,8,Saturday,2005-04,0.9,903.0,2.5,183.0,121.0,575.0,14.2,36.9,0.5939
2005-04-02 09:00:00,9,Saturday,2005-04,0.8,899.0,2.7,145.0,103.0,505.0,15.6,33.3,0.5861
2005-04-02 10:00:00,10,Saturday,2005-04,1.0,890.0,2.7,150.0,102.0,471.0,16.3,30.0,0.5514
2005-04-02 11:00:00,11,Saturday,2005-04,0.8,877.0,2.7,138.0,95.0,421.0,17.0,26.1,0.5036
2005-04-02 12:00:00,12,Saturday,2005-04,0.8,867.0,2.4,134.0,93.0,389.0,19.3,22.3,0.495
2005-04-02 13:00:00,13,Saturday,2005-04,1.0,892.0,2.4,137.0,95.0,408.0,20.5,21.9,0.5215
2005-04-02 14:00:00,14,Saturday,2005-04,0.8,889.0,2.3,112.0,80.0,382.0,22.0,20.2,0.5274
2005-04-02 15:00:00,15,Saturday,2005-04,0.8,900.0,2.5,112.0,81.0,387.0,21.7,20.9,0.5367
2005-04-02 16:00:00,16,Saturday,2005-04,0.9,910.0,2.9,149.0,106.0,428.0,21.6,20.8,0.5292
2005-04-02 17:00:00,17,Saturday,2005-04,1.1,947.0,3.5,159.0,113.0,488.0,21.0,22.3,0.5468
2005-04-02 18:00:00,18,Saturday,2005-04,1.1,947.0,4.0,161.0,117.0,556.0,18.6,26.6,0.5631
2005-04-02 19:00:00,19,Saturday,2005-04,1.2,936.0,3.5,171.0,124.0,568.0,15.5,33.9,0.5957
2005-04-02 20:00:00,20,Saturday,2005-04,1.1,925.0,2.9,167.0,122.0,546.0,14.3,38.0,0.6162
2005-04-02 21:00:00,21,Saturday,2005-04,0.8,885.0,1.8,116.0,87.0,428.0,13.5,39.4,0.6089
2005-04-02 22:00:00,22,Saturday,2005-04,0.7,891.0,1.8,105.0,79.0,418.0,13.1,41.3,0.6184
2005-04-02 23:00:00,23,Saturday,2005-04,0.7,904.0,2.1,125.0,93.0,472.0,13.5,37.8,0.5815
2005-04-03 00:00:00,0,Sunday,2005-04,0.8,929.0,2.5,140.0,102.0,544.0,13.5,37.4,0.5745
2005-04-03 01:00:00,1,Sunday,2005-04,0.8,951.0,2.8,109.0,86.0,666.0,12.7,40.8,0.5977
2005-04-03 02:00:00,2,Sunday,2005-04,0.7,938.0,2.7,99.0,77.0,679.0,12.0,44.2,0.6177
2005-04-03 03:00:00,3,Sunday,2005-04,0.8,921.0,2.8,120.0,88.0,768.0,10.5,48.7,0.6164
2005-04-03 04:00:00,4,Sunday,2005-04,0.5,850.0,2.0,83.0,64.0,589.0,10.1,49.7,0.6122
2005-04-03 05:00:00,5,Sunday,2005-04,0.3,811.0,1.0,60.0,46.0,470.0,9.6,51.0,0.6082
2005-04-03 06:00:00,6,Sunday,2005-04,0.4,848.0,1.3,75.0,55.0,523.0,9.1,52.4,0.6074
2005-04-03 07:00:00,7,Sunday,2005-04,0.6,882.0,1.7,127.0,84.0,660.0,8.9,52.7,0.6034
2005-04-03 08:00:00,8,Sunday,2005-04,0.7,936.0,2.4,134.0,89.0,741.0,13.5,40.0,0.6168
2005-04-03 09:00:00,9,Sunday,2005-04,1.2,1022.0,4.1,192.0,118.0,831.0,17.8,30.7,0.6205
2005-04-03 10:00:00,10,Sunday,2005-04,1.4,970.0,3.4,166.0,113.0,613.0,21.1,23.7,0.5875
2005-04-03 11:00:00,11,Sunday,2005-04,1.3,1000.0,5.3,171.0,115.0,640.0,24.0,19.3,0.5673
2005-04-03 12:00:00,12,Sunday,2005-04,1.4,996.0,5.3,177.0,124.0,631.0,26.5,16.4,0.5594
2005-04-03 13:00:00,13,Sunday,2005-04,1.0,928.0,3.8,119.0,86.0,456.0,28.7,13.7,0.5302
2005-04-03 14:00:00,14,Sunday,2005-04,1.0,933.0,4.2,121.0,87.0,450.0,28.5,13.1,0.5002
2005-04-03 15:00:00,15,Sunday,2005-04,1.1,956.0,5.4,142.0,100.0,516.0,30.0,11.1,0.4624
2005-04-03 16:00:00,16,Sunday,2005-04,1.3,968.0,6.3,197.0,132.0,548.0,29.4,10.4,0.4192
2005-04-03 17:00:00,17,Sunday,2005-04,1.4,953.0,6.1,242.0,156.0,603.0,28.9,9.9,0.3866
2005-04-03 18:00:00,18,Sunday,2005-04,1.2,1015.0,4.6,190.0,138.0,597.0,22.8,21.7,0.5945
2005-04-03 19:00:00,19,Sunday,2005-04,2.7,1248.0,11.1,367.0,181.0,1167.0,19.9,33.0,0.7608
2005-04-03 20:00:00,20,Sunday,2005-04,2.5,1180.0,7.9,355.0,187.0,1372.0,17.5,40.7,0.8073
2005-04-03 21:00:00,21,Sunday,2005-04,1.5,1102.0,6.0,235.0,158.0,1042.0,16.4,46.6,0.8642
2005-04-03 22:00:00,22,Sunday,2005-04,1.6,1116.0,5.8,233.0,153.0,1055.0,15.5,49.0,0.8579
2005-04-03 23:00:00,23,Sunday,2005-04,1.2,1100.0,5.1,170.0,128.0,1049.0,14.3,52.5,0.8497
2005-04-04 00:00:00,0,Monday,2005-04,0.9,1012.0,3.5,117.0,93.0,816.0,14.2,51.4,0.8275
2005-04-04 01:00:00,1,Monday,2005-04,0.6,944.0,1.9,70.0,58.0,598.0,13.8,51.2,0.8058
2005-04-04 02:00:00,2,Monday,2005-04,0.5,912.0,1.5,69.0,55.0,573.0,12.1,56.3,0.7927
2005-04-04 03:00:00,3,Monday,2005-04,0.4,887.0,1.1,62.0,51.0,549.0,11.3,58.9,0.7888
2005-04-04 04:00:00,4,Monday,2005-04,,864.0,0.8,52.0,43.0,489.0,11.8,56.0,0.7743
2005-04-04 05:00:00,5,Monday,2005-04,0.5,888.0,1.3,77.0,53.0,578.0,10.4,59.9,0.755
2005-04-04 06:00:00,6,Monday,2005-04,1.1,1031.0,4.4,182.0,93.0,905.0,9.5,63.1,0.7531
2005-04-04 07:00:00,7,Monday,2005-04,4.0,1384.0,17.4,594.0,155.0,1457.0,9.7,61.9,0.7446
2005-04-04 08:00:00,8,Monday,2005-04,5.0,1446.0,22.4,586.0,174.0,1705.0,13.5,48.9,0.7553
2005-04-04 09:00:00,9,Monday,2005-04,3.9,1297.0,13.6,523.0,187.0,1583.0,18.2,36.3,0.7487
2005-04-04 10:00:00,10,Monday,2005-04,3.1,1314.0,13.5,472.0,190.0,1729.0,21.9,29.3,0.7568
2005-04-04 11:00:00,11,Monday,2005-04,2.4,1163.0,11.4,353.0,179.0,1269.0,24.3,23.7,0.7119
2005-04-04 12:00:00,12,Monday,2005-04,2.4,1142.0,12.4,293.0,175.0,1092.0,26.9,18.3,0.6406
2005-04-04 13:00:00,13,Monday,2005-04,2.1,1003.0,9.5,235.0,156.0,770.0,28.3,13.5,0.5139
2005-04-04 14:00:00,14,Monday,2005-04,2.2,1071.0,11.9,265.0,168.0,816.0,28.5,13.1,0.5028
